speed,speed_diff,imu_var,battery_drop,unstable_battery,wind_spike,unstable_wind,gps_anomaly,unstable_flight
0.0,247.1787665126852,0.0335071910195888,0.0,0,0.0,0,0,0
247.1787665126852,247.1787665126852,0.0335071910195888,11.163733758297724,0,-1.480866689577485,0,1,0
171.60107585213825,75.57769066054692,0.0335071910195888,-33.433759977385265,1,14.400731615450724,1,1,1
122.70138968798553,48.899686164152726,0.0335071910195888,-13.92009149644747,1,-9.454139213613,0,1,1
274.03250477863986,151.33111509065435,0.0335071910195888,2.3734274145643117,0,12.319483602879208,1,1,1
300.03785616936983,26.00535139072997,0.0335071910195888,30.24813472071458,0,-6.836551454237632,0,1,0
145.9392749213063,154.09858124806354,0.0335071910195888,-10.351217949831806,1,-1.1465945940945712,0,1,1
27.82550110705649,118.1137738142498,0.0335071910195888,-6.485112241139127,0,5.885956490185622,1,1,1
307.857694688649,280.03219358159254,0.0335071910195888,-22.69760417608665,1,-0.6344553782577744,0,1,1
170.926558812856,136.93113587579302,0.0310342043692189,53.814528697818346,0,-0.7363894232372044,0,1,0
207.90519455969596,36.97863574683993,0.039280919597452,-7.55481919931978,0,-0.2875115277887587,0,1,0
273.2938805441452,65.3886859844493,0.0434444749354316,-51.23054766145412,1,-3.4900991764471048,0,1,1
206.40617320222643,66.8877073419188,0.0346479215604419,18.13998822903256,0,8.221590775946149,1,1,1
80.74044167699924,125.6657315252272,0.0417638025476495,13.97949112294038,0,-0.7166825249624793,0,1,0
254.1511543830645,173.41071270606523,0.0414569770395267,-7.023477669388747,0,-11.22472936533802,0,1,0
273.4084540410519,19.25729965798743,0.0372424881967377,-4.5234227227034935,0,9.505791956002277,1,1,1
326.5180416568088,53.10958761575688,0.0340930812797345,25.68288470582328,0,1.7282794930390857,0,1,0
130.9617264296,195.5563152272088,0.0338612371143009,-53.14627146581535,1,-5.457070855736943,0,1,1
217.3323049614659,86.3705785318659,0.0311108545823566,33.35254679104836,0,-1.2535155683514478,0,1,0
286.4462519501798,69.11394698871393,0.0306877882989741,-16.73829189890725,1,2.326151097730458,0,1,1
206.52849803814485,79.91775391203498,0.0329922514596305,-14.20506441238739,1,-10.176521802318623,0,1,1
387.8545919337985,181.32609389565368,0.0286757704377518,30.42150182145652,0,-1.5143396253855257,0,1,0
221.4352738523068,166.41931808149175,0.0298469675034004,-23.48147735459174,1,14.656131975153682,1,1,1
178.50831911316962,42.92695473913716,0.0222162647511543,6.94844726557119,0,-4.936480957233727,0,1,0
83.77905704418848,94.72926206898114,0.0290061824738748,19.90275580958938,0,-9.01649473540325,0,1,0
250.13324435220025,166.35418730801177,0.0262131851129102,37.33602003381965,0,5.876330736192066,1,1,1
232.97457210864945,17.158672243550797,0.028885064884143,-23.156317850341253,1,-2.361673113892661,0,1,1
50.36293502670875,182.6116370819407,0.0244197218582492,-32.37065669173849,1,11.544871655508956,1,1,1
165.95348497018864,115.59054994347989,0.0355565828204219,8.222740353484141,0,-7.3651554615936305,0,1,0
347.5292828043403,181.57579783415167,0.0360583953522882,1.8981679796480575,0,1.40584729914481,0,1,0
45.83880088491934,301.69048191942096,0.0348157717893234,-20.199642318128006,1,-6.844442823498078,0,1,1
60.94615816328838,15.107357278369044,0.0326647082570137,0.5613252412242886,0,11.275462853260036,1,1,1
193.10899441784616,132.1628362545578,0.0377994564385669,-0.9807572297853008,0,2.6207548001057024,0,1,0
162.16998532549746,30.939009092348694,0.0329646203503896,29.86155313996419,0,-2.752138777963074,0,1,0
201.80083747666467,39.6308521511672,0.0402462780011326,12.201755920223311,0,-5.992704110013724,0,1,0
43.55661163276232,158.24422584390234,0.0335819773464994,-6.677232170310532,0,6.844595771321544,1,1,1
191.3055153199592,147.74890368719684,0.0315192766930032,30.963720067401752,0,-12.94260121202908,0,1,0
233.813500342316,42.50798502235679,0.0302183309802835,-68.15140905565573,1,-1.4909042224696156,0,1,1
27.335395108973493,206.4781052333425,0.0297232768862709,68.84798672360824,0,6.496109205014228,1,1,1
143.83628663415982,116.50089152518632,0.0351502436475865,-41.58403779318903,1,-5.133693064220662,0,1,1
263.7431440401046,119.90685740594478,0.0361282545165095,-19.843291688860347,1,1.5525217807142666,0,1,1
191.4744315577538,72.2687124823508,0.0320503616861242,57.97184305828954,0,6.519124051338901,1,1,1
50.26342424538663,141.21100731236717,0.0319439733388848,-37.97340126889315,1,-3.6242728979504655,0,1,1
275.7084273476606,225.44500310227397,0.0353134284394615,-9.701308394725778,0,9.239503316533971,1,1,1
406.1748656945576,130.46643834689706,0.0370309200079387,-10.682948111405103,1,-12.80531868270626,0,1,1
197.6964896695601,208.4783760249976,0.0289983997774347,4.325227783827643,0,15.423567069818503,1,1,1
95.98902685027008,101.70746281929,0.0311876232780155,56.907524728913394,0,-12.747945660793176,0,1,0
46.47171997624022,49.517306874029856,0.0295075164519099,-54.01968562579562,1,3.120188694656912,0,1,1
380.4288322751753,333.95711229893504,0.0288449409981091,53.90659870838645,0,-7.661414817010478,0,1,0
418.71668579821846,38.28785352304317,0.0289826120745987,-51.80727497180144,1,8.939338058748485,1,1,1
253.1195068955408,165.59717890267768,0.037307261224095,-7.903721681882011,0,7.639717633775112,1,1,1
134.64328717855958,118.4762197169812,0.0393954709398148,-3.844342614937169,0,-4.237742331157683,0,1,0
155.35280475654207,20.709517577982496,0.0360100282489213,18.27922578977197,0,-10.106864354549865,0,1,0
130.43168515844152,24.921119598100542,0.033862618762546,-14.00384453911758,1,3.9711430136908903,0,1,1
184.9723791474613,54.540693989019815,0.0302716747820112,36.81052122336207,0,-0.3435679361003068,0,1,0
160.17573486537148,24.796644282089854,0.0326828977770744,-36.57329827704598,1,-6.54971092873075,0,1,1
101.40985650902712,58.76587835634436,0.0312958564217692,47.65000877071125,0,15.75804826170312,1,1,1
237.105998331234,135.69614182220687,0.0284051913940444,-0.1108469207761686,0,-10.087882614052925,0,1,0
141.3851932867114,95.7208050445226,0.0261308208342128,-43.87879075520807,1,2.256071222581496,0,1,1
152.30734097732875,10.92214769061735,0.0257555177886713,37.44110051510109,0,-4.060236724550522,0,1,0
95.5299864905638,56.77735448676496,0.0287053924185755,8.320459639409876,0,-2.777042961776621,0,1,0
45.44524524877622,50.08474124178757,0.042712274562315,-21.39304256338454,1,14.994299859674726,1,1,1
276.91602417184004,231.47077892306385,0.0416068506790993,-17.904034645847332,1,-17.29426284222746,0,1,1
343.0592876439441,66.14326347210408,0.0453409027998563,5.970782067889942,0,7.249640473120598,1,1,1
139.90070906848058,203.15857857546357,0.047110627315255,27.620934265768213,0,6.6163185126170365,1,1,1
187.49870342385216,47.59799435537158,0.0513030044154023,-39.43291208303741,1,-8.436750174922327,0,1,1
279.79990725896715,92.301203835115,0.0475126525122651,3.291589630350387,0,2.7434137752275944,0,1,0
175.33167602994072,104.46823122902644,0.0477527899283549,-13.894239849467468,1,2.3689728814373883,0,1,1
273.9647867792642,98.63311074932348,0.0421025462322148,19.06144534041216,0,8.612087224033843,1,1,1
236.5103633328959,37.45442344636831,0.0357770955522841,-25.00298166108133,1,-4.73560548869882,0,1,1
159.71243340265713,76.79792993023878,0.0463113754046208,18.76154469917004,0,4.1762807191184805,0,1,0
240.77071716896552,81.05828376630839,0.0461069148770697,4.195595196699642,0,-5.479397995348595,0,1,0
149.00365832434036,91.76705884462515,0.0436057162638923,-9.440019881897989,0,-8.481851717937822,0,1,0
82.30728842183302,66.69636990250734,0.0427499670668095,-12.329681063131524,1,0.368718418951186,0,1,1
101.44533865345105,19.138050231618024,0.0464939980429117,33.62472987412536,0,10.699509886544307,1,1,1
67.27126026585721,34.17407838759384,0.0493769127510408,27.47311417551326,0,-7.895016243411383,0,1,0
172.62338026466998,105.35211999881275,0.0574939961622407,-42.35491391640003,1,-1.1497859558680856,0,1,1
117.6934053120448,54.92997495262519,0.0571232257612215,-7.907453950426543,0,11.497396659393347,1,1,1
40.42630275333383,77.26710255871096,0.0543005398877474,3.8589317016291886,0,-18.63721719804373,0,1,0
203.1849332353239,162.75863048199008,0.0519410570988471,46.14791708909866,0,10.234674374622204,1,1,1
261.1144495934729,57.92951635814904,0.0452689270820491,-26.72636733571514,1,5.002195441719147,1,1,1
155.73042596604196,105.384023627431,0.0556143431289466,-31.761379066961823,1,-0.7781528221070495,0,1,1
416.4350964341589,260.7046704681169,0.0512550440007866,46.27450382277502,0,-7.371892580889704,0,1,0
428.6505135178905,12.215417083731609,0.0490963347811418,-44.38821726576104,1,3.361478493976631,0,1,1
256.177191963731,172.4733215541595,0.0495610112284096,-7.529962423297029,0,-10.601420342978775,0,1,0
108.22885636462522,147.94833559910575,0.0475501683123609,15.635237884454456,0,10.58505950027713,1,1,1
60.21666808491151,48.012188279713705,0.0388839454817243,-7.007575758492116,0,1.1114191339538166,0,1,0
166.77224082024804,106.55557273533654,0.035095413552847,34.95258358863218,0,5.68780222385578,1,1,1
218.1794630099782,51.40722218973016,0.0372187690234302,-9.6344853627701,0,-13.281081355642188,0,1,0
118.11732680237496,100.06213620760325,0.0369179209153628,19.15985145222603,0,12.288168851954143,1,1,1
340.32892762140017,222.2116008190252,0.0366300468433019,-16.999480018609702,1,-2.141584033050009,0,1,1
211.59426490075728,128.7346627206429,0.0274668909955446,-7.405209204068662,0,-1.040712917386173,0,1,0
282.591843029778,70.9975781290207,0.034615302958509,8.577020418268425,0,-5.432860811704797,0,1,0
254.58458194460997,28.00726108516804,0.0377093209641649,-7.338606187997207,0,-0.5390688572621816,0,1,0
101.05773299829018,153.52684894631977,0.0437520753131693,-31.791937533899063,1,6.716536819922691,1,1,1
282.735208188046,181.6774751897558,0.037569054408271,51.48897752657604,0,5.739239836368334,1,1,1
304.7010574547399,21.96584926669391,0.0393683440001119,22.514497057457238,0,-11.697389101469946,0,1,0
241.4273204383908,63.27373701634909,0.0391246321669627,-43.20774153427272,1,10.264920368360228,1,1,1
120.80729088913894,120.62002954925188,0.0579284585121222,0.1359541385600238,0,-6.641093904646114,0,1,0
243.9971316895021,123.1898408003632,0.0508815011936829,-30.237128410464013,1,5.632411424109025,1,1,1
243.21973737021787,0.7773943192842694,0.0531372591056792,67.56881648396016,0,-13.019504130558564,0,0,0
60.60004204833553,182.61969532188235,0.0500672172339286,3.0993842220945,0,10.900832554051094,1,1,1
84.37364920497787,23.77360715664233,0.0482431126836424,-9.278581555902932,0,1.4542287199467392,0,1,0
234.64655554371825,150.27290633874037,0.0456097575942175,-56.54349171778291,1,-0.0554874168099743,0,1,1
181.19517240046184,53.45138314325638,0.037458990421314,63.5102567689666,0,-0.94915522403595,0,1,0
140.4187034169485,40.77646898351336,0.0414459075319293,-70.10144142071186,1,-9.610314979336358,0,1,1
320.77929121723673,180.36058780028824,0.0430029291912296,33.649492787301426,0,4.355091801012307,0,1,0
306.509690747371,14.269600469865736,0.0426038918519513,4.483946469206863,0,-4.444908792169088,0,1,0
292.88710700136136,13.62258374600964,0.0520063616651531,26.670275753995547,0,0.8652225306768218,0,1,0
329.4133613918256,36.5262543904642,0.0630763435950984,-6.651431005789419,0,-0.8349404624102075,0,1,0
145.90775245736495,183.5056089344606,0.0444755370481962,3.6990146436731663,0,-0.3398367117312544,0,1,0
196.88411584892668,50.97636339156173,0.0454468399320484,5.664324244599115,0,8.183892490138494,1,1,1
67.9551396744101,128.92897617451658,0.0414077170941657,-31.346402325171923,1,-0.8631594638789384,0,1,1
222.24453605867956,154.28939638426942,0.0468400858461708,24.33451464195568,0,-8.919989293829865,0,1,0
210.82680156082105,11.417734497858476,0.04668520003516,-56.97754072893861,1,9.745089709538195,1,1,1
227.89152570309423,17.064724142273207,0.048709861225224,30.121066267608,0,-8.00900248317779,0,1,0
178.58483949907242,49.30668620402184,0.0491002051634606,-33.153099830471824,1,-1.787005227826846,0,1,1
154.17310006919348,24.41173942987893,0.0521352276267479,70.81459123591623,0,10.910670917042506,1,1,1
307.528076574531,153.3549765053375,0.0391878228312435,3.4478973307461445,0,-7.687675751861947,0,1,0
106.4210516377178,201.1070249368132,0.0370697337981725,-69.95797773318063,1,4.129648630316673,0,1,1
301.39429767832223,194.97324604060444,0.0338094120312588,35.89500672956782,0,-7.384531277180748,0,1,0
82.68277388660324,218.711523791719,0.0329419120377729,-16.59896304567131,1,8.271397537205868,1,1,1
335.9205559812788,253.23778209467557,0.0250480615331832,1.3915742660807098,0,-8.114008054751986,0,1,0
102.25147385906044,233.6690821222183,0.0299462749308269,8.653262137008532,0,-0.8223302230943825,0,1,0
194.68862211785472,92.43714825879428,0.0470920792777358,-26.05072768967472,1,4.3930329670301695,0,1,1
150.20596426332222,44.482657854532505,0.0455765275313929,4.456338682348957,0,8.070665352596112,1,1,1
183.70078707986588,33.49482281654366,0.0397337152445257,31.727876907522564,0,-12.270549823097358,0,1,0
140.80304376006137,42.897743319804505,0.0412318579773818,-44.68902005523651,1,-1.190155614929456,0,1,1
143.06201643841482,2.2589726783534445,0.0428039015625968,46.48360900613699,0,-1.7075775010351797,0,0,0
214.61582840736665,71.55381196895183,0.0433565471134763,-22.47070673820251,1,7.6863612813722515,1,1,1
128.12886971421915,86.4869586931475,0.0434986156719653,41.06313816138659,0,-2.678813832670364,0,1,0
257.4033861213132,129.27451640709404,0.0378558128405658,-18.575992566025437,1,0.2016677143077698,0,1,1
344.9242535511904,87.52086742987717,0.0401081667480676,8.646775438679043,0,13.796669843656977,1,1,1
132.1175576569578,212.80669589423252,0.0367616150435104,-47.49328155793812,1,-15.756370797802528,0,1,1
168.07807457520462,35.96051691824681,0.0272866883516844,12.11497467549946,0,5.286072952287883,1,1,1
150.09477274990317,17.983301825301453,0.0282752305805241,58.46457954322784,0,10.558822414391798,1,1,1
80.95852417078855,69.13624857911462,0.0329432390275767,-45.04138896502502,1,-19.11500237233985,0,1,1
98.31254486073294,17.35402068994439,0.0376176966091442,-5.982963326801126,0,13.320787841066954,1,1,1
242.07799423754196,143.765449376809,0.0461600608460686,41.19921229224517,0,-6.511489848438816,0,1,0
200.71309352184124,41.364900715700685,0.0555235605304577,-67.26246000913115,1,10.700293227166934,1,1,1
303.8965464771537,103.18345295531248,0.0406676221753016,40.13590022503878,0,0.1168764823061501,0,1,0
163.4762195470765,140.4203269300772,0.0433936267635242,-25.96129183121562,1,-10.4945740357557,0,1,1
251.6267522851554,88.15053273807888,0.0450846415602783,12.63164621342711,0,-3.314985413180493,0,1,0
116.48230328432447,135.1444490008309,0.0438909290167751,-13.470057566674818,1,4.130799460411118,0,1,1
265.27874222130896,148.7964389369845,0.0396331332599897,-12.956344985729622,1,10.746056726271544,1,1,1
172.739852685511,92.53888953579796,0.0453655506733679,30.29514995358792,0,-13.678153709878876,0,1,0
274.4954141205665,101.75556143505553,0.0467408017628455,29.815270978122637,0,13.99838418225158,1,1,1
68.75388983046733,205.7415242900992,0.0447526107243688,13.020112914544114,0,-3.238526008724108,0,1,0
266.88294476436045,198.12905493389312,0.0262061116381605,-26.248116641350293,1,-11.03878332521274,0,1,1
138.10266863170574,128.7802761326547,0.0246077632302077,-18.80127058058327,1,10.472342710934225,1,1,1
265.35169454016983,127.24902590846408,0.0283298536338074,30.48145449556646,0,-14.825400479015483,0,1,0
277.7854000091621,12.433705468992288,0.0259109850059698,-21.170503209446508,1,9.965278668445317,1,1,1
169.41730409224277,108.36809591691934,0.0241316199812538,-11.00829628308474,1,-3.814284747712117,0,1,1
360.7322232043883,191.3149191121455,0.0218518449656911,-15.082446987014954,1,1.391737184298421,0,1,1
224.98356561970357,135.74865758468474,0.0384917675854074,49.36322334272661,0,0.918366793810991,0,1,0
250.2648900316777,25.28132441197417,0.0394688797138983,-23.65633550560326,1,0.5971684425001289,0,1,1
88.12263263791371,162.142257393764,0.0704620536242061,37.07023606352372,0,3.073990285794464,0,1,0
47.87434562272109,40.248287015192616,0.0663659761357269,-12.951531276987453,1,0.807295065865512,0,1,1
130.8267172671188,82.9523716443977,0.0624901049439209,-30.55147849651544,1,5.578540176724664,1,1,1
363.35307688447136,232.52635961735257,0.0506845912370788,25.666713738014412,0,-4.258507357880298,0,1,0
176.19142617769214,187.16165070677923,0.0550468900643599,-22.99668384123089,1,-1.499617860153597,0,1,1
95.87406038905642,80.31736578863571,0.0542888230003002,-29.88206115502451,1,-5.906777835721757,0,1,1
99.52316287853944,3.649102489483028,0.0442643991152072,34.94522585151633,0,-5.493016388869361,0,0,0
153.26191780554322,53.73875492700377,0.0313102055347356,27.92380543807446,0,-1.1803929008315417,0,1,0
125.4518118947776,27.81010591076563,0.0317303909886056,-0.8229840813706488,0,8.377925817589526,1,1,1
361.00255496004814,235.55074306527052,0.0533646847145971,-22.437952390163343,1,3.811440046042328,0,1,1
203.7631122500213,157.23944271002685,0.048672418002207,-15.595470178009968,1,-0.3619372273769432,0,1,1
369.105389098351,165.3422768483297,0.0446095516417591,-29.593834728358253,1,6.054031378334084,1,1,1
285.28459816373686,83.82079093461414,0.0462918855193142,24.104734130331277,0,-11.408628938655564,0,1,0
336.9463875766814,51.66178941294453,0.0429784045264205,54.27190386945773,0,4.907076799945255,0,1,0
284.6432561110501,52.30313146563128,0.035807598001342,-21.065403521179192,1,5.201800172812849,1,1,1
78.95122335251489,205.6920327585352,0.0367989736739044,-0.7121975574345214,0,-9.675921306044977,0,1,0
91.85826473044206,12.907041377927172,0.0349841353380952,3.4795861205358563,0,1.4733079254537884,0,1,0
65.37806515993839,26.48019957050367,0.0295030895674091,-11.27760055918533,1,8.90459486120391,1,1,1
135.3311894764518,69.95312431651342,0.0288069578972243,-2.74037809335492,0,-7.454618857615349,0,1,0
120.2165313966142,15.114658079837625,0.0154983402751376,-10.57915214500747,1,4.987359704699568,0,1,1
165.9408805052388,45.72434910862461,0.0153660996267367,-0.7748209354182052,0,2.7202779591535755,0,1,0
167.84611779146462,1.9052372862258269,0.0158517377670425,34.15315694140094,0,-7.291315953335378,0,0,0
124.29193747403284,43.554180317431786,0.0161021123121327,-38.19137549923345,1,-9.237421391231926,0,1,1
124.52291629628168,0.2309788222488435,0.0170795621290845,35.746841789675294,0,14.250259695599665,1,0,1
77.45532217441111,47.06759412187057,0.0265492719317853,-0.2045886754227694,0,-0.0783557675617032,0,1,0
344.0034246123307,266.5481024379196,0.0263273914377787,-5.346898102674075,0,-14.055939421055765,0,1,0
485.6136274348503,141.61020282251957,0.0244498297440365,-58.6604639582452,1,8.662659145440912,1,1,1
169.77017329848417,315.8434541363661,0.0236282073425515,8.826387563213885,0,-1.2206503232647314,0,1,0
192.2015644770295,22.43139117854534,0.0265420199722787,13.33863182263162,0,7.201545945081417,1,1,1
169.17847300789177,23.02309146913774,0.0286012079389013,42.62625600583733,0,-11.450702004974609,0,1,0
163.4846519135388,5.693821094352956,0.0288493222716655,2.058083127734733,0,3.03299751656672,0,0,0
172.5159263068396,9.031274393300777,0.0261462356831669,-66.53616696005389,1,3.5702667290626597,0,0,1
358.8514635408383,186.33553723399876,0.0266297878220419,22.653380701848533,0,-1.7509170419623103,0,1,0
294.3673817756255,64.4840817652128,0.0318079399769802,42.052772120757744,0,8.755781641050675,1,1,1
295.8678109512588,1.5004291756332575,0.0315341388639484,-48.055276448226586,1,0.1124610607848204,0,0,1
323.7459517385744,27.8781407873156,0.0325413189947256,58.104804604951504,0,-17.581696738967803,0,1,0
307.9514785346066,15.794473203967756,0.0307786828095739,-38.93596320168838,1,4.325490030208654,0,1,1
297.93831082837664,10.01316770622998,0.0256772021535647,35.840713825790615,0,-5.806243531665295,0,1,0
212.16052903347645,85.77778179490019,0.0361202771335954,-40.67890360265176,1,8.206510655862246,1,1,1
261.4232295855845,49.26270055210807,0.0469495206489249,-8.402197382210652,0,4.885574087531726,0,1,0
62.20659223515158,199.21663735043293,0.0473699886990051,3.088899849697832,0,-3.817085435908089,0,1,0
32.87826828486239,29.32832395028919,0.0434600226453598,41.75123258574561,0,-8.082058150514431,0,1,0
168.59396457534916,135.71569629048676,0.0362443506011389,-44.288895699387226,1,2.57548727880239,0,1,1
163.30588139101593,5.288083184333232,0.0563805921359182,27.09254681371021,0,-0.4532977839963283,0,0,0
459.3344541290275,296.0285727380116,0.0536235319405766,-15.960283146810056,1,6.756738829169544,1,1,1
260.78721865994817,198.5472354690793,0.0495523593847605,37.74628052818103,0,3.331034519679383,0,1,0
115.7781166325991,145.00910202734906,0.0478015247691266,-62.58461733245652,1,-7.227091851845488,0,1,1
63.774126403545246,52.00399022905385,0.0410729415576079,21.54346864245609,0,-3.7173071761396574,0,1,0
142.29866438252938,78.52453797898414,0.0323651832477495,-24.321841455897616,1,13.36275167457867,1,1,1
229.44266559240296,87.14400120987358,0.0291030218745845,36.28044240456536,0,1.1952837748671516,0,1,0
74.10136524175645,155.34130035064652,0.0310188009468632,-14.019212049768932,1,-11.637472467423516,0,1,1
155.74697947279262,81.64561423103616,0.030626978918428,-27.356956708292863,1,2.8851897783291403,0,1,1
186.80363448676223,31.05665501396965,0.0298475993996564,63.11207018258692,0,-6.776331994694846,0,1,0
253.8834270014249,67.07979251466264,0.0169644248530403,-37.94586615202513,1,2.915323211349889,0,1,1
472.3395675061898,218.45614050476493,0.0145048634245014,9.449276646722003,0,10.786062297124486,1,1,1
399.58743060875406,72.75213689743578,0.0122991542866503,-6.88939243735085,0,-8.036049768852852,0,1,0
184.60466004710565,214.9827705616484,0.0146630345824161,6.491147437311021,0,4.789887515884213,0,1,0
103.21122226088588,81.39343778621976,0.015495557449403,-37.78619846254923,1,6.8298442996306346,1,1,1
153.54164714268143,50.33042488179554,0.0175409739901371,63.93074653118993,0,-4.450932691243789,0,1,0
297.8615617580772,144.31991461539576,0.0195771795582232,-38.6521213889465,1,-5.403713224146824,0,1,1
122.53515049351982,175.32641126455735,0.0195070123045401,31.372300198399984,0,-1.7314374849595922,0,1,0
108.0745474068194,14.460603086700416,0.0269296308515656,-52.765997523600944,1,-3.527065908096162,0,1,1
94.48627311727206,13.588274289547345,0.0291801640433424,36.71507656935677,0,11.312261160392216,1,1,1
251.887627617739,157.40135450046694,0.0288074482112266,30.797337565811706,0,-12.874297076420712,0,1,0
312.6854533652543,60.7978257475153,0.0243401490856416,-40.843514925364005,1,-1.0206305756140075,0,1,1
28.06565688063724,284.6197964846171,0.0269666872392257,-16.07912203357256,1,0.8686996977043848,0,1,1
115.64097752302852,87.57532064239128,0.0306690588780681,-7.854228237514661,0,2.761534232013385,0,1,0
409.783004364313,294.1420268412845,0.0314081808345473,60.800544509839625,0,7.684360560106441,1,1,1
300.4673103007842,109.31569406352878,0.0320180590295488,-49.62253889027801,1,4.68413436935572,0,1,1
175.9037696755976,124.56354062518662,0.0323929154553228,58.901190731122696,0,2.62584539446529,0,1,0
130.95669702974297,44.94707264585463,0.0237403739300396,-58.17986625365948,1,-5.222765105021377,0,1,1
223.12262008338823,92.16592305364526,0.0297523778059099,18.65345699319136,0,-11.710141042588248,0,1,0
296.0671949485703,72.94457486518209,0.0312540773755482,-1.8397491154906191,0,2.6345532489773964,0,1,0
327.0989567151194,31.031761766549096,0.0325964440101991,-31.67876099461277,1,-2.9143602771224013,0,1,1
385.5496061512946,58.45064943617518,0.0346592879549063,37.586384036075245,0,-0.3286992551917218,0,1,0
251.97464778600497,133.57495836528963,0.0329910449310555,11.26412478968713,0,9.043617340551975,1,1,1
182.30492371227737,69.6697240737276,0.0303427028266101,5.559574688214525,0,6.779808167309376,1,1,1
205.4696639462512,23.164740233973788,0.0409349199693051,-17.563512558423156,1,-4.447933911430919,0,1,1
228.76509747206936,23.2954335258182,0.0384645940637692,23.19947270483388,0,2.326476718501219,0,1,0
351.8856150578784,123.12051758580904,0.0342552113808558,-4.839013062194823,0,-5.851068718065834,0,1,0
345.3411361051544,6.544478952723978,0.0371460696780838,-44.64985518053572,1,-0.6555131340657123,0,0,1
199.2497899127769,146.0913461923775,0.0409708016006189,16.610189584902876,0,9.243269230677445,1,1,1
110.41641361926304,88.83337629351387,0.0444483476451078,-20.721586455183694,1,-4.310398562442085,0,1,1
82.07449009829395,28.341923520969104,0.0451368367080423,-0.7326557950231347,0,-5.252470549132482,0,1,0
145.83975888756984,63.76526878927589,0.0364059729453695,46.29629606818321,0,-2.535173281947362,0,1,0
78.05364123912818,67.78611764844166,0.0343672013718931,-14.533457779650137,1,-4.789099067873835,0,1,1
250.82388745628623,172.77024621715807,0.0383935659091305,5.639254088041412,0,14.55710835869991,1,1,1
164.10347383986226,86.720413616424,0.0357113064427176,10.498757983558932,0,-13.033184363070756,0,1,0
6.197759871123081,157.90571396873918,0.0373963724613561,-36.39594808886739,1,6.91384272822278,1,1,1
201.69916750750303,195.50140763638,0.0390089342963164,9.930162119272708,0,2.4452682009648985,0,1,0
240.05488296183196,38.35571545432887,0.03687426913822,16.435290426477216,0,2.135977318108951,0,1,0
247.61413481709556,7.5592518552635966,0.0339200652446359,-40.81392860522078,1,-13.21469094295339,0,0,1
274.4541562443352,26.840021427239662,0.0395900953940473,58.91400798215168,0,-1.4531483827572942,0,1,0
203.9870901550976,70.46706608923762,0.0339891682063829,-39.16835656051048,1,13.906447137319043,1,1,1
223.8024540664546,19.815363911357025,0.0259589408091463,25.22426878767708,0,-5.032344421696287,0,1,0
270.2073262771396,46.404872210685,0.0279988696971753,26.9449534257581,0,-5.465118297229193,0,1,0
260.1313465738004,10.075979703339272,0.0252374179675726,-41.61619651836002,1,16.017841043157535,1,1,1
125.00080547678364,135.1305410970167,0.0377250083229149,-20.82511968705733,1,-3.813465136073418,0,1,1
283.90195310625904,158.90114762947542,0.0395693004976111,0.1107959594199172,0,-4.256821881842672,0,1,0
58.91310104538461,224.9888520608744,0.0372173534581199,-12.484574607669394,1,2.4718806347061903,0,1,1
148.5312874889972,89.61818644361259,0.0380028932320131,56.53648678483837,0,-10.941672728972057,0,1,0
173.79775690580826,25.26646941681105,0.0381852083022607,-37.892076872354615,1,16.144034772395727,1,1,1
54.81096291867013,118.98679398713811,0.047755001198438,-9.656446204475593,0,0.6828376796081237,0,1,0
96.1333446935088,41.32238177483868,0.0456613530249362,43.277621702355134,0,-6.9584313861701546,0,1,0
84.06506767075749,12.068277022751316,0.0386046488872795,-32.364751392111,1,0.3973418340796364,0,1,1
215.43187614078985,131.36680847003237,0.0352592065896545,23.306584500020392,0,0.7229184858528317,0,1,0
135.71432890982388,79.71754723096598,0.0363961886675828,-14.611418706323995,1,-0.7734460459325216,0,1,1
74.4726178933275,61.24171101649638,0.0310596144760246,-6.693878732445519,0,-4.544907899931108,0,1,0
102.41251995556388,27.93990206223637,0.0270806283367476,12.422149268735176,0,2.042708175573509,0,1,0
127.75685155815007,25.34433160258621,0.0238445601984793,-14.050908493341003,1,-5.159000794614289,0,1,1
88.52615134942309,39.23070020872699,0.0213921728284399,44.54173438162559,0,3.282434377838819,0,1,0
142.34680256649833,53.82065121707524,0.0233114120938279,-63.80196917739144,1,-0.2148922077189183,0,1,1
243.4998857884505,101.1530832219522,0.0210736823769087,-3.430934358257563,0,-2.9592576736563405,0,1,0
319.8760709116743,76.37618512322376,0.02088832055631,30.099152194929196,0,9.971287943477586,1,1,1
419.3227707572063,99.446699845532,0.0134703763637324,-18.683951391562964,1,-7.540656302217664,0,1,1
156.8918048432995,262.4309659139068,0.0139444896548132,45.67062560271141,0,2.840865491809208,0,1,0
107.82204417662447,49.06976066667501,0.0148748386990508,-31.223403543978343,1,-7.912495115617042,0,1,1
82.8104081939108,25.011635982713685,0.016617804940896,-7.359695884884154,0,6.377527539893152,1,1,1
233.9506442221202,151.1402360282094,0.0239189171432894,7.83550008325885,0,5.729768620457188,1,1,1
281.38811975885926,47.43747553673907,0.0248885696598084,-11.191802551424274,1,-6.338593841930964,0,1,1
52.93152660487206,228.4565931539872,0.0280002533995738,6.413483815185536,0,2.264314894805551,0,1,0
341.8577600047345,288.92623339986244,0.0275707138553315,21.466624509642493,0,2.8793040053871017,0,1,0
193.5752290839327,148.28253092080178,0.0286727422941446,23.68378084704358,0,-6.254620189990559,0,1,0
61.66013401418132,131.91509506975137,0.028337696652526,-39.45305496333124,1,-0.713860440846176,0,1,1
236.9529312102689,175.29279719608758,0.0285169912221043,-4.015806533812025,0,-5.350811890069165,0,1,0
108.61733946676097,128.33559174350793,0.0285533114814358,36.8894481120621,0,9.930608725839257,1,1,1
171.74352761042942,63.12618814366846,0.0316925386483984,-60.74907960695603,1,2.493723093997886,0,1,1
78.46745877425737,93.27606883617206,0.042544055128057,22.37199534830938,0,-2.514121751150318,0,1,0
128.22499380305266,49.75753502879529,0.0433050619160275,12.007559450592844,0,-5.954542328272357,0,1,0
233.0952427968775,104.87024899382484,0.0520093472534107,11.879268664389969,0,-0.4237693758691625,0,1,0
323.1757784381756,90.0805356412981,0.0472300548146325,-35.56801176563319,1,-2.056985261848334,0,1,1
72.6946070420339,250.4811713961417,0.0487861076043708,22.14342946212781,0,-2.249935644317953,0,1,0
478.8617134870334,406.1671064449995,0.0378096335438232,10.675685506129064,0,7.597744104719549,1,1,1
372.3751663076245,106.48654717940887,0.0392383398711735,-4.48400067266418,0,-5.3271542994865255,0,1,0
198.9435737711149,173.4315925365096,0.0389973346881784,5.144049565837378,0,10.6055475947807,1,1,1
157.2207434662206,41.7228303048943,0.0386954294918892,7.0277751531962025,0,5.418706170243899,1,1,1
145.26201312949186,11.958730336728737,0.0406362794561713,-22.64204786640002,1,-17.765029078361465,0,1,1
164.4375217414627,19.175508611970827,0.0394538896568399,-25.25895418844233,1,16.38948456171976,1,1,1
257.8418820564486,93.4043603149859,0.0347803296598459,-0.6463567575791309,0,-4.704793903470071,0,1,0
546.4363260151749,288.59444395872634,0.0243497528368643,64.25266917708555,0,4.051257844239396,0,1,0
547.2920895555915,0.8557635404165467,0.0345921373786484,-14.5036344153022,1,-14.106402590330053,0,0,1
204.4230817933349,342.8690077622566,0.0364029331524103,6.941237255096681,0,15.030463547179632,1,1,1
69.1678351091979,135.25524668413698,0.0406318410401707,13.169594993035858,0,1.0277958581273765,0,1,0
85.69923113114658,16.53139602194868,0.0416672988095849,-14.260817329965136,1,-1.0231542501175357,0,1,1
320.82917499034704,235.12994385920047,0.0487536431420022,-4.659450791286005,0,-2.424289550183081,0,1,0
267.6807925426525,53.14838244769453,0.0446196490998577,-2.923418360652917,0,-13.903907483663808,0,1,0
37.23085819202057,230.44993435063196,0.0404452875038625,-31.774812338447237,1,2.608536280982457,0,1,1
432.7292390400315,395.4983808480109,0.0393175722176727,55.89765496573973,0,13.848082795966556,1,1,1
222.4615848531544,210.2676541868771,0.0408521593486386,-33.21998109452704,1,-13.674218277615154,0,1,1
289.5933142881142,67.13172943495982,0.0354752700828881,-25.597633075788984,1,2.365794701805841,0,1,1
177.42221696396072,112.17109732415346,0.035857606643374,-0.9798146836643228,0,-5.944742755198174,0,1,0
174.94556708737102,2.476649876589704,0.0290069134495387,48.43517603369894,0,11.552322201157052,1,0,1
329.87912014583344,154.93355305846242,0.0347090119050493,-45.20458480302081,1,-1.2958416469149192,0,1,1
184.24537603607416,145.63374410975928,0.0375092096531064,-16.702576286435036,1,7.969414912767441,1,1,1
125.485794502304,58.75958153377016,0.0298085193985184,30.95886999670442,0,-1.388540652415834,0,1,0
403.28943842792575,277.8036439256217,0.0276128275816448,31.11505455185847,0,-7.728014888497015,0,1,0
156.65945372157225,246.6299847063535,0.0355235291472416,-32.23286508374948,1,2.0678682438101976,0,1,1
164.79491029445973,8.135456572887477,0.040479999786709,31.128634913273977,0,-3.922809657950152,0,0,0
144.32157283536043,20.473337459099294,0.0379049732128092,1.89307185278129,0,-5.614753654944121,0,1,0
194.0907432056236,49.7691703702632,0.033539896685983,2.439694962216578,0,14.706629160615524,1,1,1
83.0205969189409,111.07014628668271,0.032799753456061,-21.504585761870946,1,-6.365040288661032,0,1,1
250.8633735713665,167.84277665242564,0.0296474357528693,8.845674352512404,0,-2.482929142392141,0,1,0
287.7377151264185,36.87434155505196,0.0254242664481622,-35.00893674686799,1,-7.138534357029826,0,1,1
196.83332792249456,90.90438720392392,0.0248659823215496,-12.972889425614632,1,11.938360046405752,1,1,1
286.0523908659985,89.21906294350396,0.0330864577483446,34.64660649309533,0,-5.314370051979646,0,1,0
178.4863801803451,107.56601068565342,0.0370472234535851,-41.77589052656722,1,-2.9193807895131005,0,1,1
130.99036031024028,47.49601987010482,0.0437243817300186,36.4124766683498,0,12.46114810978094,1,1,1
124.15124668500492,6.839113625235356,0.0422790969560024,-29.09153847062328,1,-13.862428748734429,0,0,1
262.25893165580777,138.10768497080284,0.0434460811518197,0.5061343788391,0,6.627760802186057,1,1,1
451.5458963931704,189.2869647373626,0.0461038485650717,60.98904928643075,0,5.614722883635727,1,1,1
231.11429847979397,220.43159791337644,0.0379749744279724,-18.42121788635308,1,1.06637508978352,0,1,1
81.6509541438468,149.46334433594714,0.0425272502582809,0.377288507360987,0,-0.6073874638612118,0,1,0
69.53131781472418,12.119636329122628,0.0382537915124969,-19.260609852710974,1,1.55841870773774,0,1,1
98.7615816313195,29.230263816595325,0.0332853829482681,0.7022118758682225,0,-15.08537915489818,0,1,0
214.89643015512368,116.13484852380418,0.0313807630894754,-8.811730490256188,0,15.96202309659877,1,1,1
253.39918768749095,38.5027575323673,0.0322771880579883,10.500067238621526,0,-18.59311199790741,0,1,0
124.98078783349683,128.41839985399412,0.0317909547940347,12.221322249182144,0,4.902021385092066,0,1,0
179.76653192737268,54.78574409387584,0.0355197348173459,-32.04288029603018,1,-3.437305110798967,0,1,1
475.1406126981798,295.3740807708071,0.0449081567456646,6.007551136915417,0,17.229887779213964,1,1,1
253.0301432286432,222.1104694695366,0.0463335233889569,18.645639140822325,0,-10.431949636112268,0,1,0
120.38731566266316,132.64282756598,0.0486250175965451,-8.797890732214569,0,-2.1733249697521995,0,1,0
252.13135000625496,131.7440343435918,0.0422984197664966,34.776496917162724,0,-2.9636388269464504,0,1,0
366.9894533827755,114.85810337652052,0.0440296240782066,0.1760410869407991,0,-0.2253911218103299,0,1,0
344.2992662337571,22.69018714901836,0.0449018661256408,-38.855598899666674,1,9.162275572049976,1,1,1
339.627528962917,4.67173727084014,0.0437657247833943,9.18425913457436,0,-11.336950393010577,0,0,0
378.2076264973841,38.58009753446714,0.0397746848759318,42.06337744352194,0,10.944924176782576,1,1,1
345.5323486065939,32.6752778907902,0.0366141857748041,-11.92891318168958,1,3.606379939345084,0,1,1
221.5547982698568,123.97755033673712,0.0386689200112094,-48.94525334499945,1,-3.472690104799476,0,1,1
288.5276040011264,66.9728057312696,0.0393965303745455,5.165484859772825,0,4.511278021742527,0,1,0
232.58535625518687,55.94224774593954,0.0402450048990186,-15.739891118327565,1,-11.226401279950029,0,1,1
140.80016872033335,91.78518753485348,0.039435253523558,47.547424350055465,0,-3.761743728736035,0,1,0
77.74317312864189,63.05699559169149,0.0403198182305024,-28.874227406640472,1,12.876381986237064,1,1,1
98.24166527806253,20.49849214942064,0.0312302511385878,17.575990966847414,0,2.1427954693552973,0,1,0
152.8060988785941,54.56443360053157,0.0438982397211897,18.52376758387712,0,-6.529077076516398,0,1,0
127.7790078370512,25.02709104154289,0.0390842462006592,5.431422836904659,0,6.378808068466025,1,1,1
193.80811617437237,66.02910833732113,0.0376139074159577,-40.85365786448826,1,-7.25395569066978,0,1,1
272.8188289932494,79.01071281887704,0.0239924615492682,-7.049392559933757,0,-5.187830430656135,0,1,0
209.0344997065104,63.784329286739,0.0370105772530111,48.90315484299575,0,5.517327673688369,1,1,1
213.49936462483157,4.464864918321155,0.0333070869812832,-37.38124488151381,1,-5.168867373105196,0,0,1
142.65173154380494,70.8476330810266,0.0274035879817938,35.25818630290061,0,5.121618436727748,1,1,1
167.0960384380261,24.44430689422117,0.0406594867478585,-53.77879917901819,1,-6.489600232181424,0,1,1
111.60770225110106,55.48833618692505,0.0376266365913159,60.97170077876456,0,0.7602102449536989,0,1,0
140.28462903920524,28.676926788104183,0.0368656622724426,-34.30270025984727,1,13.947013881010834,1,1,1
395.4558334381747,255.17120439896945,0.0329764865421305,-25.03938137008913,1,-15.341091697432,0,1,1
208.85224171927396,186.6035917189008,0.0362954201227106,29.194780820850745,0,2.168321989796844,0,1,0
396.0671756315036,187.21493391222964,0.0360712334296348,26.795826533344588,0,15.424915410525012,1,1,1
101.3033874164782,294.7637882150254,0.0310094145185029,-38.45527305361367,1,-8.390030690617346,0,1,1
238.3928945889216,137.0895071724434,0.0250106600957805,-16.90108494356197,1,0.1960140213735854,0,1,1
47.88656831089349,190.5063262780281,0.0233675119629121,31.87957265577849,0,5.183033185257342,1,1,1
184.8995831940813,137.0130148831878,0.0198462934751603,20.63287571366413,0,-6.413024798667511,0,1,0
166.6810077119622,18.218575482119093,0.0159186178704018,-57.04906684375579,1,-6.050753660110051,0,1,1
206.93062447721948,40.24961676525729,0.0114181550967255,-6.395637470643216,0,4.013692056346588,0,1,0
206.88075824022425,0.0498662369952285,0.0118996740968677,1.190814874338571,0,6.650693946593556,1,0,1
198.65990760019227,8.220850640031983,0.0137995476127387,13.93561808948899,0,2.3489436962585604,0,0,0
233.26106778681395,34.601160186621684,0.0138396544410922,-17.854937474154536,1,-11.984892268901897,0,1,1
244.6332647120129,11.37219692519895,0.0299861875757531,33.70966145022109,0,-0.2245712171820386,0,1,0
62.975344566102585,181.6579201459103,0.0281316244316909,21.52613476157031,0,1.3126588413720477,0,1,0
54.27297057092024,8.702373995182349,0.0264062976096902,1.0166988280292202,0,5.372049872967639,1,0,1
417.7543335141751,363.4813629432549,0.0266865709692951,-5.899733282414047,0,-6.354032684996649,0,1,0
284.2242207732616,133.53011274091347,0.0332023876478339,-27.24091109168797,1,12.29255719708495,1,1,1
58.605694014143175,225.6185267591184,0.0324423595847849,35.17900568907287,0,1.6974132651144274,0,1,0
160.85992358204686,102.25422956790368,0.0373068099055667,-12.756011046678225,1,-5.977753324433582,0,1,1
165.41294851119548,4.55302492914862,0.0422435655883495,22.775330331394045,0,5.823595471152206,1,0,1
280.0973450374015,114.68439652620604,0.0537959316522042,-30.653894499846984,1,-13.648984551059508,0,1,1
240.234987388019,39.86235764938252,0.0624351516579095,-23.82865644829721,1,10.546397693725464,1,1,1
71.73351239447449,168.5014749935445,0.0560465759307688,36.36044184948885,0,-2.7345142668157045,0,1,0
99.99425165036588,28.26073925589138,0.0542443556420019,-38.7094882944093,1,-8.305056183614415,0,1,1
154.44591084886608,54.45165919850021,0.0395682829431579,64.98884922033295,0,1.104308991612606,0,1,0
82.10230366876432,72.34360718010176,0.0427780423668669,-20.78877238726844,1,3.4043677251743576,0,1,1
148.978054967555,66.87575129879069,0.0423990996210166,4.242935812406699,0,6.060353400622596,1,1,1
50.096624532644206,98.8814304349108,0.0235614198859739,-6.164275596403158,0,1.611578653415657,0,1,0
193.82177471791863,143.72515018527443,0.0272175354121431,-46.53670980350726,1,-4.765504509075836,0,1,1
225.61855313289945,31.796778414980796,0.0265617745243686,29.419219962520607,0,1.752586569456474,0,1,0
198.3224198022453,27.29613333065413,0.0304092267095728,14.88923387658484,0,-9.15453669218715,0,1,0
211.9683545994461,13.645934797200823,0.0342596085217062,-33.76474958619408,1,9.544440243264,1,1,1
255.06093276445037,43.09257816500423,0.0364110949123308,36.01169870595981,0,-2.721834735731255,0,1,0
155.90310219948242,99.15783056496792,0.030804223003312,11.230669466337702,0,-7.641178154906386,0,1,0
58.119624450628415,97.783477748854,0.0333941297943038,-43.596439665630655,1,14.545321327122192,1,1,1
128.73200866928423,70.61238421865582,0.0255293076040034,-6.026134332202986,0,-8.746547243750848,0,1,0
150.53806007999404,21.806051410709813,0.0247592677989253,54.6845342135305,0,5.632048200895758,1,1,1
198.82619093249735,48.28813085250334,0.019889246165641,-70.23723881362574,1,-5.376985053045607,0,1,1
340.42596016507906,141.59976923258168,0.0250850317617006,20.04420445162892,0,8.14647899058282,1,1,1
302.52748792173026,37.898472243348806,0.0201192610981688,12.078667978878997,0,-15.833146633974152,0,1,0
191.21923836020807,111.3082495615222,0.0205422501247855,21.24234565127854,0,8.097504822655187,1,1,1
148.84178470776004,42.377453652448025,0.019570013252941,25.98430205382192,0,-10.41999247421412,0,1,0
152.72220136752028,3.880416659760243,0.0283191392306556,-50.099607964559695,1,3.4447718095652458,0,0,1
136.34119756627192,16.38100380124837,0.0284134794717423,46.2392264909475,0,1.6726582413119324,0,1,0
112.94411578415394,23.39708178211798,0.0282009858595054,-46.56275551050349,1,3.8316713298727274,0,1,1
46.45075392888105,66.4933618552729,0.0287845699461967,26.300397962063613,0,6.951251726534986,1,1,1
91.55415477112258,45.103400842241534,0.0332772027208583,-42.412979148764826,1,-7.070363137152079,0,1,1
185.01877621630425,93.46462144518163,0.0340681805731972,23.60326730082353,0,1.8906539788380368,0,1,0
40.78656761161497,144.23220860468925,0.024992415324931,32.86925280436042,0,7.257343223458323,1,1,1
232.70172348824957,191.91515587663457,0.0250129704691395,-44.10233108523608,1,-3.3504379235849875,0,1,1
248.1039233215189,15.402199833269322,0.0293466459805,-17.183342511446106,1,-14.126581525733128,0,1,1
233.1491881200373,14.954735201481554,0.0289361841478887,33.40085897454376,0,2.525184050123044,0,1,0
187.5441965823153,45.60499153772204,0.0172632050979362,-6.654291966281534,0,-2.764901571805791,0,1,0
268.6433008729426,81.09910429062731,0.0178259612955608,-16.799604493159542,1,0.6167749729443519,0,1,1
57.264714434432456,211.37858643851013,0.0205688539325122,54.08604768221189,0,5.395970824189256,1,1,1
256.1855592969602,198.92084486252776,0.0203801869552391,-24.31427903735296,1,7.78007403756612,1,1,1
156.7091588155941,99.47640048136614,0.0344827751301173,-20.361049307758428,1,-9.670112221913325,0,1,1
221.84048938559505,65.13133057000098,0.04141188344316,51.91660937765342,0,2.958667394019006,0,1,0
102.26169027434445,119.5787991112506,0.0432163723080378,-68.68520286225976,1,0.0317679794416339,0,1,1
494.8309257945755,392.569235520231,0.0450680595038628,56.83082474464008,0,3.928637777973492,0,1,0
176.94962564465922,317.8813001499162,0.0488592838714813,-49.38612614398956,1,6.052249136454874,1,1,1
136.40673448369574,40.54289116096348,0.0373199616891789,0.7105537695309323,0,1.806165525311048,0,1,0
220.84778356032203,84.44104907662629,0.026468295607848,20.69242722700683,0,-7.572326382054172,0,1,0
107.21023446667256,113.63754909364948,0.0231014369524112,13.102381726157745,0,-1.9908096897848164,0,1,0
426.6055459882029,319.39531152153035,0.0200439324224095,2.2816902155576315,0,3.536104103891168,0,1,0
368.99183461523904,57.61371137296385,0.0167425301590469,-53.46683691274322,1,-0.276888752223531,0,1,1
340.16400568377355,28.82782893146549,0.0150980633557879,21.178425367584644,0,-2.8817076949229232,0,1,0
210.08930544559612,130.0747002381774,0.018423612487693,29.89968976608481,0,4.260208722832392,0,1,0
187.7389139236014,22.35039152199477,0.023851489246979,18.330457473138,0,-4.9136979166517865,0,1,0
83.83181437630195,103.90709954729944,0.0219121318193208,-17.58751242251917,1,10.103740465342794,1,1,1
288.23255750590954,204.4007431296076,0.0171330291178728,-32.32076589221868,1,-18.94922245610281,0,1,1
86.53331946155272,201.69923804435683,0.0169984521043544,19.35131473873188,0,7.884366366410254,1,1,1
138.29793087207833,51.7646114105256,0.0218712739239125,11.184293580614847,0,-0.9238255572367304,0,1,0
71.84320984369793,66.45472102838039,0.0219725827686995,-40.97896542787029,1,7.465592260825796,1,1,1
308.97854856265155,237.1353387189536,0.0227715884226217,32.765404189622785,0,-11.589572010789134,0,1,0
271.11034236810514,37.86820619454642,0.0223868272058252,-5.859254017171864,0,4.865002832006216,0,1,0
33.46295321976183,237.6473891483433,0.0195914317997575,-10.801455464905132,1,5.277380772945692,1,1,1
189.3074217907568,155.844468570995,0.0191862841388075,22.951170681395105,0,-1.8950534067639904,0,1,0
63.516974677916615,125.7904471128402,0.0145087938827249,1.014289981734137,0,-1.1614006968038575,0,1,0
191.89495491313969,128.37798023522308,0.0141871456135435,26.820289040787895,0,-2.2033339814158204,0,1,0
199.16560050822076,7.270645595081049,0.0149865358894989,-43.45317669019322,1,6.341073356762637,1,0,1
133.1690727559158,65.99652775230493,0.0188173975754718,8.236956645663888,0,-2.1116734466737626,0,1,0
220.21174133716823,87.04266858125243,0.0355478122284487,-29.90116596104285,1,4.565717948714855,0,1,1
255.83361890331477,35.62187756614651,0.0369198441791893,31.26878063241059,0,-2.834242777923404,0,1,0
55.643921516768536,200.1896973865462,0.0402878944740401,-40.9821111760733,1,-11.851826440001927,0,1,1
132.19727851219395,76.55335699542542,0.0408162279015113,9.103330022559287,0,9.582609546297476,1,1,1
228.53595983063332,96.3386813184394,0.0376033801893421,1.7095383230571457,0,-11.499992170749016,0,1,0
109.25195076592632,119.28400906470702,0.0285589513105013,36.91138512074578,0,6.856648581314342,1,1,1
213.07346324043476,103.8215124745084,0.0302705730149263,-5.227558141628748,0,0.4913368885777762,0,1,0
124.79927678928,88.27418645115473,0.0259797418911469,18.45938529683187,0,8.858903934240514,1,1,1
37.67021612460464,87.12906066467536,0.0263464585400318,-26.69100200581159,1,-13.490223933132944,0,1,1
223.86820176359697,186.19798563899235,0.0308420611352237,0.8365443995851578,0,9.263395962922615,1,1,1
349.0049028835266,125.13670111992964,0.035105687627904,-25.064016379364787,1,-9.02308964675294,0,1,1
214.9961836690201,134.0087192145065,0.0450593370647952,46.49163180842146,0,15.12566257224312,1,1,1
191.33401344848065,23.66217022053945,0.0499051537067831,-59.12388032623074,1,-8.383464370991621,0,1,1
103.82749779922234,87.5065156492583,0.0513376648352431,33.69903579955314,0,3.574336643605296,0,1,0
308.23624294396274,204.4087451447404,0.0464288168370015,-18.925262560801087,1,-1.2333674870294242,0,1,1
285.53090694732936,22.70533599663338,0.0341668805067644,46.61478667245181,0,-6.858137330142357,0,1,0
167.1753795748527,118.35552737247664,0.0313028362716228,-7.809485108388685,0,11.95118472906475,1,1,1
259.322264472024,92.14688489717123,0.0286773047763394,2.6701879319968214,0,-5.47898183414927,0,1,0
136.75407802972515,122.5681864422988,0.0265314110186333,-44.6552659312492,1,-2.338612986362429,0,1,1
116.94178614095225,19.81229188877292,0.0260869087376956,41.61889503710723,0,0.3608534810405412,0,1,0
176.95223000025234,60.01044385930011,0.029981120122663,1.76637089280662,0,7.246596613852713,1,1,1
174.12258861478068,2.8296413854716604,0.0359452179163925,-55.060530009360605,1,-16.631421026158684,0,0,1
247.6124846923827,73.48989607760203,0.0310912529325565,25.197101952648595,0,6.5988523851363405,1,1,1
211.02806827586835,36.58441641651436,0.0332881402628072,-18.425014229524933,1,9.051308714558516,1,1,1
60.3406286723523,150.68743960351603,0.0347060802320042,47.52848409352467,0,-16.08224561786634,0,1,0
64.6621210164838,4.321492344131492,0.0495569355135562,-37.542845008324406,1,12.033319447928791,1,0,1
111.84564069295496,47.18351967647117,0.0499348787781127,4.204051633750936,0,-4.718340723645371,0,1,0
346.22050283794067,234.3748621449857,0.0521193208970659,-14.906419180733687,1,-3.9736142527567377,0,1,1
283.2711747570743,62.9493280808664,0.0655420256070675,32.438207184147814,0,8.136427935099514,1,1,1
214.95131275628432,68.31986200078995,0.0601013793663758,-36.06190846236932,1,4.393122714769282,0,1,1
124.0381990769534,90.91311367933092,0.0637067627733479,65.00475227061031,0,-7.274428972984147,0,1,0
246.6039776255648,122.56577854861136,0.0609355861328077,-65.53809382869845,1,-6.412043298504951,0,1,1
182.26923117026288,64.33474645530191,0.0579986491348419,2.8218923332403314,0,3.188276608018954,0,1,0
300.6653521319502,118.39612096168736,0.0428276704798499,46.30135512285624,0,13.504040604541087,1,1,1
120.26695312188562,180.3983990100646,0.0274177791415364,22.122151184636,0,-17.40522726650319,0,1,0
162.50082730246405,42.233874180578425,0.0260815505308805,-1.98499107049922,0,0.9924626692358008,0,1,0
54.80805950260024,107.69276779986382,0.0231980476807193,-64.67924989042676,1,16.58925655448447,1,1,1
329.8279616755128,275.0199021729125,0.0211254788547068,16.38529685001552,0,-2.161528484439067,0,1,0
381.5928478715359,51.76488619602316,0.0170236280721725,18.607210817857784,0,-3.499453579043415,0,1,0
325.4357476488918,56.15710022264415,0.0171527302819067,-39.55304945326497,1,-11.122909825494258,0,1,1
210.15455996832853,115.28118768056324,0.0334478566362972,40.16151014816128,0,1.791317927811591,0,1,0
122.26704544026452,87.88751452806402,0.0329732564385499,-6.470157976362046,0,-1.2073389157262149,0,1,0
27.509013326370397,94.75803211389412,0.0326674533573065,11.25162837724512,0,9.015453018905855,1,1,1
278.3440636897947,250.83505036342436,0.0354128483202201,26.552311038726582,0,-4.641719345404229,0,1,0
134.42580812393584,143.91825556585889,0.0353503307835488,-51.65564622657121,1,-7.021795030905813,0,1,1
264.5278663604799,130.10205823654405,0.039487731285177,29.15817902457005,0,4.870263330628209,0,1,0
125.4177987451007,139.1100676153792,0.0439321843775139,-16.741136603639475,1,11.387218466762942,1,1,1
160.26035879936651,34.84256005426582,0.045629317644103,0.4237110678785427,0,-1.2922178529997446,0,1,0
198.4802586021953,38.21989980282879,0.0525132294739996,16.97141423502167,0,-3.060610588908995,0,1,0
215.5541649790438,17.073906376848498,0.0562035913431291,24.32519943367097,0,-11.149365795501494,0,1,0
289.48201721923124,73.92785224018743,0.0513561756462013,-7.064391161151775,0,15.944946098908185,1,1,1
239.17824396291,50.30377325632128,0.0499926824170495,-17.880724814933572,1,-6.965460207825878,0,1,1
159.08078683358636,80.0974571293236,0.0494062091382123,-14.238748522661218,1,-0.798835974364156,0,1,1
340.67806097686247,181.5972741432761,0.0457799970769377,-3.00367904272607,0,8.78975133904354,1,1,1
144.4095414621057,196.2685195147568,0.0385058688968222,29.05126480389704,0,-18.504391001142935,0,1,0
290.5954327521551,146.1858912900494,0.0370759404857081,-45.512978177370286,1,10.94106359819392,1,1,1
294.66807211643106,4.072639364275972,0.0275544495814778,29.55566883352381,0,4.706943687078661,0,0,0
122.87145064007358,171.79662147635747,0.0359583091745949,-6.6170220740790455,0,-14.551078330663842,0,1,0
120.81026494863968,2.0611856914338915,0.0312173548569669,11.551983397122896,0,5.869631855187103,1,0,1
184.63401940241485,63.823754453775166,0.035762752137633,-36.954602628056456,1,12.406262342096753,1,1,1
287.1848147864168,102.55079538400192,0.0403706212041928,40.66689567637828,0,-15.313982657261183,0,1,0
216.82036017701316,70.36445460940365,0.0400438142324233,-5.500594368051637,0,6.387867634986155,1,1,1
220.4729923238285,3.652632146815336,0.040629869890271,-35.74829381874065,1,4.297791852571995,0,0,1
304.5580721519684,84.08507982813995,0.0519059734391788,21.558045425712194,0,-7.113903470552392,0,1,0
133.25695493841252,171.3011172135559,0.0486620877455477,18.31981324418507,0,0.3499878830160092,0,1,0
96.16369481595858,37.09326012245394,0.0404447346624603,17.838793167924322,0,-6.892097891089332,0,1,0
281.6700585507642,185.50636373480563,0.0411333115793585,-62.36037129848848,1,2.536499926347622,0,1,1
153.55577507861886,128.11428347214536,0.0447431609175367,-9.068816797014758,0,13.81031754189875,1,1,1
192.60944011974937,39.0536650411305,0.0487170871928646,12.513179186124944,0,-1.2458317019767406,0,1,0
72.73824799775564,119.87119212199372,0.045712083452092,65.9295661154919,0,-10.273582363073654,0,1,0
43.7530784194816,28.98516957827404,0.0454146368587183,-17.672278152560153,1,1.5414555343570768,0,1,1
139.2886384317903,95.53556001230872,0.0391736275276749,-12.320099101396949,1,1.1739824928224758,0,1,1
210.1186643842324,70.8300259524421,0.0294527983595398,-38.508476135598144,1,-1.8893359069555284,0,1,1
88.21718066775976,121.90148371647264,0.0251352395684425,22.642622568968,0,6.159361518123127,1,1,1
152.41569954732572,64.19851887956595,0.0212250650763073,23.93544151081941,0,-12.82166546617595,0,1,0
225.17890146945692,72.76320192213123,0.0238636208112644,14.451623527172757,0,17.34679250099742,1,1,1
224.6342472064814,0.5446542629755413,0.0189279592612805,-41.12487259817091,1,-11.590379247377602,0,0,1
177.46558368058638,47.16866352589503,0.0194319136085227,49.42932981014383,0,11.4344873654744,1,1,1
141.4711381124556,35.99444556813077,0.0197683544569484,-68.79627720457191,1,-8.359752884061042,0,1,1
71.83708689458489,69.63405121787072,0.0221855846014794,19.775960695120357,0,6.438903481669833,1,1,1
335.8423646501416,264.0052777555567,0.0228443513563389,39.07692302787271,0,0.9889769440973488,0,1,0
279.1621407401499,56.680223909991696,0.0232151305979507,-18.038547953438098,1,-10.489820305608268,0,1,1
118.8717205279678,160.29042021218208,0.0237986215182701,12.880310684722817,0,6.780719709713399,1,1,1
422.7092462089874,303.8375256810196,0.0269898379277442,7.750371661241687,0,-0.6582166627902204,0,1,0
353.6872357498923,69.0220104590951,0.0320685589111333,-32.038619461295575,1,-2.6279974812105458,0,1,1
103.65111799408776,250.03611775580453,0.025778655717142,-21.80553956957167,1,-0.1289085003918657,0,1,1
249.664305017916,146.0131870238282,0.0244873552225095,36.71678033403204,0,-3.2873081311911374,0,1,0
162.85088274877597,86.81342226914,0.023600456858287,-10.418177628246925,1,0.0997448254049517,0,1,1
93.91058909352412,68.94029365525185,0.0292154943406909,16.733561603788445,0,4.7592219332814585,0,1,0
79.26982429147495,14.640764802049176,0.0317605770701147,-20.87483601551572,1,-10.317619805653742,0,1,1
214.5708098898889,135.30098559841392,0.031847764432842,23.95180909187909,0,18.027875279707487,1,1,1
57.67778722491591,156.89302266497296,0.0280985764819579,7.27248862010741,0,-5.673701180098812,0,1,0
148.15257635867542,90.47478913375951,0.0253759369218498,-12.19475594481601,1,-4.130715662798016,0,1,1
346.514359793175,198.3617834344996,0.0266902891693257,-0.4742298207834636,0,-7.632750753919767,0,1,0
232.8389235741984,113.67543621897664,0.0385593883659975,-12.517265012129316,1,11.36413015978355,1,1,1
269.55511980247564,36.71619622827728,0.0411668568703118,-9.243786329996006,0,-12.245396947578095,0,1,0
256.1139185101283,13.44120129234733,0.056631983604454,40.0756515755081,0,13.242490646957048,1,1,1
69.96503386468146,186.14888464544688,0.0467721312022344,-26.19800997540797,1,-12.146854951360703,0,1,1
70.88694365352187,0.9219097888404092,0.0572853513906794,15.619517608645822,0,11.67155484471662,1,0,1
106.60881824524522,35.72187459172335,0.0598092814802228,-26.79579789454284,1,-5.004288468187294,0,1,1
128.55571299733208,21.946894752086862,0.0512797492174176,3.955906352051535,0,5.134814569986965,1,1,1
108.88128831051785,19.674424686814238,0.0505349111706069,8.642493253435049,0,-10.482623385529816,0,1,0
198.814978822315,89.93369051179715,0.0545165978019613,5.253067603054404,0,-0.4222883273109028,0,1,0
135.2385261077778,63.5764527145372,0.0532302770687507,-22.415730169096637,1,2.600822636042311,0,1,1
100.23010673210082,35.00841937567698,0.0540204586241323,-7.363265056261213,0,3.2817455442674994,0,1,0
261.6279858527087,161.3978791206079,0.0368535509740262,-9.3516004696014,0,-3.1696073268656377,0,1,0
133.19052806082885,128.4374577918799,0.0373625733562726,14.73804003134972,0,-3.420311350071585,0,1,0
246.9585432898436,113.76801522901476,0.0321770518244396,-16.992600983835473,1,4.860254278605412,0,1,1
277.2709822571365,30.31243896729296,0.0336906472024663,16.441898817699318,0,7.614656036462137,1,1,1
336.9450553382145,59.67407308107795,0.0268193145198797,36.63182616375952,0,-2.453495918919021,0,1,0
310.9771260729973,25.967929265217208,0.0194760562955396,8.19285670106413,0,7.604769016714611,1,1,1
415.0534090990189,104.07628302602154,0.0271814795700178,-31.99745687578138,1,-10.548057880579972,0,1,1
256.7530732808044,158.30033581821442,0.027935127087634,-34.48772722901926,1,-2.062386117051401,0,1,1
187.89030736169943,68.86276591910496,0.029661896041801,22.52401606282804,0,7.217543451095105,1,1,1
60.05067585286815,127.8396315088313,0.0247104423046518,13.96167436587286,0,-5.634414764594688,0,1,0
154.24166080761648,94.19098495474832,0.0257830432980842,-18.504380455962192,1,4.127009585404535,0,1,1
70.31112852008869,83.9305322875278,0.0238153410196244,-13.249246496844137,1,6.559560236662746,1,1,1
150.92532266858595,80.61419414849726,0.0221319305751983,1.733447753573671,0,-8.94196104054278,0,1,0
313.1712801860775,162.24595751749158,0.0189093490557588,19.768369469389626,0,-0.0202844529578989,0,1,0
338.0780235000541,24.906743313976563,0.0167313230671717,-20.600015451300514,1,5.539830350719322,1,1,1
322.67106163129654,15.406961868757548,0.0172026710766751,2.6475196774851995,0,-0.3817973648858999,0,1,0
110.50005387383936,212.1710077574572,0.018413291739623,49.88491929282793,0,-4.796904175844064,0,1,0
137.406685069028,26.906631195188663,0.0210971600242832,-7.521909154850945,0,-9.030221949880138,0,1,0
279.1412070796433,141.7345220106153,0.0210949426137921,-57.89978685021044,1,18.321332899156825,1,1,1
266.1471359121396,12.994071167503762,0.0386250659164162,21.189099769515515,0,-12.069331456507156,0,1,0
185.6386495527167,80.50848635942285,0.040031895591347,16.940513764086738,0,-1.212280091610487,0,1,0
127.28868798597355,58.34996156674316,0.0422356272751074,-37.70596100695936,1,13.296808336707963,1,1,1
140.0320632984987,12.74337531252516,0.0368629658349145,49.80500987234639,0,-2.1882323278034868,0,1,0
244.7372338800236,104.70517058152488,0.0285493987880476,-23.898089190641716,1,-10.8383715011296,0,1,1
87.24889326737048,157.4883406126531,0.0264863560677643,1.0186666213787987,0,-0.4381517216905024,0,1,0
41.30214938859565,45.946743878774825,0.0290403541330687,-10.54808913630758,1,8.252901737622828,1,1,1
177.5269300049651,136.22478061636946,0.0521784831858787,5.488130175570113,0,-7.732764802780618,0,1,0
286.3243742240812,108.79744421911607,0.0493782889612382,42.22087227040368,0,-1.65767878661347,0,1,0
346.9215998178707,60.59722559378952,0.046801215262902,-5.846953743186319,0,14.564777675257147,1,1,1
355.9264379107309,9.004838092860211,0.0481709504587557,11.77351366481608,0,-8.279212182867244,0,0,0
85.26372276614227,270.6627151445886,0.0460877125279554,-18.941961197315702,1,3.9357476694208815,0,1,1
47.64523892597359,37.61848384016868,0.0505638514486459,-9.690049484881255,0,-0.9888532312610678,0,1,0
156.43310745807227,108.78786853209868,0.050992457520286,-25.48923808493448,1,0.8494206991644386,0,1,1
247.79630861293697,91.3632011548647,0.0523951764588922,32.60792270959343,0,2.957279630668612,0,1,0
118.538873591559,129.25743502137794,0.0412806499898692,19.14422143161829,0,-8.052432865794062,0,1,0
161.31233879731326,42.77346520575425,0.0454650766850076,-66.95939926506146,1,5.052196927353888,1,1,1
131.8401512499209,29.47218754739237,0.0353422041990885,29.912370705878917,0,0.8687131012307336,0,1,0
213.37412057938943,81.53396932946853,0.0181032241808691,-23.4967614745854,1,2.9914150234589894,0,1,1
59.6838683429584,153.69025223643104,0.0199576016334872,52.90046144357625,0,-4.665757648866933,0,1,0
76.92366394606442,17.239795603106025,0.0192313110873013,-15.721459066800918,1,3.590381926644099,0,1,1
129.46861387186473,52.54494992580031,0.0255560187985037,21.244085948297997,0,-15.951553983698346,0,1,0
213.43291993253865,83.96430606067389,0.028380874711801,-65.32393556018893,1,0.6211698741623373,0,1,1
234.85396131116804,21.42104137862941,0.0289700384510508,67.4104445277953,0,0.6449919120452763,0,1,0
290.4042251959362,55.55026388476816,0.0279687139987061,-67.08272484754548,1,-0.27066234933808,0,1,1
172.17211418225742,118.23211101367878,0.0286558435317574,17.63273458597402,0,-1.1458851928418934,0,1,0
272.49760862016484,100.32549443790742,0.0267065212435208,-10.515204297156153,1,0.7010994676984788,0,1,1
212.26205592544676,60.23555269471811,0.0330633210294266,-0.8624066433897504,0,17.46672998162118,1,1,1
19.68650582222356,192.5755501032232,0.0332070493116518,2.102738711309822,0,-14.474505106337418,0,1,0
61.64916065830696,41.9626548360834,0.026687067566283,24.683837903323145,0,4.117261551894804,0,1,0
217.9014011388155,156.25224048050853,0.0248635280850723,24.331553282233173,0,6.871345247805076,1,1,1
199.56869338335392,18.33270775546157,0.0196962442544491,9.11319897989901,0,-14.0662139089513,0,1,0
77.44780048679112,122.1208928965628,0.0232861048048796,-26.51199332792919,1,3.981206644417776,0,1,1
135.4211923664402,57.973391879649085,0.0231158810337884,-32.730064093916766,1,-3.161579721823555,0,1,1
189.90682008345252,54.485627717012335,0.0259951928735763,-6.284870779194936,0,-1.9345980838037848,0,1,0
144.70883084035725,45.19798924309529,0.029521684249158,33.19511576352647,0,17.963945292062036,1,1,1
281.04067098464174,136.33184014428448,0.030190130894423,21.70004921909989,0,-2.047910892246108,0,1,0
157.98433475116187,123.05633623347988,0.0329990787375355,-11.617534597044653,1,0.4188031770410951,0,1,1
79.32397304870119,78.66036170246068,0.0331659646884955,-2.9903574908763915,0,-0.2123572347576114,0,1,0
203.61652654587516,124.29255349717394,0.0272972480851622,-42.77010955741324,1,-14.282265978138312,0,1,1
207.10073405773736,3.4842075118622238,0.0275765489071037,29.0712139344388,0,12.60860124017288,1,0,1
103.08842984357176,104.0123042141656,0.0310379836484455,11.107078456525734,0,-1.1425138893364115,0,1,0
202.9857280065395,99.89729816296774,0.0268362656070109,3.83261516357787,0,3.950883173145943,0,1,0
224.5906785472256,21.60495054068608,0.0237060062094786,-47.478679719604415,1,-14.12186176322831,0,1,1
262.73930614835814,38.148627601132574,0.0245392024663916,15.579753142688098,0,3.894442292249757,0,1,0
259.1402623637183,3.599043784639832,0.0265741843427119,60.01848275744789,0,-2.382317483235475,0,0,0
12.22373502668174,246.91652733703657,0.0270896491843829,-35.29137381279632,1,-0.7402138879416098,0,1,1
70.31369288077568,58.08995785409394,0.0248226581352359,15.599869093786523,0,7.88927738412075,1,1,1
258.8907464748804,188.57705359410477,0.0224865808073261,-31.636437580383276,1,-9.768766754507975,0,1,1
101.09063174648637,157.80011472839408,0.026407608374099,22.17482086577469,0,6.017275396714809,1,1,1
96.05960138974132,5.0310303567450205,0.0233894065585803,-18.31237731437446,1,3.636666555872356,0,0,1
215.81535935010183,119.7557579603605,0.0296083624972471,-4.760671824151331,0,-10.326747607135092,0,1,0
96.10613731039608,119.70922203970576,0.0311480396597089,9.155128142942084,0,2.533541405353903,0,1,0
170.02331515595907,73.91717784556299,0.0313080391853404,3.874395886875014,0,14.207718411331872,1,1,1
263.22676218015187,93.2034470241928,0.0313484570180427,-10.294403358974044,1,-3.438734524674935,0,1,1
111.88865189385024,151.33811028630163,0.0286287512095853,-5.8526621362470905,0,-2.3694931076639048,0,1,0
186.25031144994549,74.36165955609523,0.0260756420045294,29.266461305256605,0,3.580290616278189,0,1,0
41.01814917646542,145.23216227348007,0.0312104246095254,-19.44703201604797,1,-16.84001509924809,0,1,1
145.83991840501938,104.82176922855396,0.0433146297227509,-14.312515680322017,1,-0.1578803547756103,0,1,1
190.10112073417355,44.26120232915417,0.0414077049446589,44.5233341982435,0,2.957844031511132,0,1,0
219.5285060206097,29.427385286436163,0.0519278436830359,-2.7700901650278382,0,6.825809668842076,1,1,1
84.16247467985183,135.3660313407579,0.0513450932524873,13.045939775168437,0,1.4943317549615784,0,1,0
189.4256166979713,105.26314201811944,0.0569114814455773,-26.54374472530705,1,-9.12570351447584,0,1,1
271.71651951518527,82.290902817214,0.0509910308594036,-22.046560936575496,1,-0.8280582318276242,0,1,1
153.24094250214353,118.47557701304174,0.0505178942833478,46.74165373132163,0,15.120970224924022,1,1,1
55.63045216602251,97.61049033612102,0.0372900173528736,-46.672524677646514,1,-7.277312992476455,0,1,1
216.9203294275653,161.2898772615428,0.039395716980629,30.02395861060453,0,10.560518886317292,1,1,1
210.64862429454132,6.271705133023971,0.0450530683851996,-37.2166053754025,1,-15.262955333518146,0,0,1
267.41127004238416,56.76264574784281,0.03968459685425,35.10253434099904,0,8.357089059736248,1,1,1
152.92279223602844,114.48847780635572,0.0350546050275773,16.934597925771413,0,3.1437410686235463,0,1,0
132.22974660038034,20.693045635648105,0.0378627434502007,-24.073047121795213,1,1.3649998096348843,0,1,1
170.04557325247947,37.81582665209913,0.0262308481905923,-5.524527121848081,0,-11.326382810803132,0,1,0
235.373138300234,65.32756504775449,0.0314213682279685,41.80683305144488,0,-2.260772651307537,0,1,0
227.3516417902755,8.021496509958496,0.0534350971056558,-77.68166665828596,1,0.6562838082417843,0,0,1
76.88457820067346,150.467063589602,0.0486287671714595,24.742359151873902,0,8.812963924344235,1,1,1
129.59738495691676,52.712806756243296,0.0370374003997458,46.949342173662686,0,-2.888258627286575,0,1,0
138.4709518594449,8.873566902528154,0.0367523811909418,-22.07645380874999,1,1.5332308891458035,0,0,1
93.74750774983757,44.72344410960734,0.0386198333556773,-8.043632782098882,0,-11.569255292953835,0,1,0
300.3759013962874,206.6283936464499,0.0354016840373846,7.647554659319084,0,7.408891821772308,1,1,1
246.66002795692597,53.715873439361474,0.0336700473812899,-25.260044670773997,1,-1.616494859707764,0,1,1
227.6423134496247,19.017714507301235,0.0355297943800352,-20.061840987415543,1,11.072656493189816,1,1,1
94.392252380493,133.25006106913173,0.0362025050238379,16.31837577954373,0,-1.7504520298962731,0,1,0
194.1004028185811,99.70815043808813,0.037449827788562,4.907861158762714,0,-6.933736497799954,0,1,0
66.38144912647529,127.7189536921058,0.0456602447897232,11.469522440688642,0,4.019154334495324,0,1,0
60.36756353797788,6.013885588497409,0.0520833344840537,-6.877489268079074,0,-11.657003746853256,0,0,0
98.12584638595632,37.75828284797843,0.0520007548361074,10.168456767396052,0,11.79144114099674,1,1,1
447.0200892121677,348.8942428262113,0.0519860300782766,-25.99366725352617,1,-10.800929108743784,0,1,1
211.3645445070337,235.65554470513396,0.0608857340935793,-0.9626336973006816,0,12.336275711291352,1,1,1
255.5041187405213,44.13957423348762,0.0613880029075052,13.41312125010382,0,-2.803606647708772,0,1,0
18.77376996764953,236.7303487728718,0.0547865931621043,9.760213114687431,0,-5.466904117827344,0,1,0
124.73629604988854,105.962526082239,0.0559902330233485,-10.5589239183049,1,1.4069350736053865,0,1,1
120.6702459757885,4.066050074100033,0.0611104406766991,18.786691182996847,0,-5.61496827778639,0,0,0
193.8858838505889,73.2156378748004,0.0617010446410587,-21.324489503718112,1,4.653937759630075,0,1,1
287.5877285801752,93.70184472958633,0.050059139926674,-10.626969532088005,1,12.881088797631254,1,1,1
192.85171145287123,94.736017127304,0.0412081924849043,54.85272924559727,0,-9.613160953580866,0,1,0
373.62589611416337,180.7741846612921,0.0375463767572749,-52.97808091459577,1,-0.2388788113066606,0,1,1
231.6858434908734,141.94005262328997,0.0240083220288962,61.283143298602006,0,3.0997573387540545,0,1,0
253.15199007889865,21.466146588025254,0.025413760417892,1.66101475540259,0,-2.895699585061365,0,1,0
201.3504288259543,51.80156125294434,0.0189136138272034,-23.248022298496775,1,-2.578694199470076,0,1,1
243.1183413751689,41.76791254921463,0.013532800868832,-15.584224110565929,1,-4.319750513885017,0,1,1
295.02904195895616,51.91070058378722,0.0179331881961338,23.473426970623308,0,9.815873281961393,1,1,1
321.08116041782233,26.052118458866172,0.0230120884000766,6.222710756602169,0,2.3721436922509653,0,1,0
266.726431571816,54.35472884600631,0.0257001816138138,-13.088873482239592,1,3.4836046040615347,0,1,1
136.59756550820575,130.12886606361027,0.0213429924327154,-48.60376334108073,1,-18.40177592821095,0,1,1
239.789266069357,103.19170056115126,0.022835460789185,-7.924550880958101,0,1.27293109284232,0,1,0
117.95689398930568,121.83237208005131,0.0243961153617019,15.113076238870091,0,16.654905015246914,1,1,1
299.58104675873693,181.62415276943125,0.0375673854904401,-0.2695541444268627,0,-5.365002449135005,0,1,0
168.3504562333309,131.23059052540603,0.0421685868609571,-0.4811519172210339,0,6.535094738251427,1,1,1
210.05602823334897,41.70557200001807,0.0388647256826067,26.18038576718217,0,-10.54131364620173,0,1,0
65.64062278629218,144.4154054470568,0.0374809842185964,0.8249715932746042,0,-0.2831484774472432,0,1,0
29.27260461225244,36.36801817403975,0.0369566024955833,16.235006645040762,0,-1.448451817046713,0,1,0
199.38426786777063,170.1116632555182,0.0411344847496965,-41.72433869907688,1,-4.02891311055311,0,1,1
321.8113884419082,122.42712057413756,0.0372216859039843,-8.704628378016508,0,4.716279701561051,0,1,0
295.1087921490468,26.70259629286141,0.033032682916923,45.87450875712385,0,-7.279687375082616,0,1,0
200.26297855533937,94.84581359370742,0.0293375841871895,-14.567543581852505,1,9.893294893600338,1,1,1
36.96324251818543,163.2997360371539,0.0245845758760252,14.585890168621916,0,6.75793844489181,1,1,1
344.9179667497947,307.95472423160925,0.0199813226256964,-22.846432423774992,1,-10.520269068552611,0,1,1
141.81696927075956,203.10099747903516,0.0207440012371694,29.604423176171032,0,-4.531131943385156,0,1,0
130.13810041275283,11.678868858006725,0.0254760215926306,-5.455580547700123,0,17.582423336651996,1,1,1
107.20548036035306,22.93262005239977,0.0280257344247883,-2.5807137831323246,0,-16.89567428945862,0,1,0
194.12121305547592,86.91573269512286,0.0306904684838113,-49.82180575935446,1,7.994397757969471,1,1,1
215.7958407568561,21.674627701380217,0.0246054047625058,66.44439003066704,0,5.609763809492405,1,1,1
302.12685513606425,86.33101437920811,0.0258928927767211,-38.5213708204726,1,-11.136809597177038,0,1,1
375.4783230131917,73.35146787712739,0.0252692669017903,-19.279318494362087,1,11.782886650007269,1,1,1
366.9157271155333,8.562595897658355,0.0236321146035734,49.59783838955083,0,-5.689287983776195,0,0,0
406.7473897086807,39.83166259314737,0.0248950853433979,-21.52908805494034,1,-4.501789216514071,0,1,1
70.09515099792718,336.65223871075347,0.0291435762519761,-36.35756318116656,1,10.675070724989698,1,1,1
67.00567873368385,3.0894722642433265,0.0259023485951735,59.98928704494418,0,-4.873781256353038,0,0,0
126.84184833157512,59.83616959789127,0.029794877512289,-27.746720535751308,1,-0.1323145345040082,0,1,1
131.47524412049935,4.633395788924233,0.0358332687600133,25.591077855657147,0,-2.227494189024549,0,0,0
437.5293437361156,306.0540996156162,0.0381866021205311,0.0532066539958719,0,-4.585444600055806,0,1,0
404.2503256301874,33.279018105928174,0.0362948252270978,-52.452384719443536,1,0.6024591797602357,0,1,1
242.35245373205845,161.89787189812893,0.0339144114933488,41.06316901904288,0,-4.335627465246278,0,1,0
141.0249955487322,101.32745818332626,0.0334439698334729,-20.24710069886264,1,3.112892666466292,0,1,1
213.2797706593555,72.25477511062331,0.037679896685685,14.90118636589142,0,0.6820275971497409,0,1,0
302.56790926773914,89.28813860838363,0.0402602430742075,-36.62839319470558,1,-4.3824718681753545,0,1,1
164.11906571046836,138.44884355727078,0.0536262163144015,39.97092640679003,0,1.0322648809531707,0,1,0
67.04143688361282,97.07762882685554,0.0347075861950454,15.148517105364718,0,3.198765037171614,0,1,0
194.5055058475573,127.46406896394448,0.0367282875554061,16.74190248571057,0,8.139990691639735,1,1,1
312.71158282250445,118.20607697494717,0.0339876209115317,-53.322740336756894,1,-9.860350641769289,0,1,1
219.4938119714205,93.21777085108394,0.0331113510575549,-13.212383918121404,1,6.752292177132819,1,1,1
62.474786734000205,157.0190252374203,0.0343442268399816,16.862116157282593,0,-0.2789266878467646,0,1,0
301.144109123679,238.66932238967885,0.0455761394476268,-27.72789746810781,1,6.522696282562553,1,1,1
154.00849313621606,147.13561598746296,0.041270426972845,31.157667012630352,0,-4.497485484641334,0,1,0
104.08132628300513,49.927166853210935,0.0378092157176837,40.4652930232236,0,6.156705466045025,1,1,1
103.90147410899266,0.179852174012467,0.0480832645200547,-57.61907126380374,1,-5.777954187568788,0,0,1
204.89862425580344,100.99715014681078,0.0414789622891997,22.669484343874764,0,-12.051714630323026,0,1,0
265.483705040574,60.58508078477058,0.0428995578303824,7.591792412395051,0,7.119528681915124,1,1,1
315.2267065468549,49.743001506280905,0.0456353313520433,-31.416794695410463,1,6.351118083222122,1,1,1
271.8459762754091,43.38073027144583,0.0435367199520571,12.0158723052337,0,-4.478521632732367,0,1,0
299.1816141038395,27.33563782843038,0.0427517271054001,46.50016270330732,0,-1.1144804919582685,0,1,0
160.20478613939545,138.97682796444403,0.0426334386998781,-49.25030553172601,1,5.042955221485611,1,1,1
255.23028972186452,95.0255035824691,0.0343611608274785,27.170742451002766,0,-7.71625502488527,0,1,0
313.92608227949034,58.69579255762579,0.0336513088842154,-39.87288802130475,1,12.464903040804778,1,1,1
165.52778112416584,148.3983011553245,0.0360015546441658,42.63318885007644,0,-9.916688614025055,0,1,0
211.4934828577656,45.96570173359976,0.0356373946860287,-31.257789550411506,1,4.361484198538975,0,1,1
103.35811746420806,108.13536539355754,0.0435901514064258,-3.8305302584019074,0,7.022309113053254,1,1,1
46.30881029861667,57.049307165591394,0.0469058568704581,-8.567808001139117,0,-3.937060732323341,0,1,0
164.91244999862454,118.60363970000788,0.0340945784796953,-6.187263733362059,0,-5.077141423650744,0,1,0
189.70166277927655,24.78921278065204,0.0347202015214942,73.6828261102713,0,6.555288589558879,1,1,1
326.7868220200597,137.0851592407831,0.0338288399135899,-44.31639962618437,1,-5.978997395606449,0,1,1
339.4746728022585,12.687850782198836,0.0245553757051369,29.0968628952415,0,-2.3756856768234726,0,1,0
258.17588670755583,81.29878609470268,0.0244363483141159,11.397903804756382,0,8.635990207401122,1,1,1
40.84589784926245,217.32998885829335,0.0201697478937764,-57.2855090859548,1,-16.925951762141047,0,1,1
372.1170798535204,331.2711820042579,0.0207611118282365,53.26625278666812,0,7.606215597445319,1,1,1
421.7608836778185,49.643803824298175,0.0232488405193083,-12.945923858626614,1,-1.2894734038792564,0,1,1
97.39536765252367,324.3655160252948,0.0357019277068622,-10.40379935220929,1,7.421876795856717,1,1,1
265.95676716336965,168.56139951084594,0.0375608547494701,18.488060190350357,0,-14.030001824165366,0,1,0
286.1356153181026,20.17884815473297,0.0395234457183025,-55.87305830727159,1,12.965325273013208,1,1,1
325.3029500340877,39.16733471598508,0.0410464216279184,12.234860539939652,0,-6.289824857597915,0,1,0
194.46858241674212,130.83436761734555,0.0280360622327901,-10.603957006910452,1,-4.969357137633472,0,1,1
386.3848653078767,191.91628289113453,0.0431164955306,61.19357572136022,0,17.648748053853293,1,1,1
204.13359639689767,182.251268910979,0.0473212645181361,-63.77383283473966,1,-15.362040877695962,0,1,1
78.71534263775415,125.41825375914352,0.0413370346118666,70.49222094093582,0,2.738023821937249,0,1,0
133.13846254844557,54.42311991069143,0.0401000639358919,-69.60473654586474,1,-2.8416667933650848,0,1,1
224.6026672731269,91.46420472468137,0.0329795416511724,44.15427711615831,0,9.098892160252856,1,1,1
244.6467250601073,20.044057786980343,0.0267539051755015,-0.1060504012050387,0,2.410502335522676,0,1,0
375.2225827040464,130.5758576439391,0.0298270223849708,21.66017032020774,0,1.5624904114685003,0,1,0
252.18219148406897,123.0403912199774,0.0324886994480388,-48.64909343505381,1,-10.992852333948347,0,1,1
27.537831630557022,224.64435985351196,0.0324906614161834,0.7103520194710669,0,4.271103471747052,0,1,0
121.95228560219034,94.41445397163332,0.0325490547138534,41.142511711107005,0,2.7740846664934957,0,1,0
66.51715105593796,55.43513454625239,0.0334083616846973,10.582579712482897,0,-0.6747329947160008,0,1,0
27.30080790869008,39.21634314724788,0.0338718759428983,-75.87494192054744,1,1.7301243699082889,0,1,1
134.26194944453462,106.96114153584456,0.0328445240650002,48.414251362641394,0,1.0740022005789864,0,1,0
125.63604188116,8.62590756337461,0.0388086334337003,-31.334181630223355,1,-13.445078951469016,0,0,1
116.80680525620063,8.829236624959378,0.0420745722837307,38.74581101671403,0,1.41675337240722,0,0,0
145.18479435004662,28.377989093845983,0.0507937133413038,3.5805376887887803,0,11.320200496448484,1,1,1
228.17294720919767,82.98815285915106,0.0538324384262465,-0.8154761811317428,0,-5.152910312084391,0,1,0
307.07582801300265,78.90288080380498,0.0425683236656563,-26.161150449491032,1,-0.9928348567459508,0,1,1
223.47820077300747,83.59762723999518,0.0373256761824078,-22.216783193107112,1,0.568126680100443,0,1,1
177.07268407847752,46.40551669452995,0.0414049850738965,34.15705956341741,0,-1.6682822329246765,0,1,0
105.79855797205371,71.2741261064238,0.0325240150875102,16.341875369652243,0,4.380829982992646,0,1,0
211.7119343217446,105.91337634969086,0.0336547312484427,9.852554083570707,0,-5.354839398512334,0,1,0
284.66827746085346,72.95634313910887,0.0245771426869896,-36.76405402696524,1,6.269797158710457,1,1,1
267.05887254447026,17.6094049163832,0.02738598845429,-16.557514132148903,1,-8.683565701441836,0,1,1
541.2335287809188,274.1746562364486,0.0333232581559989,-10.1482339204975,1,11.10103596193899,1,1,1
425.1043439138679,116.12918486705092,0.0381645098651379,54.30229077185752,0,0.4782212191698836,0,1,0
243.46424497827095,181.6400989355969,0.0301494476296609,-20.984299250852622,1,-4.061583166992092,0,1,1
215.77649610292468,27.6877488753463,0.027061581708612,11.110938027716353,0,-4.183947069502045,0,1,0
147.03436490691337,68.74213119601131,0.0284580189966082,-41.195495346585226,1,-7.098537790253642,0,1,1
175.12710622223557,28.0927413153222,0.0279139382341292,-12.212926675391166,1,2.142717984289036,0,1,1
92.53132082071124,82.59578540152432,0.029890890734622,76.8802231741521,0,-0.8369091932529176,0,1,0
233.12529002108505,140.59396920037378,0.0385542733002229,-12.535473192426096,1,-1.3896397527960325,0,1,1
335.4809867218482,102.35569670076316,0.0352346660987098,-32.86894259903285,1,14.240294935040742,1,1,1
98.48835174110216,236.99263498074603,0.0340673471252078,4.569710036569944,0,4.676939760709821,0,1,0
154.45118056627427,55.96282882517213,0.0291721497259858,37.75340600381267,0,-18.897969892751583,0,1,0
241.89560356227636,87.44442299600206,0.0265126218026478,-57.71320609955644,1,2.03044672993298,0,1,1
135.11664191689792,106.77896164537842,0.021522090327035,47.61427213812323,0,14.959705151088146,1,1,1
204.308769302265,69.19212738536709,0.019524241629035,-62.79193259234674,1,-3.4434721974725946,0,1,1
182.54414596157983,21.764623340685176,0.0206475345024254,68.62266066580435,0,-5.675837059598772,0,1,0
100.31363986079616,82.23050610078367,0.0200925471677834,-22.91430240009868,1,11.76172241942025,1,1,1
46.2793387528018,54.03430110799436,0.0302556666676322,-8.936483759895296,0,-8.383503513546408,0,1,0
288.3778055943753,242.09846684157347,0.0292463974139204,18.3103794225662,0,1.9195534191886607,0,1,0
237.45262117454533,50.92518441982995,0.0299071437448275,-51.10452567166445,1,-0.3284529182783053,0,1,1
38.858398816633006,198.59422235791232,0.0379603705557797,10.231426048166078,0,-8.609494734932374,0,1,0
282.3110412021709,243.45264238553787,0.0461096622608269,16.915290020422873,0,5.30845559377196,1,1,1
343.8474255205431,61.5363843183722,0.0495030524042248,16.870487567372813,0,-5.434262224543333,0,1,0
311.59111438022745,32.25631114031563,0.0474181581901292,-37.86543092055034,1,5.861064633145962,1,1,1
159.31754658773048,152.27356779249698,0.0440240257026169,18.795520871619008,0,-9.573666227980349,0,1,0
87.44958182471548,71.867964763015,0.04377400507156,-9.487958117826231,0,7.023559160861726,1,1,1
66.01843090441898,21.431150920296503,0.0471718241630621,30.77412340580647,0,-0.1949820792644798,0,1,0
78.01965699510954,12.001226090690563,0.0385665866805729,21.89672658750439,0,-1.6115890207328745,0,1,0
226.62685199434085,148.6071949992313,0.0480053607188869,-60.263945299411205,1,-4.248033593731753,0,1,1
218.55273980049805,8.074112193842808,0.0611126059532832,1.8625608486629943,0,13.834762361943978,1,0,1
148.4239103489763,70.12882945152174,0.0610054922208888,32.90138686269454,0,-7.01024391948808,0,1,0
339.86807537985874,191.44416503088243,0.0612128655908114,-11.757277674935054,1,7.870366289464229,1,1,1
59.53803708723101,280.3300382926277,0.0636912149517933,21.163367743382366,0,0.4350811832063073,0,1,0
36.58694650796582,22.95109057926519,0.0700569899848799,-34.41754227149991,1,-12.442596960395385,0,1,1
316.1897841964802,279.6028376885144,0.0425147994822688,20.55474312271216,0,4.154654477940685,0,1,0
261.9139004542212,54.275883742259,0.0464743027250586,-12.639317330423566,1,5.992877828204231,1,1,1
159.04813851696665,102.86576193725458,0.0438545087996335,-8.445119793703924,0,-4.429557030682778,0,1,0
118.88428690803104,40.163851608935616,0.0389404729543471,35.84258074834147,0,7.111441534561489,1,1,1
136.15422569904158,17.269938791010546,0.0425413141911019,5.327786966622256,0,-5.66998445379129,0,1,0
202.4142808866243,66.26005518758274,0.034315928231897,-37.35538350184287,1,1.1602392029032007,0,1,1
272.80572888086954,70.39144799424523,0.0276094208000208,23.52163063257245,0,3.148849933722774,0,1,0
77.5559241196705,195.24980476119904,0.0261943297018437,-35.550435827791176,1,-13.29602713832388,0,1,1
231.18271399229567,153.62678987262518,0.0249731907158319,48.99011943286845,0,9.240522605790868,1,1,1
93.17377680597524,138.00893718632042,0.0264640765312342,-40.77737021459209,1,-9.97636738307814,0,1,1
192.47653394094127,99.302757134966,0.0318565629720586,-8.823680758810369,0,3.5024250954578204,0,1,0
383.4333638693755,190.95682992843425,0.0276788311610063,61.52053200349739,0,-0.9595883422491962,0,1,0
427.5307857866155,44.09742191724001,0.0260042016534585,-41.398169177332015,1,7.090087684745233,1,1,1
139.37972222075337,288.15106356586216,0.0274396805655086,17.681250591978944,0,5.536525754572246,1,1,1
188.78960727676665,49.40988505601325,0.0245933900086316,13.257075698138266,0,-14.221855376798738,0,1,0
237.97227854603116,49.18267126926452,0.0237206484478375,-9.845683389818303,0,12.711738361931378,1,1,1
169.9546087943536,68.01766975167754,0.0334833251261285,-9.718581054508846,0,-12.506608044486718,0,1,0
305.672111454974,135.71750266062037,0.035513768581488,-15.443727593891708,1,0.93211174851356,0,1,1
32.10411866759353,273.56799278738043,0.0374704125042992,43.75276619259539,0,14.545369688132777,1,1,1
92.13266816041283,60.02854949281932,0.0322152790808956,-62.79848229079592,1,-18.144220834968223,0,1,1
242.49561409183988,150.36294593142702,0.0301552047881812,60.030217040151264,0,3.748297714537681,0,1,0
246.55811744178916,4.062503349949253,0.0242939447192035,-13.925671249281592,1,0.3682410008975938,0,0,1
395.6102275221652,149.05211008037605,0.0302554723195154,-11.0750523185869,1,1.326489442051164,0,1,1
268.0793335211033,127.53089400106188,0.0328276503134793,-19.73303318317185,1,1.630622874269191,0,1,1
146.5424649110082,121.5368686100951,0.0597351789753719,-14.296288458974388,1,-5.204673905114079,0,1,1
113.06254214907766,33.47992276193055,0.0584961430943064,23.76931197646239,0,7.305525360886034,1,1,1
306.93738969069256,193.87484754161488,0.0510104708550824,27.247917210971195,0,-1.3820782503828966,0,1,0
307.23700357074875,0.2996138800561994,0.0504249254019168,-3.0759836407232517,0,4.51166887102721,0,0,0
284.8129531559161,22.424050414832664,0.0416776052255149,-7.989401792420054,0,4.851676463069035,0,1,0
232.785593999847,52.02735915606908,0.0456998167280108,27.764597544648737,0,-11.395947478656216,0,1,0
87.26644817906524,145.51914582078177,0.0613554562791918,-1.5891921062367658,0,4.975350282474079,0,1,0
28.117290015051623,59.14915816401361,0.0560574110647141,-45.8103916986891,1,-3.5022080823881945,0,1,1
111.27622234310046,83.15893232804883,0.0514484082141026,-16.597642540654228,1,-6.622541781037102,0,1,1
246.375049821096,135.09882747799554,0.0508508262118923,21.70431417255383,0,15.616501660775263,1,1,1
120.05650054864375,126.31854927245226,0.0473465022432495,30.45906717528861,0,-3.737178482703092,0,1,0
123.71175644145734,3.655255892813585,0.0417495519553209,-30.88108174495296,1,-12.640883392333109,0,0,1
312.9685609375486,189.2568044960913,0.0291606417990013,-9.80648981180198,0,4.947993396546673,0,1,0
223.1405115775788,89.82804935996981,0.0353866816323276,32.4199628442524,0,1.1883492957272024,0,1,0
74.34282627500922,148.79768530256956,0.030629466720519,-7.287527104358134,0,10.050842710843298,1,1,1
73.39863834551203,0.9441879294971898,0.0257994891525558,25.48482066191136,0,-1.016366602488878,0,0,0
100.82390676503296,27.425268419520947,0.0260511073141239,-33.55501509934496,1,-7.291387165423564,0,1,1
167.2517159034038,66.42780913837083,0.0296006190634703,33.45697677861716,0,-4.776032717137488,0,1,0
102.53614848145418,64.71556742194963,0.0371964953236391,-54.12287037939845,1,4.573798726054584,0,1,1
281.1772824819189,178.64113400046472,0.0414025545809622,45.91102792023898,0,8.482283396351516,1,1,1
118.41262503265808,162.76465744926082,0.0461916735924906,-41.11192078157958,1,-7.155099241645942,0,1,1
115.8051480634151,2.607476969242981,0.0462660039549254,36.70004734673581,0,-6.73042344061596,0,0,0
163.12465480071432,47.31950673729922,0.0453440609619997,9.304835367764184,0,-1.5464543176959555,0,1,0
163.56106695753584,0.4364121568215182,0.0375351670387443,-24.22360799538553,1,5.895755997780789,1,0,1
173.0537234778004,9.492656520264546,0.0424276037071589,8.42864025322298,0,-3.699449225385012,0,0,0
26.396298418168985,146.6574250596314,0.038129547374457,18.407248836182035,0,11.933567348816124,1,1,1
152.96492182495714,126.56862340678816,0.035673477566188,-46.67865883486582,1,-9.32568728883114,0,1,1
247.53743118052,94.57250935556286,0.0322586024969048,10.914181028889786,0,11.97392433878668,1,1,1
174.59259597427294,72.94483520624706,0.0310944019637634,30.936655614076138,0,-5.202074831666758,0,1,0
315.4128072677506,140.82021129347768,0.016693667799532,-18.038081900487956,1,-4.473710591234921,0,1,1
130.16254784890518,185.25025941884545,0.0190987475711591,16.062016615539576,0,4.3278758902055685,0,1,0
135.9704243410189,5.807876492113735,0.0194183493396606,-20.42692790191744,1,-6.297671625843819,0,0,1
244.32067252993653,108.35024818891762,0.0200623190194265,9.718206103370434,0,-3.077001879893087,0,1,0
143.62412449057246,100.69654803936407,0.0200753935827898,-58.133571929388005,1,16.45707431771242,1,1,1
142.8396013469217,0.7845231436507447,0.0255983511836522,26.128855736649506,0,-8.020322987474307,0,0,0
233.4381017252156,90.59850037829388,0.0269548288075596,34.4598085772833,0,-11.116666485897593,0,1,0
157.2578106148161,76.18029111039951,0.0281060223637652,-29.31302293282259,1,6.059721700815423,1,1,1
376.4306230181607,219.17281240334452,0.0395884462552667,-3.292897904965244,0,-3.0155942433982914,0,1,0
349.0812700966049,27.34935292155575,0.0422638859976002,47.09644073818761,0,1.9729763812775487,0,1,0
136.02331258681735,213.05795750978757,0.0394777940873834,-31.92029951377181,1,-4.049355869120077,0,1,1
275.1383766460037,139.11506405918632,0.0313724345703344,-28.80451254598131,1,3.787402164820272,0,1,1
179.77717482413215,95.36120182187152,0.0343114780973896,22.37876830673472,0,8.758609451164697,1,1,1
366.876938050975,187.09976322684287,0.0334142617988634,3.715567054748213,0,2.7518689371794096,0,1,0
75.21072807311063,291.6662099778644,0.0311202529269903,37.6048285602167,0,-9.464350595185037,0,1,0
321.5392557083451,246.32852763523445,0.0305909660282051,-21.640967605953577,1,3.5014746183185474,0,1,1
147.96837737715072,173.57087833119436,0.0270812742019386,-15.90539267244666,1,-9.613503032764974,0,1,1
327.02450749089166,179.05613011374095,0.0246915860603157,-6.99290956563312,0,0.9802040702864389,0,1,0
372.7502654433376,45.72575795244592,0.0258707459181678,38.68033555125834,0,9.222466829377812,1,1,1
285.00576439479005,87.74450104854753,0.0387423567530949,-21.56431032968605,1,5.773055378827102,1,1,1
111.2769653321544,173.72879906263563,0.0402317528550642,-23.188343018798363,1,-15.05177891561558,0,1,1
7.324295059861163,103.95267027229325,0.0327150553735019,8.68348586162017,0,6.611174070640896,1,1,1
137.9047615127341,130.58046645287294,0.0304848151671085,-14.920446276082744,1,11.03755998528266,1,1,1
24.717426758445708,113.1873347542884,0.0359651845490341,54.584311848135656,0,-4.632642449500391,0,1,0
177.91566154092428,153.19823478247858,0.0369095939125836,-20.678687715527587,1,-10.823786501898406,0,1,1
185.3205475694376,7.404886028513346,0.0367572350008606,-24.77174582070069,1,1.7514209377125671,0,0,1
449.46119265622497,264.14064508678734,0.0480032997656547,-16.726804783534227,1,13.254839306111776,1,1,1
242.50747793009705,206.9537147261279,0.0601398286908244,-0.4955294054018893,0,-14.538570787931402,0,1,0
184.4643767254107,58.043101204686366,0.0601463087880038,24.057850729854785,0,4.3983937783176446,0,1,0
191.8123685003613,7.347991774950628,0.0606787778733302,-0.8140135235582378,0,-1.7059465680737134,0,0,0
96.08106327705144,95.73130522330987,0.0543158244936493,-3.982272896760513,0,2.688575567637635,0,1,0
143.11440098769376,47.03333771064233,0.0539536292930674,34.72139119106754,0,-5.069172900054329,0,1,0
222.116359704662,79.00195871696823,0.0574996704569696,10.190167057966804,0,8.63540485996278,1,1,1
338.32862669153803,116.21226698687605,0.034582929036517,-49.94879551257957,1,-8.675188875904977,0,1,1
214.6898757468368,123.63875094470124,0.0339321750252535,-4.817003105727409,0,7.350207363614665,1,1,1
30.401401049237343,184.28847469759947,0.0271225835747903,38.0400118360269,0,-4.886640857067477,0,1,0
266.3768377722093,235.97543672297195,0.0263589403139565,-25.62542700090394,1,-2.125863591399012,0,1,1
287.9689108907002,21.59207311849093,0.0311338814880209,-18.577948139947157,1,8.870529974000402,1,1,1
169.55539546060908,118.41351543009114,0.0380943288179319,-2.930346436231879,0,5.404742956673147,1,1,1
120.45247301415772,49.10292244645135,0.0415951822859133,7.970279680226788,0,-1.917286737781396,0,1,0
257.2489182704325,136.79644525627478,0.0392426471382433,-22.33953037753832,1,-15.65080098102802,0,1,1
349.01979828784005,91.77088001740752,0.0393212535110188,75.20850479276115,0,7.351567913359609,1,1,1
391.94554451203055,42.925746224190505,0.0408514231670161,-40.89448496216825,1,4.8073231593147305,0,1,1
189.4284659011581,202.5170786108725,0.0267716812229236,-27.7921363629546,1,-2.6432820952786464,0,1,1
81.33413279968937,108.09433310146872,0.0250751622068965,6.568796506146754,0,3.2748198349401374,0,1,0
112.35744395157656,31.0233111518872,0.0231515990237838,12.670454485123344,0,4.9752661732948855,0,1,0
194.43662601461185,82.07918206303525,0.0237225165297125,18.268490697793546,0,-12.656966639928706,0,1,0
181.71744013474893,12.719185879862891,0.0276685344566179,12.161770897946312,0,8.57202698540167,1,1,1
104.69950691991396,77.01793321483497,0.0307685521101587,-31.669191238416545,1,-13.53603683276066,0,1,1
170.1458888383026,65.44638191838864,0.033910076394878,51.981223467590496,0,15.513538315645524,1,1,1
250.5090743975978,80.3631855592952,0.0338712171822374,-15.784366350990524,1,-1.8263198171593995,0,1,1
59.56068963126639,190.9483847663314,0.031690109370213,5.238949364623508,0,-5.149295667167239,0,1,0
245.2302795599397,185.6695899286733,0.0291486707409359,-40.172246484409456,1,6.001320220146887,1,1,1
289.14622268646787,43.91594312652816,0.0291048483404562,4.585241364219009,0,-3.088200495105294,0,1,0
139.0247654460812,150.12145724038666,0.0296656203372493,12.568046276919992,0,-2.287944250310826,0,1,0
220.56592162140373,81.54115617532253,0.0347038378623734,-6.909185808293998,0,7.875485583687524,1,1,1
192.6443926883484,27.92152893305536,0.0385766843910362,-15.344413661636509,1,-16.314705898263064,0,1,1
233.33641399109837,40.69202130274997,0.0391500833198733,58.99033012673259,0,17.25404909742146,1,1,1
118.53557309105152,114.80084090004682,0.0368220929516164,-11.913067132193888,1,-16.7706958963785,0,1,1
116.32792294750992,2.207650143541585,0.0327434433978362,-48.8296187159149,1,6.51486169846322,1,0,1
104.59857814469991,11.729344802810004,0.0388440588484568,52.352896018119175,0,-4.975299302586674,0,1,0
106.2976371003532,1.699058955653257,0.0407536876989627,-24.441006267440088,1,0.81005305172138,0,0,1
222.68500806891575,116.3873709685626,0.048611148390582,-45.94591339829731,1,7.198366432095468,1,1,1
376.8865053887397,154.20149731982386,0.0520939288646755,26.68714656830041,0,-11.942436565213695,0,1,0
157.33525713054334,219.5512482581963,0.059620119478668,-25.633489724143168,1,18.12073271798265,1,1,1
122.9583517180809,34.376905412462435,0.0452200410726203,4.963021744588069,0,-13.22249309574002,0,1,0
293.6687848835141,170.7104331654332,0.046823746170756,7.29654201940194,0,-0.1417911716717128,0,1,0
125.61831138967617,168.05047349383793,0.0471806631291209,24.43370697613364,0,11.82062329211924,1,1,1
192.8178174695661,67.19950607988994,0.0453552975842385,-8.248794903278394,0,-1.974550865877692,0,1,0
385.7068133139091,192.888995844343,0.0394194655715296,-18.583402836931487,1,-1.8622851127955824,0,1,1
341.6499945086282,44.0568188052809,0.0306270293355693,19.644740261262168,0,-10.50726960769718,0,1,0
291.5021768851548,50.14781762347343,0.0298950278160944,-7.217274723490803,0,12.4651653700661,1,1,1
126.21288535435754,165.28929153079724,0.0267202598896602,8.465315821785097,0,-8.177008555526237,0,1,0
368.9907705428949,242.77788518853737,0.0340567377329309,-19.027604211275037,1,12.66244712000223,1,1,1
375.7821312079544,6.791360665059472,0.0393568765978874,34.992012177383,0,-6.4527820460873055,0,0,0
197.49179183993053,178.29033936802384,0.0377486329376517,-45.21438502552805,1,3.2928705888577827,0,1,1
296.8509458288417,99.35915398891116,0.0356119572443171,27.467678891865027,0,-2.0421556560734704,0,1,0
446.2267342230748,149.3757883942331,0.0344355655066324,40.56067694156829,0,-2.790938978396632,0,1,0
256.488129065723,189.7386051573518,0.0317057944881081,-38.0172318304345,1,2.441614227410348,0,1,1
36.79782053288744,219.6903085328356,0.0309862058994562,1.712772871140352,0,-2.376704501559642,0,1,0
233.09665880743808,196.29883827455063,0.0342718689677761,-29.845702575765777,1,-10.925704767787892,0,1,1
136.57608912424843,96.52056968318962,0.0431213059558099,42.9884512395702,0,5.886491000196626,1,1,1
112.68458978084786,23.8914993434006,0.047055417560568,26.483080374549942,0,-0.5821124375869049,0,1,0
101.7158343787003,10.968755402147565,0.0493176435161308,-51.583392242208845,1,7.951113785878685,1,1,1
246.50589102521175,144.7900566465115,0.0451149848493075,8.13130016439112,0,-2.756000144856813,0,1,0
179.61647313671372,66.88941788849806,0.0507367989699323,15.592516274284408,0,0.686312037409321,0,1,0
223.81977871676244,44.20330558004872,0.0506031907172737,-39.59575534905004,1,4.72985557034197,0,1,1
271.4965118459822,47.67673312921974,0.0519217656802539,68.56578310290173,0,-6.433488846180552,0,1,0
327.1196800296561,55.6231681836739,0.0493631500789715,-38.6149420146893,1,-6.140598782039441,0,1,1
181.98164204096776,145.13803798868832,0.0530953442531284,-28.200029550456392,1,-4.116750459227241,0,1,1
93.43047543100906,88.5511666099587,0.048694278738818,17.61047623681673,0,2.9411571329279877,0,1,0
120.15363069275436,26.723155261745305,0.0362307431071776,3.0882928700564065,0,-2.578368843177452,0,1,0
204.194912247122,84.04128155436764,0.0320515577944627,-2.276270851772473,0,4.12971654422209,0,1,0
218.4200286073008,14.225116360178788,0.0346151812696516,27.827689364925995,0,7.958645452445788,1,1,1
33.53901688328209,184.88101172401872,0.0311946974648655,-27.81623362558136,1,-9.671564700576525,0,1,1
120.19755463897722,86.65853775569514,0.0260093008739146,-1.733341021540447,0,-1.3899145273888402,0,1,0
150.0409728515075,29.843418212530267,0.0320481513503946,-0.1412354358156662,0,17.778627138168464,1,1,1
89.00601381871179,61.0349590327957,0.0330031115453371,36.46079938333054,0,0.5210087450338641,0,1,0
144.6279305837196,55.62191676500781,0.0358243487604912,-37.55735953618815,1,-7.19763023290542,0,1,1
240.63413291884876,96.00620233512912,0.0363229171248733,-23.55067430761431,1,-10.569142372554834,0,1,1
101.2648555940475,139.36927732480123,0.037475453879152,28.12296354721973,0,14.259084768848066,1,1,1
110.11607044403688,8.851214849989375,0.0384109344139457,-6.983836599362881,0,-5.646138783552075,0,0,0
223.4992172441758,113.38314680013892,0.038209442156162,50.462405659010365,0,-7.142801788409091,0,1,0
550.9631135988022,327.4638963546264,0.0289092514485645,-34.488885976484,1,7.872371844344453,1,1,1
494.7318356909093,56.231277907893,0.0327195921840937,-19.466467327146734,1,-10.726201448857,0,1,1
176.6824251014202,318.04941058948907,0.0297932063843925,59.76064083696945,0,18.6617797373242,1,1,1
293.2241952994797,116.54177019805948,0.0391523726203278,-58.787129135265126,1,-2.930112219920126,0,1,1
66.48905636291585,226.73513893656383,0.0407872100648831,41.30239317388861,0,-11.303771633783471,0,1,0
272.31094365912105,205.8218872962052,0.0409295813361101,-9.077882059907893,0,3.162699492880664,0,1,0
183.4807651054987,88.83017855362235,0.0340856935571799,-14.985802124471364,1,-0.4725662319553301,0,1,1
144.10523358924297,39.37553151625573,0.0354477895094141,-4.511439220704659,0,9.32421183086024,1,1,1
206.50984817395084,62.40461458470787,0.0347634404012136,37.32379014332341,0,-10.137196151003124,0,1,0
313.04159828415226,106.5317501102014,0.0319437691732921,-31.78400725585022,1,-6.133083957503647,0,1,1
271.3999258033012,41.64167248085113,0.0365246966836805,-7.978019950330896,0,3.3341736637103314,0,1,0
69.6757501078861,201.72417569541503,0.0345819526707602,-1.6885547468347752,0,0.0176161532290413,0,1,0
144.2647681874683,74.58901807958219,0.0277208469217052,-6.27057600735391,0,14.673427810624606,1,1,1
219.37669942555868,75.11193123809039,0.0285125262023986,10.64783574415761,0,-0.5037255997372938,0,1,0
203.2514461359109,16.125253289647787,0.028425210010441,-23.12383711141505,1,-12.469229620347347,0,1,1
69.38367133427231,133.86777480163855,0.0255759775957665,-4.383596397858298,0,-5.95652373765132,0,1,0
106.62441498373776,37.24074364946544,0.0272652697313599,38.10755978028415,0,10.28461061606018,1,1,1
55.73679888280208,50.88761610093567,0.0256207284258142,-6.976480094581952,0,5.60484581920406,1,1,1
144.37307519952603,88.63627631672395,0.0236714727686537,-22.469539912239853,1,-10.5726987985204,0,1,1
151.28483304155554,6.911757842029516,0.0275445545082651,-5.327445655187624,0,3.408780882054065,0,0,0
205.07041452685337,53.78558148529783,0.0263362034014684,2.917442068097042,0,-5.325096429655103,0,1,0
114.24151967684958,90.8288948500038,0.0244289601825776,13.758181144048304,0,3.09212129899054,0,1,0
307.5095197715525,193.26800009470293,0.0247384253486433,10.899213450550874,0,8.629154667012699,1,1,1
437.5456524256298,130.0361326540773,0.02803210942439,-20.650764655547636,1,-6.611434564528054,0,1,1
283.21584220931464,154.3298102163152,0.0325319125555982,44.98198998487665,0,0.3797913824515664,0,1,0
179.2703183269683,103.94552388234638,0.0265043630576627,-44.98404840128781,1,6.845616056568291,1,1,1
243.49199469459228,64.22167636762401,0.0263052212134503,-5.535834331774996,0,-0.5315780855805272,0,1,0
190.78919958706803,52.70279510752425,0.0239123796765894,69.63427354212665,0,-11.516398952001554,0,1,0
240.95284026347773,50.1636406764097,0.041044338593019,-43.74746448026231,1,4.562387694066684,0,1,1
143.24489682040252,97.7079434430752,0.0398788566003719,-22.216363685360605,1,8.671713135938681,1,1,1
236.98699295068525,93.74209613028272,0.0420622687469222,57.96399446906227,0,-7.842403075362849,0,1,0
255.32812995199507,18.341137001309814,0.0460049180215788,-53.07722587459951,1,4.100516009650908,0,1,1
544.0039908965679,288.67586094457283,0.0454817169867655,55.55906646142997,0,-7.116026672334375,0,1,0
272.45055518463744,271.55343571193043,0.0353104181415708,-64.52952813703608,1,-4.928071754967689,0,1,1
75.84103973847914,196.6095154461583,0.0346094454256185,57.82830738338744,0,2.106809399683678,0,1,0
114.24466003819693,38.40362029971777,0.0382517114561015,-52.60380698526672,1,4.736437211999231,0,1,1
269.11215737277746,154.86749733458055,0.0348667887673543,60.32564319621243,0,-0.9650772751434644,0,1,0
373.905297112674,104.79313973989656,0.0412949797363071,-29.127520468838853,1,10.843474648044182,1,1,1
232.42919475264148,141.47610236003254,0.0358815064452455,-30.746395757368767,1,-7.000361806234036,0,1,1
209.34498475876325,23.084209993878236,0.0401518219771573,52.39250868328524,0,1.6306545322936472,0,1,0
285.08336430423446,75.73837954547122,0.0413789682014474,-36.33952496942855,1,1.2305463520414612,0,1,1
138.6656827002857,146.41768160394875,0.0424173957573235,27.37899432730326,0,-3.141135686050428,0,1,0
407.01630298867263,268.3506202883869,0.0437440736527231,-7.149815976468389,0,4.76039477955954,0,1,0
366.0986770513241,40.91762593734859,0.0421517176375822,5.668304070444222,0,0.2690962992184147,0,1,0
126.93719832521408,239.16147872611,0.0512215479488815,-29.64637023690221,1,-8.634290250997367,0,1,1
97.30757371437424,29.629624610839823,0.0430878616393413,47.60884741887115,0,-5.332016365809054,0,1,0
95.12141377602296,2.1861599383512957,0.0426085378276031,-30.32098727085814,1,18.031381497022632,1,0,1
33.6864110676344,61.43500270838855,0.0359195145252199,-38.580202906604654,1,-6.874670556419529,0,1,1
327.9648870315752,294.2784759639407,0.0359682931979677,-0.8661282106466714,0,1.3259074528172228,0,1,0
208.18469217909643,119.7801948524787,0.0279540170867031,53.71964963923474,0,0.955598667139668,0,1,0
99.57378874275928,108.61090343633714,0.0238915024539921,8.939584663957149,0,-2.874651696268716,0,1,0
57.76423708929742,41.809551653461874,0.0242144505861456,-12.375584084706006,1,-2.841239044221,0,1,1
157.55144453768318,99.78720744838576,0.0249873782148066,-33.42258588923324,1,10.275364495272646,1,1,1
233.5800634554612,76.02861891777803,0.0301505742768134,-4.127467998400434,0,-5.140245683806809,0,1,0
63.615755756509664,169.96430769895156,0.0240401543723646,27.162610241056704,0,2.3638270297488884,0,1,0
316.44136674614754,252.82561098963788,0.0251013744483105,-29.49256731787191,1,-8.123467800691403,0,1,1
200.25992124251889,116.18144550362864,0.0300066207558289,14.585620674778887,0,9.302042551376632,1,1,1
184.976263384049,15.283657858469894,0.0325650103410545,19.967317973984336,0,-3.452528936183773,0,1,0
82.02813324314519,102.9481301409038,0.0378825770637368,-27.50239156559793,1,0.2795387632805735,0,1,1
135.71275023559625,53.684616992451055,0.0397774904486751,7.242206810648277,0,-13.183934934262604,0,1,0
269.1655877701105,133.45283753451426,0.0425065537749554,-1.193682146387772,0,10.610509234413856,1,1,1
300.50793988280753,31.34235211269703,0.0414348677671258,8.000449598522174,0,-5.644799411609107,0,1,0
372.85518980888384,72.3472499260763,0.0253717621741321,17.106904728844782,0,6.675698619470889,1,1,1
561.3986249510494,188.5434351421656,0.0173067862566839,8.639147596528943,0,-2.0157511307623626,0,1,0
363.62949986679575,197.7691250842537,0.016977958430325,-9.381335155726164,0,-9.140492051928316,0,1,0
126.75443032203856,236.8750695447572,0.0132976867852921,-51.11317191864195,1,8.37596472108871,1,1,1
201.83100129149005,75.07657096945148,0.0139597982830025,69.65374917204458,0,-1.5745860572193404,0,1,0
122.88920780747829,78.94179348401177,0.019111080882186,-25.252072767642275,1,6.503701041568588,1,1,1
185.3590425245721,62.469834717093775,0.0198735924737554,27.12461666432212,0,-5.476104419862082,0,1,0
189.48511176999548,4.126069245423423,0.0221479743501988,3.4900638051484947,0,-0.4295220678212601,0,0,0
197.62376263700529,8.138650867009801,0.0245201871783069,-39.68204070678164,1,4.766576213860191,0,0,1
277.5025733278914,79.87881069088613,0.030464192183244,35.88150558801079,0,-1.0180617627913475,0,1,0
69.98975152581774,207.5128218020737,0.0284916530670857,-44.078397064422376,1,6.465329769611603,1,1,1
53.74502153348019,16.244729992337547,0.0268961229540307,-8.400590747906527,0,-12.798033557767797,0,1,0
143.40488988415146,89.65986835067127,0.0240933786138929,-14.939838570274873,1,6.728077360400533,1,1,1
164.7408236330069,21.33593374885544,0.0235331323386619,30.256014528912907,0,-10.421960258307978,0,1,0
254.6215845598657,89.88076092685881,0.0251359683341961,18.94854619775397,0,12.746044027707049,1,1,1
190.37532503669067,64.24625952317504,0.0245791946375508,23.05187092312974,0,-0.3681027745009473,0,1,0
184.4425287334805,5.932796303210154,0.0217769503740602,-36.44211123236754,1,-1.2066986683498335,0,0,1
285.80061746572545,101.35808873224494,0.016288543375439,17.05324431508197,0,-12.135398403091802,0,1,0
165.56786113869643,120.23275632702902,0.018303198487079,12.933785660245562,0,17.36987645108441,1,1,1
258.2112588275906,92.64339768889415,0.020085495019469,-28.23694809519815,1,-0.898679681042104,0,1,1
210.60550598650727,47.60575284108327,0.0216342664893952,-30.1136014669662,1,-11.45038242609234,0,1,1
376.7870482937237,166.1815423072164,0.0269202756583161,54.515450573111,0,4.144488046042564,0,1,0
259.67068242692204,117.11636586680169,0.0286059899701014,-21.92277671652484,1,6.231421714087759,1,1,1
95.2992563111545,164.37142611576755,0.0320615998424105,14.747003460432666,0,-7.884859592324821,0,1,0
135.2859054868922,39.98664917573771,0.0319263776916049,-8.00266574553713,0,2.090386988374579,0,1,0
106.80182507208691,28.48408041480529,0.03840698459202,-47.7952337193956,1,0.0815903847962395,0,1,1
13.260616761707038,93.54120831037989,0.0294028337508963,8.646196595414217,0,0.9202421713065494,0,1,0
193.15017077014863,179.88955400844162,0.0348086711335253,9.370783105672714,0,-1.4750921726098554,0,1,0
98.8661737067673,94.28399706338136,0.0313844119623117,-0.1233545979347994,0,-3.3911227237098984,0,1,0
245.92976723294757,147.06359352618023,0.0338648436398661,44.3591908109164,0,2.6707028379310085,0,1,0
228.18158008106383,17.748187151883684,0.0534122763854075,-19.2766675150406,1,6.639266339330943,1,1,1
216.67982544927256,11.5017546317913,0.0560772398629767,-41.18912201580628,1,-0.1467867224624086,0,1,1
238.93161408989528,22.25178864062272,0.0443541391121295,24.30585901767124,0,-1.8311519762542083,0,1,0
213.0849688177357,25.846645272159577,0.03928199986876,13.53056893893102,0,-7.16876279876335,0,1,0
160.2876257950309,52.79734302270481,0.0318657684345206,-24.386228437417486,1,7.437298899017172,1,1,1
178.6161192422388,18.328493447207904,0.0410903275344611,-16.933514707410694,1,-7.962324093678402,0,1,1
317.1344020309459,138.51828278870713,0.0330396722427936,27.23438745220367,0,5.524247005219749,1,1,1
311.83131690321665,5.303085127729275,0.0340609638813606,6.474012903982754,0,-1.932811160896508,0,0,0
206.60017594706105,105.2311409561556,0.0328577350476309,35.48608330706936,0,-5.348069448985443,0,1,0
208.0176932525807,1.4175173055196524,0.0301945531246926,0.288097905459054,0,3.0570722299948674,0,0,0
147.08600448451693,60.931688768063765,0.0301627780507046,-32.63709546754053,1,7.549669616435921,1,1,1
22.87485124704009,124.21115323747684,0.0290873881667441,-2.3126331899130435,0,1.6478209776578971,0,1,0
31.501555894559107,8.626704647519016,0.0209633944654871,13.52060018924061,0,-14.149147582224948,0,0,0
196.7617419553765,165.26018606081738,0.0259449364336401,-30.590239475382543,1,5.018387615526287,1,1,1
128.37277426606792,68.38896768930857,0.0245900361659835,2.207208991670093,0,-0.4541850334474766,0,1,0
207.6853628303361,79.31258856426817,0.016619909757838,-22.652506117347915,1,1.1101947810929378,0,1,1
185.95033816851435,21.73502466182174,0.0184247878472246,6.05232193722588,0,9.752207406585606,1,1,1
222.78788973071053,36.83755156219618,0.0239210003805785,8.02334037948657,0,-9.1576630879465,0,1,0
294.90498129229064,72.11709156158011,0.0230638635562623,36.96552852129109,0,6.226683501179034,1,1,1
268.39770367757427,26.50727761471637,0.0241161511982526,-34.23323848821145,1,-3.322792284365951,0,1,1
306.8092215070642,38.41151782948992,0.0207391134077264,-7.086260155207206,0,-11.134923445287626,0,1,0
425.7265523181388,118.91733081107458,0.0268468458126788,39.37805751578588,0,11.769317987545527,1,1,1
82.14195551844925,343.5845967996895,0.0279242861762431,2.83562398706448,0,-0.971952727907361,0,1,0
95.13926601175712,12.99731049330788,0.0288618320959319,-47.366151628822585,1,2.2281946000090294,0,1,1
261.6973843145247,166.55811830276758,0.029809559342019,57.057996749936684,0,-13.68040746167453,0,1,0
226.7578183865721,34.9395659279526,0.03089624311288,-13.339281440528351,1,3.337180766956789,0,1,1
157.12774874075765,69.63006964581444,0.0196692147859984,-16.727330082532745,1,10.55962259580766,1,1,1
326.5559165603605,169.42816781960286,0.0360268566761197,46.88934786154793,0,-7.973454336859445,0,1,0
262.1003305844638,64.45558597589672,0.0351096058846892,-77.83863511690512,1,10.804059678233775,1,1,1
184.12889619953967,77.97143438492407,0.0305419314290625,42.77218999344237,0,-7.862970957086743,0,1,0
115.30716647436888,68.82172972517085,0.0292055209488086,-30.811865524221403,1,-10.33286550796276,0,1,1
111.863866006702,3.443300467666859,0.0297445571664832,13.570348760194795,0,13.95617658709945,1,0,1
93.62866203935218,18.235203967349836,0.0353215567117316,-15.69043877794498,1,-3.7074398332310015,0,1,1
113.0727324259504,19.444070386598213,0.0418795957112087,42.80097824766288,0,-3.9273923082857856,0,1,0
233.9115383579368,120.83880593198644,0.0386939760399283,-21.33143345651923,1,-5.933073148910458,0,1,1
200.7626103809996,33.148927976937244,0.0354039800459809,46.77823258172261,0,3.5661106804417653,0,1,0
274.000641520664,73.2380311396644,0.0328840578450615,-26.59619066980636,1,-0.7430462819579242,0,1,1
140.38593082321185,133.61471069745213,0.0410206581300491,21.079015992779038,0,8.425204521855218,1,1,1
72.7398323950501,67.64609842816175,0.0433678805607778,-54.12061035022364,1,3.733997521751528,0,1,1
119.68066601884088,46.940833623790766,0.0344583476910121,6.236550025702741,0,-10.698952073879669,0,1,0
97.18852068008016,22.492145338760693,0.0383983366596101,3.511854105289366,0,9.262334348275846,1,1,1
206.2576239716172,109.06910329153702,0.0385366595548138,38.06662198619421,0,4.042022486549161,0,1,0
100.5143712013345,105.7432527702827,0.0353441771086347,-50.14713954358054,1,-5.564764744209164,0,1,1
244.227225042352,143.71285384101748,0.0336657689423326,58.80360064400024,0,3.081232092570556,0,1,0
188.1133306385312,56.11389440382078,0.0320959907773001,-72.2513351233348,1,-11.428322409056918,0,1,1
160.5985869672471,27.51474367128409,0.0306991017626593,67.70231402883556,0,-2.585859671392392,0,1,0
79.21658459164574,81.38200237560135,0.0257840078348522,-35.075530887267035,1,5.808985585846349,1,1,1
155.6217749959407,76.40519040429497,0.0207261108298339,5.958732464292567,0,6.872382472588729,1,1,1
355.7191265592279,200.0973515632872,0.0205309138332754,37.71995267250246,0,-0.4581667111455338,0,1,0
228.6630444563023,127.0560821029256,0.0186553601774847,-10.187956972990335,1,5.379613036598407,1,1,1
129.88566298952324,98.77738146677903,0.0157720262307995,2.71788884305586,0,-6.502016427567822,0,1,0
34.425261835892165,95.46040115363108,0.0130633013017837,-25.478926757869687,1,-4.373879175471346,0,1,1
219.69237166894055,185.2671098330484,0.0189920223521351,29.664542092533623,0,7.716939313197553,1,1,1
149.03678111132436,70.65559055761622,0.0279573760831111,-21.48290799303301,1,-12.881270300243632,0,1,1
186.4083536450592,37.37157253373482,0.0274523538772301,10.521727981509628,0,13.199088534152631,1,1,1
304.8247426678126,118.4163890227534,0.0323312521341728,-7.871449981932912,0,-8.94183745166682,0,1,0
104.92174032661164,199.90300234120093,0.0406971821038811,4.79844185528367,0,-4.238409134855871,0,1,0
387.780174232297,282.85843390568533,0.0492527726877641,-11.435478072210088,1,0.1626123003241697,0,1,1
313.5085512885225,74.2716229437745,0.0508196705654948,7.075012919515245,0,16.429137425152618,1,1,1
65.83407996875876,247.6744713197637,0.0565584957137671,-23.23761108715876,1,-7.207494655109434,0,1,1
48.18165431645305,17.65242565230571,0.0541587484463215,21.674313249125014,0,-8.979163364370581,0,1,0
201.01200510928444,152.83035079283138,0.0424799630805043,-34.40454727926825,1,1.8859588737641717,0,1,1
261.7189153487245,60.70691023944008,0.0325699058612925,28.650419039360635,0,2.070344621626429,0,1,0
413.2668383873568,151.5479230386323,0.0294779365259975,-8.895068633701996,0,-6.323605976774702,0,1,0
87.1311209040232,326.1357174833336,0.0268174494541047,29.98281477376069,0,1.0503249232098535,0,1,0
251.8009960854457,164.66987518142247,0.024765403824442,-18.02518190620385,1,13.066771559707412,1,1,1
145.81034670900857,105.99064937643708,0.0258118060274893,-6.128184378999407,0,0.5023935044413079,0,1,0
299.8773279897097,154.06698128070116,0.0239683769144687,-22.683714792430976,1,4.027212834875387,0,1,1
76.98995945211198,222.88736853759772,0.0242073485688289,43.97838516418584,0,-18.41276452034841,0,1,0
103.93961080894206,26.94965135683009,0.0295791009861312,-64.69169824882343,1,16.4317605254793,1,1,1
386.8067011465712,282.8670903376291,0.0359866570459261,67.64746733198834,0,-11.43936731954067,0,1,0
342.01128972172074,44.79541142485044,0.0343149668871043,-19.74187582187494,1,0.2126908020423101,0,1,1
469.8676843493892,127.8563946276684,0.0324368911848624,-37.07879900227416,1,-4.011366677314859,0,1,1
315.49866813560976,154.3690162137794,0.0329286839805152,57.080232470827234,0,17.18035850128563,1,1,1
261.14071268240434,54.35795545320542,0.0319331069356392,-46.13132174925413,1,-0.1062188007213151,0,1,1
276.22789529337035,15.08718261096601,0.0393413785866832,-12.646510715641869,1,-2.3231925634145902,0,1,1
247.95214301034312,28.27575228302723,0.0387165343386997,12.069877201657512,0,-15.480990441854148,0,1,0
59.1611931802194,188.7909498301237,0.038121418854862,51.35410134130266,0,15.017390781279984,1,1,1
268.896440595668,209.73524741544853,0.0376956352346044,-16.665106325164302,1,-4.140712651528574,0,1,1
300.251468358446,31.35502776277804,0.0386426943723908,13.122770629158282,0,-10.116770943570485,0,1,0
235.485602537264,64.76586582118202,0.0395249977007354,-49.43368815941167,1,2.65964622584358,0,1,1
193.02168520815985,42.46391732910416,0.0388451607096476,-17.31462008140008,1,8.549327485034773,1,1,1
139.93030062669317,53.091384581466656,0.0356162024005069,38.42527582231227,0,2.284332857651206,0,1,0
93.73714101251048,46.19315961418269,0.0303964024767447,-6.380356290786757,0,0.8929254319142679,0,1,0
95.92042880384996,2.183287791339481,0.0269911106129758,19.008320841496108,0,-6.085136098351102,0,0,0
232.03749052385973,136.11706172000976,0.0242476564400197,-14.234368259692062,1,-0.1842064888589547,0,1,1
350.99983349380886,118.96234296994912,0.0270227552567035,-11.696672408096576,1,2.991781924905561,0,1,1
314.4226306360881,36.57720285772075,0.030250046597517,-31.34247371184205,1,1.870270727437168,0,1,1
333.73087568280613,19.30824504671801,0.0417310796831359,37.04485634618189,0,-12.142735359953727,0,1,0
227.4442622647394,106.28661341806674,0.0411566152833021,-27.768299046225472,1,11.385037566317427,1,1,1
157.24287485275278,70.20138741198662,0.0370931499672759,64.10866262220696,0,-7.96302140791159,0,1,0
88.87473504503836,68.36813980771441,0.0370439885351561,-0.0235818060200045,0,0.8414406353325816,0,1,0
417.7694859621748,328.89475091713643,0.0374265518780904,-9.444585852224408,0,-6.120913120930808,0,1,0
510.0294532356745,92.25996727349974,0.0343219583565954,-51.662587184055056,1,10.214155947849331,1,1,1
346.69693568699427,163.33251754868024,0.0418658108315431,-0.8342283071474554,0,-9.900013294672474,0,1,0
285.46259872236726,61.234336964627005,0.0360429765694233,33.269713601441254,0,16.39431012364423,1,1,1
162.6289013560349,122.83369736633236,0.0380228380996269,13.132122827449138,0,-5.843305949124714,0,1,0
165.5927815760486,2.963880220013692,0.039362942348575,14.166200037729368,0,7.386230977151309,1,0,1
42.42402976721109,123.1687518088375,0.0307637535747623,-0.8403915281167542,0,-14.89259404975162,0,1,0
252.93087500329088,210.50684523607976,0.0192413961687376,-59.09654357535476,1,8.678968224700641,1,1,1
171.4437338707072,81.48714113258367,0.0249611433945994,67.21170954395735,0,5.696588489190399,1,1,1
143.074420509856,28.36931336085121,0.0177548448559272,-67.09411747991925,1,-13.317034480269584,0,1,1
177.2581013901158,34.1836808802598,0.0160861446609057,54.66566151292587,0,-4.045112316431692,0,1,0
204.885549924615,27.627448534499194,0.0147995723127773,-20.25381555083221,1,10.753078564630094,1,1,1
139.3727890008749,65.5127609237401,0.0186960203593383,7.307273450985164,0,-5.357548199124793,0,1,0
265.0191827368358,125.64639373596088,0.0226753500469718,-5.945175767055972,0,-1.86083066110458,0,1,0
28.844520376337552,236.17466236049825,0.0272951970111115,21.25682121984846,0,14.41060034066562,1,1,1
201.8051559082465,172.96063553190896,0.0260133704778072,-18.60674880100501,1,-4.789566292801792,0,1,1
337.88817744978496,136.08302154153844,0.0337886595376268,16.925291127411214,0,-5.374294061817666,0,1,0
167.61481919350916,170.2733582562758,0.0331086379016911,-55.54366741938588,1,-8.707824712589431,0,1,1
212.40267098209011,44.78785178858098,0.0366268232812696,56.98710016063113,0,2.832245602618187,0,1,0
219.98659518164655,7.583924199556435,0.0391393186137154,10.099727174055616,0,2.143254955182008,0,0,0
25.87923307064912,194.10736211099743,0.0372695810899628,-26.51572203418237,1,3.768363525866185,0,1,1
257.8751055702486,231.99587249959947,0.0335253065378943,25.18834474438114,0,0.2010647999734907,0,1,0
316.3573436192335,58.482238048984925,0.0416772413967554,-60.51820525894209,1,-9.450329566833744,0,1,1
110.83817760853556,205.51916601069797,0.0461173364500555,48.75196654270226,0,18.37245813587404,1,1,1
38.411232545812574,72.42694506272301,0.0535845330384633,-52.8188909581323,1,-8.010981811569367,0,1,1
88.33016033488381,49.91892778907124,0.0554502873189455,27.75166239827638,0,-10.461600249062412,0,1,0
264.13796065259845,175.80780031771462,0.0519113528035743,11.847378249586058,0,13.632160543803195,1,1,1
213.8104813550883,50.32747929751014,0.0550931580443641,-0.3018191659620015,0,-12.5996736451612,0,1,0
110.39424269485257,103.41623866023576,0.0468291581250011,0.8478951966810087,0,12.99637825915491,1,1,1
364.70338429527067,254.3091416004181,0.0473778347636362,-27.99489990620318,1,-0.3935588809490866,0,1,1
218.0575890715465,146.6457952237242,0.0558816255421563,52.22371231868512,0,5.668613664881898,1,1,1
290.2331349992891,72.17554592774266,0.0575434358512827,-77.37344824116215,1,-12.85771490127649,0,1,1
299.2761166576333,9.04298165834416,0.0489809534484845,49.155636377214535,0,-3.954202549036769,0,0,0
326.27544968121754,26.999333023584256,0.058111739256475,19.60890165724699,0,-1.0491603782184953,0,1,0
33.78583763229686,292.48961204892066,0.0551329375708558,2.0002788581654016,0,-0.4028640494417776,0,1,0
56.39736218814475,22.61152455584789,0.0455565658699758,-13.67262430004503,1,14.772142634912358,1,1,1
330.60968782449527,274.2123256363505,0.0460834962462726,-11.631455750104976,1,-1.8357026418217772,0,1,1
162.06772736353344,168.54196046096183,0.0421521077150016,-9.398171902004862,0,5.147342937983337,1,1,1
286.96560264830606,124.89787528477262,0.0350888009145967,-0.6255248667352902,0,-13.33458353422226,0,1,0
195.9793262999132,90.98627634839286,0.0439829083446829,-1.9533490787362808,0,9.878328263581304,1,1,1
123.9136826829207,72.0656436169925,0.0461161508504351,21.983481273872314,0,-14.201767154992176,0,1,0
303.3851853111912,179.4715026282705,0.0580498043035993,2.505263375850859,0,16.217315939462353,1,1,1
342.6605280641843,39.27534275299308,0.052745383096027,-17.315687259255803,1,-17.040991672175643,0,1,1
286.92264543335466,55.73788263082963,0.0541711013296413,18.083953304802044,0,14.721063471970572,1,1,1
56.76150641300105,230.1611390203536,0.0544389051208161,-16.988526669641843,1,-9.610559151442144,0,1,1
82.92576133913768,26.16425492613663,0.0553194938695522,-34.48827829690023,1,-2.5232503657127547,0,1,1
197.1510830916048,114.22532175246714,0.0426871239766435,60.341069313560425,0,10.46643042332378,1,1,1
176.81153523086684,20.33954786073798,0.0372776518024992,1.5092306089543115,0,3.827270081119592,0,1,0
238.22351214625013,61.41197691538329,0.0350261898900476,-48.32153877415946,1,-2.635039847784679,0,1,1
397.2081509512144,158.98463880496428,0.0247761876385181,41.59777577572149,0,-9.020521886215636,0,1,0
290.00650311711667,107.20164783409774,0.0287292408595289,-22.02099326826261,1,0.8094141964486035,0,1,1
331.7721287682824,41.76562565116569,0.0258875043642691,-30.97150548914057,1,-3.285321200119111,0,1,1
231.6103672764472,100.16176149183516,0.0266205017594673,21.91772124906046,0,12.69513995984116,1,1,1
212.28740334385512,19.322963932592074,0.0273070954966812,-25.71573899680652,1,-14.339359171038572,0,1,1
345.4051002741028,133.11769693024766,0.0258869053961095,56.79320300017672,0,15.922405858792803,1,1,1
168.1492464455153,177.25585382858748,0.0251828977762057,-47.21868264044289,1,-6.041593604966975,0,1,1
138.27064351843993,29.878602927075377,0.0282899905031237,-2.547324932938644,0,-0.2455858264680923,0,1,0
110.74272313693852,27.527920381501417,0.0365238988295495,3.531658434838903,0,4.979330247988969,0,1,0
172.6795679429841,61.9368448060456,0.0425477229174076,1.407470495412177,0,-3.4057643340354837,0,1,0
36.44892562717728,136.23064231580682,0.0376900431557585,35.825693463738475,0,-7.265879863127802,0,1,0
171.18036510011595,134.73143947293866,0.0354977047047323,-2.828095914163214,0,0.9055172775709116,0,1,0
160.16847931953154,11.011885780584407,0.0275154410775056,-40.74114863983342,1,-3.529218619843813,0,1,1
239.90999769657523,79.74151837704369,0.0279802167615586,47.60660495926387,0,5.820181015483617,1,1,1
300.1898887350846,60.27989103850936,0.0313139871741316,-30.028966644796093,1,-7.078169523068783,0,1,1
284.5688604660719,15.621028269012696,0.0287569341346584,8.673250212887922,0,10.85763483162993,1,1,1
246.32440001459923,38.24446045147266,0.0269612531256887,-26.609021670722992,1,-9.676153324257395,0,1,1
256.4520305721275,10.127630557528278,0.0279761271666596,46.70128770230599,0,13.894058639331613,1,1,1
76.36714888145029,180.0848816906772,0.0357334420675846,-26.592312711492863,1,-3.2693837230460474,0,1,1
368.46354193769525,292.0963930562449,0.0377794478882811,20.47259648556184,0,3.8209733520594575,0,1,0
396.80999561788497,28.34645368018971,0.0384007486410502,-16.392692689158054,1,-16.089605338887306,0,1,1
87.02124649946816,309.78874911841683,0.0234204173761626,-30.2681715203977,1,14.22956693830624,1,1,1
379.54596190476025,292.5247154052921,0.028000591085484,52.36966121611913,0,1.6459078105228129,0,1,0
120.2282426028506,259.3177193019096,0.0325508803047255,-12.078512448762169,1,-16.724698322405825,0,1,1
83.0873155018849,37.14092710096571,0.0344330955577069,-9.461059060484324,0,19.0901229258625,1,1,1
96.317338894291,13.230023392406096,0.0358296418491328,-18.6154345026254,1,-13.968632780858885,0,1,1
99.42359056421192,3.1062516699209226,0.0296793413224349,33.82329792892864,0,-1.7784620389826244,0,0,0
128.88766470750892,29.464074143297,0.0326588803473618,-27.931661474028022,1,4.063680180962598,0,1,1
45.40453742685246,83.48312728065646,0.04290116139907,12.318148178546451,0,-8.125396621917718,0,1,0
141.45428124797346,96.049743821121,0.0348211594325091,-29.81513212297423,1,17.545418676649657,1,1,1
165.96140702419618,24.50712577622272,0.0360373751351585,57.620908806373976,0,-12.34830886862445,0,1,0
149.63168180453465,16.329725219661526,0.029725058666512,-54.93675398002209,1,5.062012354915758,1,1,1
134.09768350177703,15.533998302757624,0.019809654455134,64.06420203053834,0,2.039360386189168,0,1,0
246.99274694813369,112.89506344635666,0.0201777617816776,-1.861199100158899,0,3.350645523635549,0,1,0
104.67672419151565,142.31602275661805,0.0153923719295206,8.281224461573501,0,-10.817713651575811,0,1,0
244.7681767934153,140.0914526018997,0.0137566241998415,-5.011894561009456,0,9.338805083680333,1,1,1
285.31133493340445,40.54315813998912,0.0174327492738167,5.03731291291146,0,-11.989709727254334,0,1,0
151.47042304151682,133.84091189188763,0.0312094978726289,-6.730512803330143,0,11.731485736934886,1,1,1
264.8104436463496,113.34002060483276,0.0303173168041066,-61.98141113057895,1,4.301207293373469,0,1,1
145.17890958275115,119.63153406359842,0.040468749151471,26.013860648042563,0,-16.68538528408662,0,1,0
153.72564504519002,8.546735462438846,0.0340961844675201,-28.92204010654168,1,0.6335306492404946,0,0,1
172.04090810683698,18.31526306164696,0.0420477766199502,37.53134758944817,0,8.810493982308921,1,1,1
149.63391752904334,22.40699057779364,0.0416422361196874,-1.2433156160120546,0,-10.21654155175421,0,1,0
152.9362376289459,3.302320099902545,0.0424973235274404,31.39372789096855,0,2.8198017389192653,0,0,0
131.95023668155778,20.986000947388103,0.038302617258807,3.801310799895262,0,0.0560325419140017,0,1,0
124.66985908686928,7.2803775946885025,0.0284227519909402,-56.80405586318734,1,5.821106526933072,1,0,1
212.7879451514692,88.11808606459988,0.0268569677334804,25.813504234955865,0,-4.655208668416709,0,1,0
329.0604523347265,116.27250718325736,0.0259010962609562,-9.42968480873131,0,4.540716525182608,0,1,0
209.92381331352848,119.13663902119804,0.0275773778617315,6.583470807040314,0,0.913058654196492,0,1,0
103.9545326862367,105.96928062729177,0.028753625698201,-1.2005663721574962,0,4.189371985150643,0,1,0
104.13752948978492,0.1829968035482068,0.0205769930634115,30.591705129091977,0,4.306956144077777,0,0,0
178.1512061990666,74.01367670928168,0.0238015885406518,-1.4398907160264542,0,-8.844899567491103,0,1,0
102.87181694045005,75.27938925861655,0.0307542589912351,-61.87112746520571,1,-2.9748374174806878,0,1,1
222.80356558949617,119.93174864904611,0.0359308649536868,17.78987971837038,0,-1.9260386488272063,0,1,0
378.0844354215557,155.28086983205955,0.0288373127860983,32.6131916140742,0,7.5190759690647075,1,1,1
156.5153519472139,221.56908347434185,0.0317741743700463,-5.503037421018064,0,6.165198000426143,1,1,1
159.56338129795347,3.0480293507395686,0.0262512004017503,-4.223564017643099,0,-3.5652439950334003,0,0,0
564.1066925936778,404.5433112957244,0.0284227781610164,29.00943013495781,0,-11.17104559770776,0,1,0
472.74252798738974,91.36416460628811,0.0290859912856042,-52.5500299998572,1,13.744029974942176,1,1,1
244.92061154386693,227.8219164435228,0.0253428528449039,14.26509187869152,0,-3.1558164510249327,0,1,0
14.948001645285018,229.9726098985819,0.0241673251255008,37.11213339754787,0,-12.151368936957637,0,1,0
172.65513485742335,157.70713321213833,0.0264500541806818,-22.687847571122248,1,11.697151086852084,1,1,1
246.95856361034268,74.30342875291933,0.02530706254797,-3.749760513979013,0,-8.468939163454714,0,1,0
234.6073653376828,12.351198272659872,0.026032206336577,-39.51464257092079,1,4.040823998477665,0,1,1
270.5786480548501,35.97128271716727,0.0173234312019099,7.3527730715515105,0,-3.823306864773821,0,1,0
177.89732874382756,92.68131931102252,0.0163979917572622,10.465302875304715,0,-4.32344152300778,0,1,0
73.22132573045702,104.67600301337052,0.0231522121025131,6.989912878128223,0,13.690486934846588,1,1,1
186.5750039204883,113.35367819003127,0.0292545912499155,2.589051147348244,0,1.202003480495298,0,1,0
318.7881546565682,132.2131507360799,0.028958371618623,32.39415533795906,0,-11.93409514694807,0,1,0
140.58612678965417,178.20202786691405,0.0327746636908011,-63.594015657656,1,0.1531823311761622,0,1,1
210.914697821121,70.32857103146682,0.0356454375628209,11.291246747337349,0,3.8063922057822257,0,1,0
284.72676315775806,73.81206533663706,0.0300449759356621,-8.377501320177672,0,7.630231817894817,1,1,1
246.3745407692365,38.35222238852157,0.0189573477806542,47.33415377637354,0,-14.684024941132526,0,1,0
166.44948097593735,79.92505979329914,0.0187091289288353,18.82152602848132,0,14.628865624991176,1,1,1
157.25574142414905,9.193739551788298,0.0181334747594339,-6.129519817713359,0,2.2802321531851995,0,0,0
76.54362002329283,80.71212140085622,0.0150353882817312,-13.652802766573217,1,-7.224375863313318,0,1,1
132.25766810808295,55.71404808479012,0.0144056677371516,-56.14223717096583,1,-10.022253725610254,0,1,1
248.52649430139823,116.26882619331528,0.0166860645567664,26.040645266318084,0,4.183225566937591,0,1,0
38.10044243629645,210.42605186510175,0.0246414364720831,41.32697440042379,0,-3.163325715018055,0,1,0
303.0411206795961,264.9406782432996,0.0271091397099756,-16.843823683344752,1,2.9579419328810213,0,1,1
299.8669624397866,3.174158239809458,0.0339642259277917,-35.47751461688334,1,11.04996877485363,1,0,1
249.6757168859789,50.19124555380773,0.0359706836980307,20.55086507349565,0,-15.12228440528346,0,1,0
162.00084684256657,87.67487004341234,0.038610181170298,-30.28552024188263,1,4.563116912481204,0,1,1
432.4544449862517,270.4535981436851,0.056161893105133,34.630672394202485,0,4.662542555470001,0,1,0
329.7307174954378,102.72372749081389,0.0513483052130513,30.418152889005988,0,7.141804277209264,1,1,1
303.1190391142169,26.611678381220884,0.0552860498763606,-68.98476810785573,1,-12.481176211379609,0,1,1
311.33625381687466,8.21721470265777,0.0488886746888483,46.013814299386254,0,10.566899812398184,1,0,1
57.66131700748888,253.67493680938577,0.0484387226714756,-30.463106166433302,1,-3.895161635959859,0,1,1
190.0442695726177,132.38295256512882,0.051531722017179,60.58258993439817,0,1.856006852816076,0,1,0
192.57166748626983,2.527397913652152,0.0329062826575048,-74.02266811802566,1,3.7079846038999302,0,0,1
328.6857034091393,136.11403592286945,0.0334308973441865,44.17517299042839,0,-16.70705987739283,0,1,0
229.16726789990275,99.51843550923655,0.0259014597615916,-28.873655625979872,1,10.066356517968794,1,1,1
168.06407465332703,61.1031932465757,0.0269766584383148,50.0873899831033,0,4.349614548541362,0,1,0
76.66186615040645,91.4022085029206,0.0270137298412716,-60.842661056709424,1,2.7477769833707946,0,1,1
82.18997396044618,5.528107810039728,0.0319974978555923,24.58582507720225,0,-15.038177358226363,0,0,0
113.49324893889435,31.303274978448187,0.0306703895782181,-19.511285427308515,1,4.175148988646509,0,1,1
203.9267065633221,90.43345762442776,0.0302494695598023,49.12657419391564,0,-5.257916920498879,0,1,0
253.90116620392183,49.97445964059975,0.0309548188353304,-35.84001248522172,1,15.127565842274452,1,1,1
32.94776479365511,220.95340141026676,0.0187493463714129,-13.178429429217402,1,0.4486452802152136,0,1,1
176.2508578721508,143.3030930784957,0.01845335628926,43.13502956963502,0,-7.475620658880782,0,1,0
204.17854237357557,27.92768450142475,0.0184347978379663,7.305299980373235,0,-9.255800430652917,0,1,0
108.84004735482368,95.33849501875186,0.0203454679823703,-28.385746436932315,1,1.6280571182886685,0,1,1
185.54126448188205,76.70121712705837,0.0279831942020877,-6.683686808854979,0,10.443199404380954,1,1,1
82.06470519479137,103.47655928709068,0.0324154875513565,20.263583209450744,0,7.165221328130313,1,1,1
194.3503348804311,112.28562968563972,0.0291451198011224,1.540191724966732,0,-2.875102172871962,0,1,0
13.55373774674058,180.7965971336905,0.0316374994328871,0.7479045357637943,0,-0.8188372240587878,0,1,0
159.78354224386928,146.2298044971287,0.0453188175498501,-30.799020293355724,1,-7.5990467014743714,0,1,1
140.47890247626435,19.304639767604925,0.039959506478375,53.243586451696,0,11.344847423675764,1,1,1
128.21814457519227,12.260757901072084,0.035554597661459,-58.22865798973915,1,-3.2047880257036816,0,1,1
277.52580856355723,149.30766398836496,0.0327166255235256,12.857122251556945,0,-9.786400585945234,0,1,0
91.99505540133664,185.5307531622206,0.031898461198308,-7.237146684200397,0,8.25676414608548,1,1,1
149.20282184083305,57.20776643949641,0.0370209507821053,51.7943652666804,0,-6.319362188588077,0,1,0
297.1691289882056,147.96630714737256,0.0391157276668892,-8.220269255271475,0,4.558655014738408,0,1,0
291.6063932566524,5.562735731553232,0.0458209658889634,-1.3678564153950674,0,6.191963731887514,1,0,1
126.12240708187032,165.48398617478205,0.0448564522104067,-64.52494843285965,1,-14.472046030060412,0,1,1
344.8595357948737,218.73712871300336,0.0421765277194777,54.49523346665608,0,10.971012714409394,1,1,1
209.3831357640985,135.47640003077518,0.0434189954668589,-36.45014440637051,1,-4.092557396151374,0,1,1
43.30847024849843,166.0746655156001,0.0330950837834263,58.9976449651688,0,7.1919318412724,1,1,1
168.04601577332443,124.737545524826,0.030759244883161,-34.95942793262674,1,-16.31015206579532,0,1,1
138.3857676039342,29.66024816939023,0.0329156514070855,2.7161274691583657,0,11.70492377782509,1,1,1
86.5491945189418,51.8365730849924,0.0325415459948306,-16.657614126131534,1,-13.651126956212211,0,1,1
147.75083365981737,61.20163914087557,0.0353417718639376,14.419823798328856,0,4.188006591593718,0,1,0
174.07561367266382,26.32478001284645,0.0356191962499073,17.04052522573864,0,1.4860209890369154,0,1,0
176.68553089156828,2.6099172189044566,0.029198004154221,-15.025362682385804,1,2.2280246085183077,0,0,1
223.23213980766656,46.54660891609831,0.0281618476018016,6.347418863789471,0,10.660884332655252,1,1,1
172.96776564426716,50.264374163399424,0.0250697651148081,-13.503584954943976,1,-17.953971507906058,0,1,1
415.6583421314264,242.6905764871593,0.0269116736632713,19.514530621435146,0,2.0276292524749966,0,1,0
137.57470238474872,278.0836397466777,0.0224314185690644,14.652744509243746,0,0.6812872366440463,0,1,0
216.98649251695224,79.41179013220352,0.0234887043834661,-67.8806253741929,1,4.418989522602569,0,1,1
145.96869545666823,71.01779706028401,0.0196295421282867,4.499626461656863,0,-7.265936663429195,0,1,0
235.1136529559128,89.14495749924458,0.0185360183955801,46.26500670573962,0,18.094393548019102,1,1,1
66.93008288499782,168.18357007091498,0.0229352767303214,-24.632375938625916,1,-8.111357107336943,0,1,1
246.16996072451,179.23987783951213,0.0241817792594511,-7.686878182160399,0,5.068704234886997,1,1,1
174.2523554810744,71.91760524343556,0.0259206015592261,-8.242012362498905,0,-0.8157694471711636,0,1,0
235.92284780815257,61.670492327078165,0.0293404268960971,31.52343946471417,0,-2.233465890850109,0,1,0
200.52695815985768,35.39588964829491,0.0409411147298511,-18.008310494453568,1,4.87168565219028,0,1,1
177.47533517849163,23.051622981366023,0.0412077853476802,12.834274441661703,0,-0.0405141294663771,0,1,0
177.38666289599703,0.0886722824945991,0.0457586916498286,36.04803216819437,0,-15.492237649857715,0,0,0
243.3079397872599,65.92127689126286,0.0494538014670162,-16.02348660383994,1,15.483129389188322,1,1,1
159.00958620456706,84.29835358269284,0.0422569547229978,3.014657888603409,0,-7.560745274826505,0,1,0
213.75025569089848,54.7406694863314,0.0340057236316228,-53.74023729682665,1,-5.1164264380202,0,1,1
58.56233010785609,155.18792558304236,0.043971034851869,16.062593258709345,0,6.808615067490816,1,1,1
98.62207338638136,40.05974327852527,0.0442739533832842,-17.499587741921808,1,-6.551937338938719,0,1,1
63.54861481105915,35.073458575322206,0.0374845985365818,68.9828366504956,0,3.96208525485853,0,1,0
241.5862524527861,178.03763764172697,0.0227668327432806,-22.906665201668982,1,6.748599720056534,1,1,1
329.77604039978377,88.18978794699763,0.0233336159073058,-53.0363022103155,1,-15.684797454199018,0,1,1
65.3538555464789,264.4221848533049,0.0247444945168697,36.50167874535022,0,3.0178203124129293,0,1,0
99.2228861817771,33.8690306352982,0.0277201935413017,-16.958334821624568,1,15.469873671138185,1,1,1
275.0995823169255,175.8766961351484,0.0267076044084198,22.11465717729954,0,-10.229686033872143,0,1,0
200.64713547998468,74.4524468369408,0.0428382961689904,-28.904093183616737,1,-2.835482579076036,0,1,1
102.97921884548622,97.66791663449848,0.0375518095455017,-9.74417566721648,0,12.399105936373688,1,1,1
201.9556141399088,98.97639529442256,0.0354787196153996,21.30576333173267,0,-0.241312607119255,0,1,0
78.69028042078021,123.26533371912858,0.0342107899518287,-2.2136337258874903,0,-17.339429076807022,0,1,0
132.9603382806135,54.2700578598333,0.0336891069287287,33.71651792213206,0,6.364711186161349,1,1,1
133.05525147087212,0.0949131902586088,0.0326313603366859,-19.39317804974705,1,11.00687266731468,1,0,1
365.779858890581,232.7246074197089,0.0331099539249613,-14.657684462076112,1,-14.660993608319744,0,1,1
234.6664977308261,131.1133611597549,0.0321056187857241,22.328217207590164,0,7.968830803349565,1,1,1
227.4781234235069,7.188374307319208,0.0407221462050903,-39.9290504157776,1,-5.148709917059234,0,0,1
122.95177811964872,104.5263453038582,0.0410460769253537,47.28281788180075,0,8.315748408987425,1,1,1
196.45027378631104,73.49849566666231,0.0281707663818721,-41.20505959898184,1,-11.566059190102656,0,1,1
212.66797595447028,16.217702168159263,0.0256608711661263,10.59280020435311,0,8.75581411412783,1,1,1
89.09007303796136,123.57790291650892,0.0259309624624836,0.1938814280663265,0,-11.920894962189587,0,1,0
168.70588715919217,79.61581412123081,0.025728344593939,14.698322613726972,0,5.0511064659718645,1,1,1
50.24256009048614,118.46332706870604,0.0356784363780135,38.98443572693132,0,-1.8079708799838627,0,1,0
147.91243200609256,97.66987191560642,0.0361697638586993,-50.27984927956162,1,0.9533100094264384,0,1,1
381.2917244039052,233.37929239781263,0.033326241181849,-3.4669905571591144,0,13.011911606481712,1,1,1
150.8152879558735,230.47643644803173,0.0454898180251809,-9.001590653946849,0,1.0874058632160375,0,1,0
15.012697597593537,135.80259035827996,0.0383274273684338,17.85335318316534,0,-3.195300249159967,0,1,0
138.9592389163676,123.94654131877408,0.0411056307832635,-16.794223057088004,1,-3.2985008631643837,0,1,1
67.52288696584517,71.43635195052244,0.0541767949259925,-3.541742044555214,0,-7.185000279752842,0,1,0
114.79300330288557,47.27011633704039,0.0537067219335364,57.5671415599324,0,0.8772972512448884,0,1,0
165.53777918439798,50.74477588151241,0.0658428115213645,-64.37758970334002,1,0.7033678935972691,0,1,1
71.69314011556953,93.84463906882844,0.0632644716945134,52.654910794956,0,9.342313747815815,1,1,1
229.7062618439868,158.01312172841727,0.0519672825044837,-40.66033747519314,1,-10.48242305318506,0,1,1
332.1950984446756,102.48883660068876,0.0501636980229518,-15.268470218568734,1,14.41010235067228,1,1,1
248.54165994944051,83.65343849523504,0.0399115624127536,62.6743948407198,0,-3.53851808226829,0,1,0
140.11757871679458,108.42408123264596,0.0386779820454191,-7.428755165874875,0,4.065084034785958,0,1,0
144.1483406574422,4.030761940647608,0.0333927265676673,-29.438929027934613,1,-10.810783191979864,0,0,1
248.9318599552647,104.78351929782252,0.0354435832182524,-20.397309798709387,1,2.602992431982232,0,1,1
319.5810204238053,70.64916046854057,0.0367671967409401,22.507122384585045,0,-6.178532798105231,0,1,0
223.1332705345553,96.44774988925,0.0323045037777027,-14.347518671676651,1,6.466860838883727,1,1,1
162.25905788102003,60.87421265353527,0.0326537981552164,60.094077845578205,0,7.403113966204071,1,1,1
267.6445961460929,105.38553826507288,0.0304809775563653,-32.23043608934089,1,-18.870401403543028,0,1,1
309.68935268593424,42.04475653984133,0.0312711470904754,34.737642837770345,0,5.1781715448099686,1,1,1
59.57150209530135,250.11785059063288,0.0289856891378846,-49.002361266119735,1,-0.1598924523699585,0,1,1
290.0486679468226,230.47716585152125,0.0253125413517507,16.411895741917675,0,14.02151390509972,1,1,1
272.47373095456936,17.574936992253242,0.022161344042141,-29.307151086334315,1,-16.994409552426337,0,1,1
215.9706906278943,56.50304032667506,0.0309107685100116,49.46445311538474,0,13.594215880121467,1,1,1
168.16202893596667,47.808661691927625,0.0305197103258902,-61.38630253344872,1,-10.756126701887826,0,1,1
198.75137331100896,30.589344375042288,0.0305719543394513,52.36120884533664,0,11.720982670849576,1,1,1
256.89244634377013,58.14107303276117,0.0293208979880641,-24.316426446177644,1,-7.457041570756246,0,1,1
22.59573662021108,234.29670972355905,0.0311721734538202,14.94045453329359,0,-4.909796323758672,0,1,0
273.20438217354405,250.60864555333296,0.0257358922529896,1.107468871319398,0,9.349438608765375,1,1,1
377.1501259864726,103.94574381292853,0.0216830679464415,9.482878337419775,0,2.63695495628088,0,1,0
201.9115669666906,175.23855901978197,0.0250065457080726,-40.522632872244586,1,-7.428831083852323,0,1,1
169.44221076388158,32.469356202809024,0.0240000508966923,26.169897438749736,0,4.877001330045653,0,1,0
73.92926224901036,95.5129485148712,0.0263352083554425,-8.356798785778828,0,-10.648135035775644,0,1,0
80.61126471902647,6.682002470016101,0.0294733660031533,-11.579586202642544,1,15.120593137051715,1,0,1
87.75100681843311,7.139742099406647,0.0274872481984918,17.083737112332983,0,-16.82325348794081,0,0,0
283.9199343669697,196.1689275485366,0.0299702821162748,36.50297779892469,0,2.5100240518047805,0,1,0
298.2199914343055,14.300057067335786,0.0328467576033185,-0.2504078457649967,0,1.3281811421110137,0,1,0
194.89688238709343,103.32310904721206,0.0348730834387585,-53.6054101773824,1,-2.712135316115144,0,1,1
222.92607556766583,28.029193180572435,0.0301727492543783,48.43118759522116,0,5.078546638090209,1,1,1
286.9653235151241,64.03924794745825,0.027600152935882,-0.5961884411898382,0,1.0211139144488133,0,1,0
192.81561028543533,94.14971322968876,0.0262063257935469,-50.17361294286869,1,1.217064592953001,0,1,1
186.50931412084583,6.306296164589497,0.0384904064522212,27.94928790574205,0,-9.555794199802843,0,0,0
108.0558726297353,78.45344149111055,0.029281785960953,21.678801028429906,0,3.566130448435365,0,1,0
245.04445881340703,136.98858618367177,0.0333142575345987,-28.39527658612973,1,11.773143624692828,1,1,1
232.3579192031972,12.686539610209906,0.036408074975071,-11.618026804063682,1,0.0568280671552656,0,1,1
194.71505219054097,37.64286701265618,0.0349158135997203,22.481277067375917,0,-9.611958056308744,0,1,0
134.50693424450876,60.20811794603222,0.0376746307458558,-38.26882934400287,1,2.623352193657828,0,1,1
314.1968000928892,179.68986584838044,0.0360240040768287,-0.8554945450597415,0,-5.5544286741524775,0,1,0
278.4822936153608,35.7145064775284,0.0365516071566853,53.673180011545085,0,12.77373925384506,1,1,1
240.0887556271696,38.393537988191184,0.0431989258472262,-63.26169726688891,1,2.690876624471443,0,1,1
205.1139008278334,34.974854799336214,0.0338356009092598,60.94040506300989,0,-13.306617227778675,0,1,0
90.64292612226234,114.47097470557104,0.0330268783820048,-41.05086569062542,1,9.811701337976537,1,1,1
308.0942244200602,217.45129829779785,0.0323206965313017,15.41026662872806,0,-8.590975818504196,0,1,0
225.4291092345655,82.6651151854947,0.0382212207781783,4.8314051276717365,0,-6.995104293113293,0,1,0
147.23181607386317,78.19729316070232,0.0376268574665026,17.884337473020103,0,11.941876100331363,1,1,1
52.36652939580852,94.86528667805464,0.0337201461402393,9.34309704661436,0,-3.7865814636353834,0,1,0
207.04841342465164,154.68188402884311,0.0281484899476059,-6.370708891751548,0,6.960727461718053,1,1,1
76.44897748907145,130.59943593558015,0.0352576901506337,-18.55042800928064,1,-0.1934189271482651,0,1,1
146.8006746723911,70.35169718331964,0.042320550732219,-17.946408394487307,1,3.945343279695068,0,1,1
232.02105459952023,85.22037992712916,0.0377474936644222,14.283532368743032,0,-10.164244704263034,0,1,0
128.4725909340968,103.54846366542348,0.0441725779308111,-39.72289122649457,1,0.893857892827187,0,1,1
66.38012141121204,62.09246952288474,0.0627841650200407,17.196674448981096,0,-1.6421319234164855,0,1,0
236.54547292243936,170.1653515112273,0.0677997265017268,9.694020051827492,0,-2.0693286071432717,0,1,0
279.4299033069668,42.88443038452746,0.0624247180430196,-3.712067338886016,0,6.818066757745044,1,1,1
237.5800926971932,41.84981060977364,0.0584391837749311,-17.968606673627782,1,3.8038909610516103,0,1,1
337.8075351975771,100.22744250038394,0.0530899521749898,-3.551428745368977,0,-13.404521768352732,0,1,0
224.02588553443255,113.78164966314456,0.0519399771202489,29.59685585280868,0,16.48057306430205,1,1,1
281.75286548477027,57.72697995033769,0.0378628993638647,-27.67320210207439,1,-5.960639282501944,0,1,1
232.7507492966104,49.002116188159846,0.0392435562897799,16.91266441946486,0,1.9260730519210585,0,1,0
57.21798693207229,175.53276236453814,0.0318882381458658,15.08940801694073,0,4.374871393314599,0,1,0
186.8864389546267,129.6684520225544,0.0303958596860991,-21.189150991608955,1,-9.896461786355868,0,1,1
274.6939491635686,87.80751020894192,0.0443588872074592,-10.434107601008575,1,-8.6548048003603,0,1,1
333.86785084425907,59.17390168069045,0.0432619037994466,28.20786754401753,0,14.380009407560554,1,1,1
304.4405224699772,29.4273283742819,0.0504467667509505,1.3074582276941484,0,1.6094860134497608,0,1,0
254.2235858831394,50.21693658683776,0.0505926761648431,37.371023826940025,0,-14.167377550100724,0,1,0
291.8705505598157,37.64696467667628,0.0491163150069885,-63.022132300180246,1,-2.765194565276712,0,1,1
194.70116014945432,97.16939041036136,0.0333530876416763,38.97261880809289,0,2.23372510168286,0,1,0
75.17739224558325,119.52376790387108,0.0298848312191112,-23.62342490498058,1,3.762854743469464,0,1,1
239.5484115299212,164.37101928433793,0.0368737342140782,-15.688378877475955,1,12.006292465706206,1,1,1
549.5663720786378,310.0179605487166,0.0363729552968671,21.563942110266492,0,-18.436276871225637,0,1,0
665.7707947765518,116.20442269791408,0.0327448567065057,2.783238287117001,0,16.026614038053804,1,1,1
448.6216637046045,217.14913107194732,0.0351570887173193,-5.14984568587618,0,1.0211368096915194,0,1,0
508.3923319278848,59.77066822328027,0.0364708008872063,32.17345813156526,0,-0.8760482031693755,0,1,0
593.414573872997,85.02224194511228,0.0356767973951525,5.877898321488601,0,-14.576759408185676,0,1,0
81.83273227588529,511.58184159711175,0.0384155121044203,-55.2379766552575,1,11.93951286424114,1,1,1
119.96067562060723,38.12794334472196,0.0394864546413704,1.533864789313288,0,5.494272492869202,1,1,1
94.9595440979218,25.00113152268545,0.0341439080189713,20.265002121095527,0,-16.670817099540102,0,1,0
215.2159522471165,120.25640814919468,0.0319762847777482,-8.082290963343134,0,-1.7736194061292676,0,1,0
348.6717590473183,133.45580680020183,0.0324736540789889,39.95077154326391,0,16.839544669523658,1,1,1
112.83053434094928,235.84122470636905,0.0321611665657733,14.179007817812447,0,-4.574587265774428,0,1,0
148.74316898716933,35.91263464622004,0.0317730702966216,-65.25606653444247,1,0.0301159467468696,0,1,1
80.25377607805021,68.48939290911912,0.0342476907972658,46.514702352427264,0,6.359919263734799,1,1,1
245.46723294518844,165.21345686713823,0.0262886811018134,-12.423786769853336,1,-3.893316906761848,0,1,1
143.07920816645566,102.38802477873278,0.0271705162143423,2.974180033470276,0,-7.44641395908549,0,1,0
57.59396522150267,85.48524294495299,0.0255286594702497,-30.39860781049025,1,0.767924633308354,0,1,1
87.42514707708487,29.8311818555822,0.0216728931115996,-13.379619749181163,1,-5.822962746490694,0,1,1
27.961169021856737,59.46397805522814,0.0214793406475238,35.68479070097631,0,3.1871377384577504,0,1,0
216.9269204746197,188.96575145276293,0.0222493272189481,5.6199794402013055,0,2.827076971659249,0,1,0
201.40768266541323,15.51923780920643,0.0225781874951253,27.963447278290246,0,-3.686365774068226,0,1,0
156.7996583425085,44.608024322904726,0.0233471351812986,-23.025430063487462,1,13.095748427319563,1,1,1
245.63718197059416,88.83752362808565,0.0231269041842543,-18.52374111338844,1,-18.081403490515584,0,1,1
442.7845186933171,197.14733672272297,0.0204003535933444,44.02534628939696,0,11.504388321238451,1,1,1
310.3130008144138,132.47151787890334,0.0264227376997356,-49.660972312918446,1,3.691720787117699,0,1,1
223.3663402525017,86.9466605619121,0.0356428563557652,-16.854437840973084,1,-0.7899826511934993,0,1,1
209.434708151114,13.93163210138772,0.0389251041214962,36.4337240735455,0,-1.7675207469509502,0,1,0
164.32528093401592,45.109427217098045,0.0443211611905378,-28.13835354902139,1,-4.6679492906318565,0,1,1
24.4004793501501,139.9248015838658,0.0528196618011565,52.47633627830142,0,10.162834762157994,1,1,1
272.5109784045921,248.110499054442,0.0579089274107201,-39.54691779427672,1,-11.790617894697386,0,1,1
215.86630320002476,56.64467520456736,0.0519960742571976,-22.260161167317108,1,8.423755766269279,1,1,1
128.32335800921734,87.54294519080739,0.0484785404119813,-0.6388623772470012,0,3.530336910289936,0,1,0
138.37207657581953,10.04871856660219,0.0349747912278061,40.640706867593785,0,-15.965346977577935,0,1,0
65.75938610431069,72.61269047150884,0.025963996595232,-22.69936784251891,1,16.373948501991364,1,1,1
292.1594776464611,226.4000915421504,0.0227874304051332,-0.1738208742016311,0,-3.420966935442191,0,1,0
89.80655697841536,202.35292066804573,0.0284956562513348,19.88795265874192,0,-3.188820764115848,0,1,0
76.7858038010072,13.020753177408151,0.0333763928434665,-31.2649663058598,1,-4.863859148324719,0,1,1
340.1337774505952,263.347973649588,0.032742117373219,-6.0866894533770335,0,10.617334391095955,1,1,1
239.8721240067889,100.26165344380624,0.0305673111737287,40.946740194666376,0,-17.204449779316935,0,1,0
204.7263296211078,35.14579438568114,0.0310202145740789,-52.1620379278375,1,7.75572238463182,1,1,1
221.55764732214467,16.83131770103688,0.0335719472585725,72.17023560977523,0,6.496096842771774,1,1,1
178.01588371514487,43.54176360699981,0.0310438177938005,-57.95152487667551,1,1.0901308974614992,0,1,1
182.24322127789213,4.227337562747266,0.0290832066141296,21.190811148956385,0,-12.177238902527286,0,0,0
278.0563529991549,95.81313172126278,0.0281426067027613,-18.910202000992285,1,-3.0934769062984517,0,1,1
168.02969968708027,110.02665331207464,0.0328748196762435,0.5392906868984184,0,15.104930064754406,1,1,1
68.32623232094112,99.70346736613917,0.0300690410634203,49.34253586269913,0,-7.619177750648388,0,1,0
178.96076503368045,110.63453271273931,0.0250675457784353,-19.997428306498705,1,-5.567370752772302,0,1,1
184.686314696927,5.725549663246568,0.0314706212816255,-21.886653537568577,1,-1.1591076394887168,0,0,1
133.5765826299893,51.10973206693771,0.0321372407780186,-4.828129121514408,0,11.101424448106089,1,1,1
81.79654414038482,51.78003848960448,0.0286495977730061,-3.0589032047322817,0,-1.1564340982226078,0,1,0
27.708498163855765,54.08804597652906,0.024997921905734,27.32687305083021,0,5.423450221983842,1,1,1
207.13927914237573,179.43078097851998,0.0308232990090635,14.10728477575998,0,-16.44846728858026,0,1,0
390.1963960905007,183.05711694812496,0.0298186560455705,-38.1809624290846,1,16.737204417900983,1,1,1
48.691525003694856,341.50487108680585,0.0294726623981172,6.301856997522016,0,0.3763175247624346,0,1,0
413.1995727822797,364.5080477785849,0.0236653417181814,31.04520009714801,0,-8.818868638862586,0,1,0
72.74324468436245,340.4563280979173,0.0354813410834487,1.3529936500243736,0,-7.392664592875283,0,1,0
272.6982917937332,199.95504710937072,0.044966756258828,-42.39638919043297,1,17.401535135671068,1,1,1
198.60957913828065,74.08871265545253,0.0554673351936926,13.990334261252308,0,-17.49426598548288,0,1,0
303.71405640636027,105.10447726807962,0.0497525592066257,39.02043160136106,0,10.37290810236022,1,1,1
207.5817024349753,96.13235397138496,0.0466445259304386,-10.381238272367398,1,-1.950376155467218,0,1,1
263.95101935480375,56.36931691982844,0.0448112005699663,-46.21575381053213,1,6.838599073104746,1,1,1
72.37028069479179,191.58073866001197,0.0412271929540769,17.877408319971465,0,-6.649592072441973,0,1,0
142.96276480419434,70.59248410940255,0.03228240249564,46.98646831102749,0,-0.6697314199982571,0,1,0
121.30922845413774,21.6535363500566,0.0321460100844588,-35.83329421830165,1,8.230597293456903,1,1,1
363.0911627055512,241.78193425141345,0.0211444124835254,15.51748435994856,0,1.6671987277188831,0,1,0
486.6245054854765,123.5333427799253,0.0264472494117936,-50.18489125161112,1,-8.294799487320581,0,1,1
88.50812319203202,398.1163822934444,0.0287415750658669,59.23799552206648,0,-1.8909235511417464,0,1,0
157.97197911502434,69.46385592299232,0.0271581321460817,-18.218003203585624,1,7.527424247453649,1,1,1
306.3586301115197,148.38665099649535,0.0230809626494398,-34.334759192023995,1,-3.3636491416189074e-05,0,1,1
361.5964147052114,55.23778459369174,0.0255557433969379,16.368907113752144,0,-10.234234906089984,0,1,0
301.41389108048355,60.18252362472788,0.0295852592033559,-23.774734061433648,1,5.136838786733436,1,1,1
115.81023954650156,185.603651533982,0.0272555807712404,55.51863463024536,0,-8.442133481328085,0,1,0
171.9370763930822,56.12683684658066,0.027939952155394,-2.570522254120533,0,9.628500160474456,1,1,1
261.809160578147,89.87208418506478,0.0252321828331658,-20.37183838209053,1,3.968940483270554,0,1,1
104.04699616151912,157.76216441662783,0.0248428002772399,-3.057169991410859,0,-12.929478573412505,0,1,0
164.0587536344798,60.011757472960696,0.0230174444060432,0.9126579265899012,0,2.710639229050538,0,1,0
322.0847829160309,158.0260292815511,0.0256488423355874,-34.0766272572433,1,2.5177447479536195,0,1,1
272.58517480022664,49.49960811580428,0.0265714006750999,26.462255072775093,0,7.922915608067626,1,1,1
300.92377418511114,28.338599384884503,0.0340335632598229,-19.179278857003,1,-2.2742010577027525,0,1,1
112.27278112487193,188.6509930602392,0.0320305751207272,4.503070466476544,0,-8.289992460013092,0,1,0
168.48980485098602,56.21702372611409,0.0334656452906648,62.18594771854647,0,-1.4767366913926976,0,1,0
250.167046979271,81.67724212828497,0.0338016891253902,-56.0265199320616,1,9.05342312751468,1,1,1
119.57250268522628,130.59454429404474,0.037249564173169,17.747181195216037,0,-4.316344900119772,0,1,0
137.26856933139808,17.696066646171815,0.0380609919405489,32.33340037761964,0,2.2733351901854046,0,1,0
284.260753979838,146.99218464843992,0.0380564942217334,-37.94408762079078,1,1.10286469453305,0,1,1
417.59443620319007,133.33368222335207,0.0470994470787989,9.210140454727629,0,-1.8002145148827535,0,1,0
196.3821218072612,221.2123143959289,0.0415150612836977,-28.78643295639906,1,1.0877059270025775,0,1,1
255.50352136974217,59.121399562481,0.0347832286448524,9.303333187277126,0,5.488622452607569,1,1,1
407.47961529847095,151.97609392872877,0.0371288271456836,17.68278139034755,0,-0.3860845006989386,0,1,0
270.87022951870586,136.6093857797651,0.0330675042779712,-11.297013908674082,1,-14.383293084360968,0,1,1
89.0608967750992,181.80933274360663,0.0335717893623563,-26.13166282991896,1,8.749248826527893,1,1,1
167.59768237589748,78.53678560079828,0.0294365731263426,29.00586661826872,0,-2.9438943583316064,0,1,0
338.4650497571636,170.86736738126615,0.0295029561216128,33.14213844971884,0,-3.0756384320811776,0,1,0
259.73789806270514,78.72715169445848,0.0162792603712028,-55.92370568123877,1,6.91254668705227,1,1,1
405.12015869531,145.38226063260487,0.0207393283026663,-7.786243888667041,0,-2.4052775065535137,0,1,0
436.8073998873969,31.6872411920869,0.0219701878910952,7.997708990160412,0,5.280410624793541,1,1,1
245.79173633950307,191.01566354789384,0.0240111250342809,45.45339503145311,0,-13.629461514762069,0,1,0
335.8999081519104,90.1081718124073,0.031953048433488,8.621955530417694,0,4.184995195608141,0,1,0
227.65108320404053,108.24882494786984,0.0337114067000781,-59.673446654630574,1,-5.537969810886807,0,1,1
45.562971310613854,182.08811189342669,0.0380742003739988,67.10594783522944,0,14.403549896154344,1,1,1
118.33258235157574,72.76961104096188,0.0388493289966435,-20.81804335635444,1,3.32995158745873,0,1,1
129.78700870567744,11.4544263541017,0.0330544194105374,-8.735521049911831,0,-6.50161984719559,0,1,0
278.4359198320172,148.64891112633975,0.0289398547042355,-21.16315683551587,1,0.5920563803480405,0,1,1
294.95943627350806,16.52351644149087,0.0171121406955359,9.448674137756242,0,-11.411080760048977,0,1,0
213.03586523106725,81.92357104244081,0.017659758613442,46.02183663551182,0,9.147123531452408,1,1,1
260.3344317070023,47.29856647593505,0.0184117105863996,-2.834147122666224,0,0.4618186876398411,0,1,0
151.90167145796835,108.43276024903396,0.0167529161850642,-22.88655041155509,1,-9.757954937175615,0,1,1
158.50013241567495,6.598460957706607,0.0175192434646279,-3.724266866714615,0,14.868253079803203,1,0,1
243.3709133549608,84.87078093928585,0.0178769190034509,-29.469324280864143,1,-10.081340046425517,0,1,1
123.4071897878806,119.9637235670802,0.0230936433556255,59.41870989556837,0,8.902537387658867,1,1,1
198.914483700816,75.50729391293542,0.0269931376671289,-15.830945979408456,1,-6.410433198828512,0,1,1
35.02779653030656,163.88668717050945,0.0271388880784674,-29.850561213894565,1,11.85441581156567,1,1,1
70.77042088951951,35.742624359212954,0.0302300343645947,34.68574552890786,0,-15.668819824819469,0,1,0
167.98945373481016,97.21903284529064,0.0341763392790335,-48.31654838238801,1,-3.079391098330678,0,1,1
192.10805548593487,24.118601751124714,0.0366674460535627,0.1083193251581278,0,18.43339803819776,1,1,1
225.58386056850927,33.47580508257445,0.0393778002390728,46.21860645805537,0,-14.721269502498473,0,1,0
127.9434221341129,97.64043843439644,0.0349631170286588,-18.53226029519016,1,7.829783380805292,1,1,1
115.61331781255208,12.33010432156081,0.0396923336695929,-0.2778153872119731,0,-5.215259346012028,0,1,0
188.17756293506488,72.5642451225128,0.0403557388633825,1.4268431074802947,0,5.301192740388641,1,1,1
250.8336391960064,62.65607626094149,0.0258726854848713,-35.82912082833293,1,-0.8713853482637042,0,1,1
269.332450336225,18.498811140218635,0.0265802539917757,17.900180590443327,0,2.2243058373557574,0,1,0
187.76054219952923,81.57190813669578,0.0248316422965875,17.881647635606058,0,-13.77661050625142,0,1,0
199.22656487759883,11.466022678069606,0.019498946508181,-26.039299461485093,1,16.35501722354618,1,1,1
243.2432559520816,44.016691074482765,0.0226450092837374,20.513322636169725,0,-7.15056705867524,0,1,0
397.33534349510967,154.09208754302807,0.0256781301444401,4.242422298279138,0,0.8037387490240793,0,1,0
147.19962898244603,250.13571451266364,0.025687656596496,30.86229121070029,0,-2.156552212626341,0,1,0
142.2841332954213,4.91549568702473,0.0232017040412438,-55.76304554635254,1,11.567145824658423,1,0,1
220.82665277364956,78.54251947822823,0.0263955739844631,15.486518599917524,0,-3.756222163566868,0,1,0
239.3551895027848,18.52853672913525,0.024181605980106,43.37231351894681,0,-9.803559981297903,0,1,0
143.0462168465993,96.30897265618547,0.0230572718754611,-63.57770674609736,1,9.43355799517892,1,1,1
243.0852146861789,100.03899783957962,0.0253155345468333,47.4583687772164,0,-6.921554950669801,0,1,0
205.39258559656088,37.69262908961804,0.0240937787590695,-48.229162423695385,1,8.660396308807663,1,1,1
192.67513599813208,12.7174495984288,0.0295167367927774,53.831329371222296,0,-16.78333694862224,0,1,0
182.9884268023261,9.686709195805976,0.0205416340061554,-28.96581083410737,1,6.491200067758847,1,0,1
259.90449256739026,76.91606576506416,0.0218562125503253,38.73500378872473,0,1.4882531461848778,0,1,0
121.54196244989376,138.36253011749653,0.0291163935926994,-64.16692138155113,1,6.288608475309909,1,1,1
235.47914705967983,113.93718460978612,0.0334194871001752,41.42811026436458,0,-11.238986262761886,0,1,0
206.0927175539609,29.38642950571892,0.0400421715627124,0.5882323742956004,0,2.079616556094443,0,1,0
179.66869556711103,26.424021986849908,0.0422022383904283,1.8876949690131823,0,8.75198395984838,1,1,1
160.0442289904336,19.624466576677435,0.0467611776893674,-49.43253390193515,1,-12.940732663528864,0,1,1
153.69969542189557,6.344533568538026,0.0454727851868396,15.007377956988364,0,2.4856127111444715,0,0,0
229.83831136273403,76.13861594083846,0.0483729421279779,3.956467121752468,0,11.04484535149594,1,1,1
116.50138466262504,113.336926700109,0.0580077739286976,-1.098337537109792,0,2.44324177182088,0,1,0
106.83683419403064,9.664550468594385,0.0602354746610626,28.058648877408544,0,-2.934012002725946,0,0,0
234.02662947616747,127.18979528213684,0.061890014953151,-49.61528387091391,1,-4.033795313314702,0,1,1
44.10322956661215,189.9233999095553,0.0549834877313534,54.01991578970744,0,-8.56153967880154,0,1,0
43.104148154491575,0.9990814121205744,0.05718965955027,-16.27953947476638,1,14.56328883579039,1,0,1
177.23710855436534,134.13296039987375,0.0419965087976836,-28.28697643067184,1,-14.063734916183607,0,1,1
59.47709667539953,117.7600118789658,0.0392232985893571,4.249721658921317,0,5.220789118806115,1,1,1
217.2460634620226,157.76896678662305,0.0452630834274881,-10.283069949560364,1,-6.6915821753217575,0,1,1
196.0720765384669,21.17398692355573,0.0560820952234484,28.91828294820988,0,13.183515010681658,1,1,1
308.2341299705852,112.16205343211831,0.0627885749844592,10.869004069822315,0,-4.123602609724067,0,1,0
443.12117302140695,134.88704305082177,0.0578490042705794,-1.1159483202573028,0,8.082255380444476,1,1,1
86.03049711372839,357.0906759076786,0.0485617003977714,30.511665851955115,0,-15.377304756417134,0,1,0
135.94369065325327,49.91319353952488,0.0455886544388366,-53.3121472321078,1,13.608469095644656,1,1,1
69.70343674239655,66.24025391085672,0.0544040874746748,37.28910508786903,0,-6.169943848385682,0,1,0
24.754870152510158,44.9485665898864,0.046628831718288,-3.1201842071806283,0,-2.8915274920064267,0,1,0
226.81509264156173,202.0602224890516,0.0410309781143865,-52.94004499207197,1,5.549490050576475,1,1,1
313.73852520349715,86.92343256193541,0.0428032398260915,69.49424768876548,0,2.9370096821747858,0,1,0
236.94962538210527,76.78889982139188,0.0334248250743418,0.1039073699167403,0,-7.002641931670519,0,1,0
188.16530727473324,48.78431810737203,0.0363452340798624,-42.79749893662755,1,-4.14959186146986,0,1,1
108.69441089290602,79.47089638182722,0.0299281192690621,1.7074122294264384,0,13.659669383211003,1,1,1
495.1639625310685,386.4695516381625,0.0325194887329845,32.1535275676265,0,-12.055828107086246,0,1,0
407.2652816795549,87.89868085151363,0.0415486838311537,-25.96530193033587,1,13.704773995070385,1,1,1
381.8293099773276,25.43597170222733,0.045990645976623,24.33360344351324,0,-4.618230298819649,0,1,0
67.44498512568308,314.38432485164446,0.0358407439871453,-61.04604235287364,1,-1.5901150808573448,0,1,1
208.64660096896628,141.2016158432832,0.0286908598808204,17.131635462058078,0,-13.508388941635438,0,1,0
213.7219821861402,5.075381217173913,0.032931773681723,-12.73645017537816,1,8.722631961930757,1,0,1
276.5911874366212,62.869205250480974,0.0327590573263479,29.05064536347571,0,1.07859499517906,0,1,0
272.2981392815052,4.293048155115969,0.031155075553652,31.99691138712689,0,-2.521693590011724,0,0,0
147.32476983946904,124.97336944203616,0.0322800429967791,-22.749736088388403,1,-4.528065913707678,0,1,1
120.76276173359705,26.562008105872,0.0315209773669729,-3.956336389399894,0,4.349546875074015,0,1,0
25.032692754922007,95.73006897867504,0.0323938648163216,-12.33813157623456,1,-5.849542061281987,0,1,1
70.96006127718323,45.92736852226122,0.0329121797239646,-24.199761373527902,1,4.318911570180662,0,1,1
62.83800170567378,8.122059571509446,0.0400809624661301,56.2239835009536,0,-4.144792881539599,0,0,0
190.42751712772056,127.5895154220468,0.0463600381748094,-15.651488360454636,1,13.374883563988456,1,1,1
358.62846501335696,168.2009478856364,0.0443650470047194,28.81595529126244,0,-1.6253232129610282,0,1,0
303.2946156593003,55.33384935405667,0.0437791971334119,-39.920022624046624,1,5.375516873092746,1,1,1
88.29824441130579,214.9963712479945,0.038698927985023,-2.43724702480025,0,-11.200086297072977,0,1,0
265.3073383756632,177.00909396435736,0.0431756607055429,45.82778831143681,0,8.12544272040903,1,1,1
88.60825105025798,176.69908732540517,0.0429484705942858,-66.6551596368511,1,-3.9718751052189214,0,1,1
264.5224907488992,175.9142396986412,0.0340547450398029,8.896323024221925,0,1.1699245071537927,0,1,0
135.2819101308044,129.2405806180948,0.0373548407805805,18.864214616036627,0,-1.9728431665643456,0,1,0
354.70528474768514,219.42337461688075,0.03620092907999,2.830406885966965,0,4.63397741392683,0,1,0
211.9788536590967,142.72643108858844,0.0305382307576642,2.0137854753846938,0,-14.74337417092385,0,1,0
41.55919450887742,170.41965915021927,0.0297240209859582,-26.928535213587324,1,0.7699346399991369,0,1,1
309.878514072903,268.3193195640256,0.0248482421421136,57.17904949288474,0,0.3087121212336943,0,1,0
377.6985140339066,67.81999996100359,0.030385018381863,-17.867676111910185,1,3.855339281728904,0,1,1
554.0941734604736,176.39565942656702,0.0380631973032008,-35.60497979984899,1,6.048761109715073,1,1,1
349.3669720130204,204.72720144745324,0.0382083676695015,2.8602519429668334,0,1.0897751997215457,0,1,0
103.68479043911582,245.68218157390453,0.0414710244282159,46.89323731414817,0,1.339722413100768,0,1,0
74.50767607951514,29.17711435960068,0.0457825844166595,-40.00024462278037,1,-8.636808926094943,0,1,1
96.20701149606973,21.69933541655457,0.0474863327999145,14.080636326572574,0,7.388990400273837,1,1,1
194.7895905066652,98.58257901059548,0.0401042209012973,-34.874926632597386,1,-10.650455022807638,0,1,1
62.23791460635419,132.55167590031098,0.0350195479496267,10.504481580122205,0,-2.154215653988203,0,1,0
74.8890448038179,12.651130197463708,0.0322425654936319,13.187511384934275,0,13.694031549836849,1,1,1
206.83381596174704,131.94477115792915,0.0328539781839034,19.16485497160801,0,0.4186284186016795,0,1,0
204.3483146725307,2.4855012892163586,0.0371380077850397,-30.07333752860803,1,-1.8693900111294592,0,0,1
228.6225385316944,24.27422385916367,0.0293646162468732,53.64326827983481,0,-7.2654551765422735,0,1,0
142.62712109798602,85.99541743370835,0.0329834027616462,-58.44354882876268,1,13.371970229696576,1,1,1
244.02269828066667,101.39557718268064,0.03145843775908,44.69517904457985,0,-1.0358575490315474,0,1,0
265.57502709097315,21.55232881030648,0.0373587261938607,-33.14464617808658,1,-7.202700450221467,0,1,1
188.0453889280136,77.52963816295954,0.0411175876276346,37.50416513024438,0,9.471983808522324,1,1,1
205.34242406336543,17.29703513535182,0.0393249793517481,7.176386802156202,0,-13.810403889795897,0,1,0
360.2345276175189,154.89210355415352,0.0524386847574272,-58.88721203073982,1,3.8502945622973552,0,1,1
547.993194711673,187.75866709415408,0.0558120821696104,24.35691844487809,0,8.735749743655033,1,1,1
376.6359630898173,171.3572316218557,0.0539082058849624,-26.96889345128656,1,-9.315992784992003,0,1,1
72.74101885402298,303.8949442357944,0.0540370436235785,44.11674854892237,0,0.1777219028334347,0,1,0
100.25344648124576,27.512427627222777,0.048703375689255,10.113028035345636,0,-7.832312528221623,0,1,0
112.04609180294035,11.792645321694607,0.0426972724345129,-35.4216114375901,1,2.6390759631156,0,1,1
94.96173426243266,17.08435754050771,0.0464124600755945,0.5826371761156466,0,-1.0696234695237812,0,1,0
347.4067063763239,252.44497211389125,0.0417693171977266,-15.43288977719559,1,8.148012887600325,1,1,1
132.26980938159068,215.1368969947332,0.0459594637977741,8.215590128221962,0,-4.935485987540369,0,1,0
169.09403689521005,36.82422751361938,0.0436120874209239,1.3886721352328948,0,-4.829222236412507,0,1,0
383.0003406691784,213.90630377396835,0.0412394714747857,-13.465502581307994,1,8.65883866277795,1,1,1
421.4290933500154,38.42875268083702,0.0331483968123404,12.350236263527924,0,3.1848953858834648,0,1,0
160.3266225269569,261.1024708230585,0.0286578248394588,47.78437368899471,0,1.3461915138662128,0,1,0
219.4675814683588,59.14095894140186,0.0300495063236652,-46.5496854957761,1,2.0198234015787566,0,1,1
132.58149256531055,86.8860889030482,0.0352911086666277,-4.075891776871146,0,-7.111230251629198,0,1,0
285.61564742834787,153.03415486303732,0.0346204281940732,8.816407810665005,0,-1.8268907467581403,0,1,0
264.45935854870754,21.15628887964033,0.0367356047949954,46.05046040760392,0,5.8701985759114645,1,1,1
189.6697706223041,74.78958792640344,0.0406715626879416,-15.65551248903286,1,-13.415140672122066,0,1,1
166.83943681493193,22.83033380737217,0.0372242402638301,-45.02726514698941,1,12.40323667443598,1,1,1
217.3794328004965,50.53999598556459,0.0361690914412352,44.065062204426326,0,-4.55689324555413,0,1,0
125.54875850210004,91.83067429839647,0.0305650487689657,1.0946597641200668,0,0.9438672444329672,0,1,0
141.31702403754215,15.768265535442126,0.0306687257820702,14.712178602056,0,-3.132115058417847,0,1,0
58.95215565875874,82.36486837878341,0.0317830494776175,-4.723357265468962,0,-3.379880316604747,0,1,0
392.46736856037126,333.51521290161253,0.0268150526535462,-63.67201005847156,1,5.482982931762106,1,1,1
309.74705224038166,82.72031631998959,0.0288585719167035,28.750524658936047,0,-1.864446680304198,0,1,0
52.14398606673092,257.60306617365075,0.0240860771506399,19.873362937538104,0,13.03832085454985,1,1,1
44.97253282482479,7.1714532419061285,0.0199034083542329,21.63001782263565,0,-0.3315788230092913,0,0,0
85.20668877868368,40.234155953858895,0.0172049079172979,-71.05712661723763,1,-5.992443333136167,0,1,1
208.8326143438425,123.6259255651588,0.0157809256703374,22.646242461423032,0,5.195680906378685,1,1,1
272.25915686816035,63.42654252431785,0.0183865516233039,9.919284300947616,0,-3.0485306526131914,0,1,0
324.5937025958332,52.33454572767283,0.0212182758162759,-6.318368732496936,0,-8.10766577281434,0,1,0
168.05524093169575,156.53846166413743,0.0190599507336521,3.4027399600440376,0,5.160183562950579,1,1,1
122.86712265630835,45.18811827538738,0.0170114857702418,-6.934104264280919,0,-7.671541873496373,0,1,0
196.4169208076594,73.54979815135104,0.025347655665402,48.12163795214268,0,9.337693546886596,1,1,1
313.02977725249195,116.61285644483254,0.02310219035177,-13.390226813230782,1,-12.848013580859863,0,1,1
198.9658095087108,114.06396774378116,0.0292228745143604,-5.326789375833755,0,15.730683535964545,1,1,1
191.2030427349306,7.762766773780214,0.025851699102767,-26.07668429255341,1,-4.962238487801766,0,0,1
99.6852381538992,91.51780458103138,0.0254635589812877,37.66577781950251,0,-10.495829551724857,0,1,0
191.2792463014761,91.59400814757686,0.0313239993102269,-63.05474349166391,1,16.266456372095004,1,1,1
96.20720213864765,95.07204416282842,0.0310566643079545,4.006339124244192,0,0.1188049115519369,0,1,0
287.4104680011596,191.203265862512,0.0237358311566368,64.85114616188828,0,-0.4977114585349653,0,1,0
242.88745253974423,44.52301546141536,0.0217198257698118,-30.965563988682845,1,-1.5702772231918942,0,1,1
423.9793777617781,181.09192522203384,0.0287224088759385,-32.60244222026496,1,-1.927531231102531,0,1,1
254.4888280483027,169.4905497134754,0.0254542182115378,63.17503456652032,0,-5.6203258677002665,0,1,0
94.9661036379988,159.5227244103039,0.0362142641657114,2.055805361070597,0,-5.211399091842553,0,1,0
137.52872607388275,42.56262243588395,0.0420154819728446,-7.468016525513391,0,3.0487221549353305,0,1,0
207.96298295510505,70.4342568812223,0.0408113804557266,-51.43481705708729,1,1.1660372663642464,0,1,1
219.46295935291192,11.499976397806876,0.0359791241798767,3.194890474911446,0,0.2199865802671432,0,1,0
124.00207840558372,95.4608809473282,0.0411366301200111,10.278309330708865,0,4.148262955250608,0,1,0
76.97491608194689,47.02716232363683,0.0396946549410594,13.787909864490928,0,-7.142136139630992,0,1,0
276.25346919418973,199.27855311224283,0.0365457649911314,33.02877469692022,0,-0.3744335815404436,0,1,0
193.52324968189265,82.73021951229708,0.0341674101332257,-2.8838290189381155,0,10.546031457319817,1,1,1
346.88391301499104,153.3606633330984,0.0368963968765437,-2.799559050803623,0,-14.189243030084494,0,1,0
150.89555673508278,195.98835627990823,0.0330777195482089,-66.54902079073557,1,2.8403776996502232,0,1,1
30.040124774759988,120.8554319603228,0.0301908343641667,53.43120371284397,0,5.70877293689888,1,1,1
210.95831049980933,180.9181857250493,0.0294332881722317,9.574361289247662,0,-5.717498322761534,0,1,0
247.08916698054523,36.1308564807359,0.0248933286330691,-43.48530654406599,1,16.21458770398096,1,1,1
166.03711032629712,81.0520566542481,0.0190463289108145,-9.096439627044704,0,-5.794171997011997,0,1,0
182.47255782143037,16.435447495133218,0.0163353595481153,42.30939677488519,0,-4.746688798476322,0,1,0
224.5380528303272,42.06549500889682,0.0162370052341487,-52.60829899962925,1,-6.410283273554613,0,1,1
127.51602758173163,97.02202524859553,0.0170506765483119,68.00163566050563,0,5.458618845756639,1,1,1
163.69690641879276,36.18087883706112,0.0184204542854106,-62.78244463132376,1,5.308307570466651,1,1,1
156.6242330373534,7.072673381439358,0.0288362237102044,24.11681663311432,0,6.364250693602132,1,0,1
33.20977041584259,123.4144626215108,0.0385302711627258,42.02079979975096,0,-9.922536794345326,0,1,0
307.9070099991516,274.69723958330906,0.0365078783853521,0.4337893495931411,0,4.394497649032099,0,1,0
109.87271798647328,198.03429201267835,0.0388477392774748,-16.97839438731789,1,-9.941064975313653,0,1,1
66.24003935498209,43.6326786314912,0.0427224977155722,5.055855850582162,0,8.565487468178803,1,1,1
128.67027118275584,62.43023182777375,0.0355977242450285,10.238580589094935,0,-7.691569416572926,0,1,0
115.57753378161829,13.092737401137557,0.034851242032648,-3.1792986221705064,0,-0.8184169558254273,0,1,0
124.56305033947172,8.985516557853444,0.044196573724174,-24.42567017044172,1,6.221730191086424,1,0,1
261.27774294867726,136.71469260920554,0.0414122118875289,9.000667891590581,0,-5.951125284729338,0,1,0
189.74143286775487,71.53631008092233,0.0402433309330361,-11.267234158416173,1,10.19326459581256,1,1,1
152.5901184930419,37.151314374713024,0.0423924564817281,-6.982502398156278,0,4.320181274842202,0,1,0
350.4240224376469,197.83390394460503,0.0411000359393958,29.94669940458983,0,-10.874689771432063,0,1,0
355.7572336197854,5.333211182138427,0.0331769313913878,-11.424312351354189,1,-1.4228139793601642,0,0,1
181.2178265633805,174.53940705640488,0.0292484851725976,9.743284658480889,0,-2.931530196480348,0,1,0
240.64509772206583,59.42727115868533,0.0388364000381123,-61.11241655700965,1,4.290230679695721,0,1,1
348.0904366480794,107.44533892601356,0.0421713802989876,38.445936337525694,0,3.384753258891233,0,1,0
243.3623915003446,104.7280451477348,0.0438141986728823,-19.757467142098623,1,-3.73329355077969,0,1,1
130.69109080842395,112.67130069192064,0.0387089615877397,14.710171996629384,0,5.002136110116242,1,1,1
126.04998592294749,4.641104885476466,0.0357619651022029,7.965717306434691,0,0.7869439290865596,0,0,0
93.23771862841858,32.81226729452891,0.0308331961939498,18.623442199658783,0,-11.291877058769344,0,1,0
219.2348173351441,125.99709870672552,0.0355701904492818,-65.11045980589356,1,11.999062879897338,1,1,1
219.35174894824843,0.1169316131043274,0.0366460870498645,10.568451849838452,0,4.050696498041189,0,0,0
226.2861882563373,6.934439308088884,0.0323426507396602,60.59698948789762,0,-17.481307646043266,0,0,0
299.35060782575925,73.06441956942194,0.0284315858324425,3.665997491435036,0,10.502001239787022,1,1,1
174.64545585962628,124.70515196613296,0.0292155808948054,-72.94784214606452,1,1.0504432630948006,0,1,1
160.45982597947085,14.185629880155432,0.0298766025328746,22.10918878555528,0,2.118819226335315,0,1,0
180.63527211905867,20.17544613958782,0.0302027460054112,-25.76460553197184,1,-6.480933425424961,0,1,1
215.63541668386364,35.00014456480497,0.0310426413125398,59.81744315419975,0,8.658833061154747,1,1,1
145.47720826546205,70.15820841840159,0.0310335939813339,-6.040626636300274,0,-5.576277012413399,0,1,0
202.04905569411653,56.57184742865448,0.0325495747008391,-9.370805187388015,0,-2.61919729344569,0,1,0
45.64200727302305,156.4070484210935,0.0251292467358731,10.1484846285545,0,6.206401883453353,1,1,1
161.21787840989032,115.57587113686728,0.018040529576646,-12.3095968558196,1,4.162376717374393,0,1,1
331.549190966086,170.33131255619566,0.0177188610675647,-23.916002958188336,1,-2.307477756556388,0,1,1
265.9620429382071,65.58714802787887,0.0278764634493308,41.23940475000185,0,2.373262684218524,0,1,0
343.45860983512586,77.49656689691875,0.0326625540265319,2.315522888756121,0,-13.294600319163695,0,1,0
176.79356064263192,166.66504919249394,0.0276293340294012,5.673929760666084,0,-2.9484358228700254,0,1,0
74.64344594088607,102.15011470174584,0.0264600332445623,7.98998283107916,0,8.316731585442891,1,1,1
190.8141919169585,116.17074597607244,0.0288598323897297,-16.522805337696866,1,-9.798382506336871,0,1,1
125.6176881413758,65.19650377558271,0.0428510629768861,-55.43934561658181,1,12.603186881584936,1,1,1
169.7318169312062,44.11412878983039,0.034088749436804,-2.69689759894187,0,-8.691764913114028,0,1,0
316.4527827609085,146.72096582970232,0.0446493409657793,57.52256793264204,0,4.286971302851343,0,1,0
441.6027979693926,125.15001520848408,0.0383260656912368,-54.70557646218509,1,4.02423504262393,0,1,1
467.3009344275496,25.698136458156966,0.0339954724247006,20.791490669521245,0,-3.449330743357038,0,1,0
72.74914182828421,394.55179259926535,0.0378509212042756,-14.38277686178079,1,-4.9406648560984,0,1,1
255.61978977270508,182.87064794442085,0.0354508442751339,66.61920135025574,0,12.88616918859087,1,1,1
235.54980158100696,20.06998819169812,0.0302487209833063,-52.20045992293977,1,-2.316703979120845,0,1,1
176.47456914442853,59.07523243657843,0.029960145703629,-20.89977977560759,1,-3.269256549411905,0,1,1
339.07829304004304,162.6037238956145,0.0281031480815247,71.55685074764492,0,1.949355400778941,0,1,0
252.331016033699,86.74727700634404,0.0296373010581916,-27.26905311321721,1,-5.664287319609203,0,1,1
105.29836512723548,147.03265090646352,0.0264381681722131,-45.81082478813553,1,-0.7886760241916484,0,1,1
187.17774033023088,81.8793752029954,0.0224393223578839,63.78015769099414,0,-4.315610413797176,0,1,0
397.9634914409683,210.78575111073744,0.018938929102961,-54.46658694623953,1,12.869598234424805,1,1,1
383.1346747072449,14.828816733723386,0.0181136548735235,51.99260560822664,0,-8.45094484537048,0,1,0
53.83999593933524,329.29467876790966,0.0186117213782081,-15.974762156366609,1,6.225594586397261,1,1,1
144.2395650305865,90.39956909125128,0.0205704139224027,-34.05092252561802,1,-7.847639663603109,0,1,1
73.7944210948634,70.44514393572311,0.0237139415420099,46.03862704933307,0,9.92094537611433,1,1,1
244.1449688971929,170.35054780232952,0.0261493950275459,-23.847446171958538,1,-13.81491697587465,0,1,1
82.39475044718358,161.75021845000933,0.0216376770319465,14.68767713220022,0,10.395415760043702,1,1,1
62.9028172354732,19.491933211710386,0.0226251782689681,18.51305804470475,0,3.651610242127582,0,1,0
173.3229326374395,110.42011540196629,0.0230075746800191,-48.73728399087257,1,-2.946889309099048,0,1,1
84.68404426072358,88.63888837671591,0.0200865705433842,8.453858022119121,0,0.7173112137716533,0,1,0
117.31756240349569,32.63351814277209,0.0221184561467927,50.504035560717696,0,-3.402537025147124,0,1,0
252.9627923163697,135.64522991287402,0.0233647355326319,-39.13258520465034,1,0.6608608338204363,0,1,1
162.9396886289216,90.0231036874481,0.0406445315809445,4.031056339224563,0,-9.862771164782616,0,1,0
216.25551485325252,53.31582622433095,0.0486630853311973,-21.845130765225008,1,3.698194162718875,0,1,1
182.3146938490504,33.94082100420215,0.0533505080604512,10.447097021754509,0,9.422511993962102,1,1,1
55.36610823605261,126.9485856129978,0.0500422192675243,6.8419595656102885,0,4.46985350707962,0,1,0
197.76038448753485,142.39427625148224,0.0504095821597486,-19.4485616628356,1,-8.072809289294495,0,1,1
473.4650268988096,275.70464241127473,0.0492952717219146,-1.6239372195154829,0,3.676207493295765,0,1,0
170.3095998199795,303.1554270788301,0.0442678031304631,28.985704377608272,0,-0.8402292328679977,0,1,0
284.55324685787247,114.24364703789296,0.0412843882065519,-33.34522972356006,1,6.316089009037327,1,1,1
287.3708927053006,2.817645847428139,0.0439745004048571,29.58450323855785,0,-4.087597640953502,0,0,0
180.17923249571703,107.19166020958356,0.0469593411645822,12.220503105432783,0,-3.347142104666954,0,1,0
95.27123598323446,84.90799651248257,0.0424682774512163,-40.63651215113956,1,-10.249760361434248,0,1,1
41.12053435265485,54.15070163057961,0.0515865618674722,43.80963520206176,0,4.950053805663089,0,1,0
56.62929513374411,15.508760781089258,0.0654638458154948,-30.89549495544695,1,-2.239261009114493,0,1,1
208.62987229347624,152.00057715973213,0.05344073076633,50.62561304338109,0,12.05953355415153,1,1,1
267.6176053252459,58.98773303176967,0.0568277773553808,-1.0742182203600663,0,-8.150052386377334,0,1,0
130.80275005907515,136.81485526617075,0.0552156983025662,-14.438574126572275,1,1.7825330604682268,0,1,1
154.32459334689764,23.52184328782249,0.048423409563252,-36.46990855912254,1,8.590472654727552,1,1,1
192.1346161482962,37.81002280139856,0.038656613335448,47.559148865003245,0,-2.5627899607784244,0,1,0
88.87507382304051,103.2595423252557,0.03835286087763,4.925509429295559,0,-0.9372708282072112,0,1,0
126.23554300748567,37.360469184445165,0.0327451713881587,-42.92003522131806,1,-12.952012116234185,0,1,1
193.30829661200872,67.07275360452304,0.0287043515042493,12.184865276386844,0,-2.389024641833557,0,1,0
164.3890792374543,28.91921737455442,0.031156555263267,-48.68819023303154,1,2.0555986704408724,0,1,1
310.636894540515,146.24781530306072,0.0370342601105717,3.0036965877666297,0,12.294699495111916,1,1,1
177.76193119138114,132.87496334913388,0.0362349113987007,36.5651680508949,0,-6.591310657085607,0,1,0
336.0398647637202,158.27793357233904,0.036174752757826,8.697285036550632,0,-5.864964227618701,0,1,0
391.5577439453686,55.517879181648425,0.0319302433495109,-23.753669709298805,1,12.430998343492426,1,1,1
88.53393832451249,303.02380562085614,0.028900783037838,-17.06105457396685,1,-10.88870941439909,0,1,1
25.678161675948893,62.8557766485636,0.0310537372052993,54.65138626298576,0,7.889185536348084,1,1,1
156.18949343513708,130.51133175918818,0.0274071425006981,-29.08096882056913,1,3.049990222691788,0,1,1
88.44286312314468,67.7466303119924,0.0275506864769923,18.40706832971628,0,-2.6696439188060683,0,1,0
190.83270518890708,102.3898420657624,0.0247018183359909,0.1082242269411324,0,7.711518319880522,1,1,1
95.63012807563788,95.2025771132692,0.0334145802911248,-8.269000983905926,0,-11.18947640551901,0,1,0
148.262092343006,52.63196426736813,0.0356393418410221,-29.467928988828533,1,-2.4471526590722625,0,1,1
79.78905525871299,68.47303708429301,0.0307459163584923,35.00734180884477,0,-2.2121681502008883,0,1,0
108.16212097137866,28.373065712665664,0.047340740860963,-23.5197867248543,1,6.051659021513981,1,1,1
110.93198205181706,2.769861080438403,0.0449236091799235,39.76329578669976,0,6.974006181515044,1,0,1
144.306173396887,33.374191345069946,0.0365159536648233,-50.07426857619985,1,1.8887049935509448,0,1,1
286.5752688635342,142.26909546664717,0.0400373150224448,7.836125167133744,0,0.5027936602060841,0,1,0
228.19734525880648,58.3779236047277,0.0366171186422005,11.932604185292746,0,-8.813530689258133,0,1,0
303.43945382635945,75.24210856755298,0.0363582881556813,23.976573112337583,0,1.4776401413974831,0,1,0
201.14192790780572,102.2975259185537,0.0266531016871393,-1.54100424379277,0,-0.4744116172803885,0,1,0
175.40493190134012,25.73699600646563,0.0226869979095013,-30.69124987445296,1,-2.3113473866041048,0,1,1
72.19258627095543,103.21234563038468,0.0207268541916084,13.891366172537452,0,-6.274651620704523,0,1,0
83.51210631004625,11.319520039090818,0.0220845485417493,-22.1213944311221,1,-1.7356225510231482,0,1,1
13.293409403147868,70.21869690689839,0.0251390429067346,42.890454160098855,0,7.423584178640858,1,1,1
100.22455798490924,86.93114858176136,0.0262298274289,-45.89243141271637,1,-5.009404008399101,0,1,1
113.250635486953,13.026077502043776,0.032990589578501,49.810962291381,0,14.00968099607982,1,1,1
190.360908483518,77.11027299656496,0.0336116587061164,9.40137498227945,0,-2.499036004313975,0,1,0
275.09200965653633,84.73110117301837,0.0352170014186556,4.380157701102803,0,-2.86586481776738,0,1,0
238.69658888205652,36.39542077447979,0.0325169108136978,-10.772313173243331,1,-11.419894577668256,0,1,1
196.06183039010787,42.63475849194867,0.0358412661656004,-50.82105343307409,1,11.496668781583589,1,1,1
103.68704160343717,92.3747887866707,0.0349862833974917,15.585171370521875,0,-0.0235243090460706,0,1,0
346.19312485562966,242.5060832521925,0.0368244340119903,-26.21414284535618,1,-3.637158819845052,0,1,1
536.8976850969514,190.7045602413217,0.0272351302286183,6.057161111535336,0,4.370834663064644,0,1,0
110.052765760759,426.84491933619233,0.0297172515071398,-9.188342154204946,0,4.003230802323689,0,1,0
92.09350932519273,17.95925643556629,0.0294649724910906,47.31126628568271,0,-1.998553542002876,0,1,0
382.5899644314741,290.4964551062814,0.0287627405765641,-8.63206216210331,0,-5.691053019575941,0,1,0
120.75102273594952,261.83894169552457,0.0239283507105379,30.70605458161438,0,-4.222994091596734,0,1,0
191.22600761175676,70.4749848758072,0.0126440780240005,-36.320411199378896,1,4.311055962495479,0,1,1
114.43108561481183,76.79492199694488,0.0133492991839137,14.343922291997115,0,9.36267079096222,1,1,1
190.12862579623544,75.69754018142359,0.0209741414382254,-19.25673872265109,1,-2.5196855401199407,0,1,1
73.42597504349024,116.7026507527452,0.0256388301363962,34.2287654355786,0,-15.858937385096654,0,1,0
90.7641397055023,17.338164662012062,0.0251261668296099,7.753492716827765,0,15.118471225185584,1,1,1
98.61319508509123,7.849055379588947,0.0226613527971094,-39.57151692281349,1,-12.248112261979994,0,0,1
203.16289657482903,104.5497014897378,0.0208184847604906,-27.92243330437998,1,8.011073902519911,1,1,1
358.0972548265899,154.93435825176084,0.02084116700751,6.4667606966991045,0,4.708124094843782,0,1,0
136.93321738380746,221.16403744278244,0.0222430809222021,44.56068010182746,0,-4.904582296435223,0,1,0
381.58938882641934,244.65617144261188,0.0166160715409714,-31.62214974954332,1,-3.1485539387390915,0,1,1
281.3142468832756,100.2751419431438,0.024348612708171,36.80940111515957,0,-1.6518617848279955,0,1,0
158.30430817088788,123.00993871238764,0.0338236269642785,-2.8500321611890627,0,-0.3233479238141905,0,1,0
119.7171317208766,38.587176450011285,0.0384979060311348,-4.436632209341312,0,10.646545277077813,1,1,1
279.00065881897143,159.28352709809485,0.0425718953054244,9.593217324265185,0,-0.247532128868368,0,1,0
276.4492463215301,2.5514124974412766,0.040980337899236,-4.612881134163047,0,-0.0334849938537615,0,0,0
127.612847862912,148.83639845861816,0.0443730148189966,-9.9174376892218,0,-10.812952718477288,0,1,0
92.8434984619138,34.769349400998195,0.044227626139786,-50.26885524617937,1,10.323775176654372,1,1,1
5.343831369047503,87.49966709286629,0.0394526057355773,40.91599996104943,0,-15.245658592730145,0,1,0
106.32942072353512,100.9855893544876,0.0388132822306692,6.36605479772269,0,3.3964284087084207,0,1,0
89.86485252703677,16.464568196498334,0.0420022985314824,29.23144062580073,0,6.160934545139401,1,1,1
305.8479615011167,215.98310897407995,0.053907601501478,-24.813107147297103,1,-2.155136533461903,0,1,1
29.71876721185696,276.1291942892597,0.0506894333394087,-6.000664505992319,0,-5.897158115095428,0,1,0
318.77394354680075,289.0551763349438,0.0334494509950988,-2.7423929388058,0,-1.4033559397079776,0,1,0
483.7250603978329,164.95111685103217,0.0324324546460567,-35.032067979498095,1,11.38901352651035,1,1,1
156.45792105507462,327.2671393427583,0.0325821251053649,25.94615069137817,0,-5.953797047449532,0,1,0
401.95213717349424,245.4942161184196,0.0364850303693726,-23.461134790949345,1,-5.950391070995295,0,1,1
250.2276185271418,151.72451864635244,0.0337741494368209,-6.532635352033758,0,8.298657999914248,1,1,1
117.33484656896628,132.89277195817553,0.030029295521703,22.14171532371845,0,-2.4825502823460024,0,1,0
228.8443776452348,111.50953107626852,0.0251892106944289,25.277838124172817,0,5.396804675640455,1,1,1
207.2699825547872,21.57439509044758,0.0234576950123496,17.708413308280612,0,7.06413220403882,1,1,1
324.7621753141102,117.492192759323,0.0236534947038715,-4.514517424436832,0,-12.438952480748124,0,1,0
439.4098614360671,114.6476861219569,0.0270877284764043,-41.2540813287367,1,13.785403643954856,1,1,1
178.14510961509535,261.2647518209717,0.0265580772315579,-19.89545858226128,1,-18.221833419317317,0,1,1
25.636779433302436,152.50833018179293,0.0250468228088266,28.53452460644255,0,0.0446663216382559,0,1,0
92.30544995880008,66.66867052549763,0.0295017706781245,-7.031910821849223,0,12.493635452081572,1,1,1
196.49670883205263,104.1912588732526,0.0262225130675961,4.518819524749524,0,0.7134374839743174,0,1,0
249.43837533228856,52.9416665002359,0.0251071257086736,15.026752492134564,0,-6.51521229727409,0,1,0
100.85302321250909,148.5853521197795,0.0274422469174698,-42.29483341229261,1,-2.736471974434986,0,1,1
256.2790636486751,155.42604043616603,0.0302760624745484,27.23137705212892,0,10.159089515510496,1,1,1
87.80223625795507,168.47682739072002,0.0251939779992703,15.02620584904554,0,3.244737446328834,0,1,0
180.31580435904755,92.51356810109247,0.0266147825881415,-10.212995081568067,1,0.6732589718301831,0,1,1
56.401281224012784,123.91452313503476,0.0351149631208948,18.900645746497275,0,-7.108956262302804,0,1,0
417.4652501700176,361.0639689460048,0.0400521686369008,-38.487772070338906,1,2.113213035286829,0,1,1
261.5240925599896,155.94115761002797,0.0446779927486257,-2.584294612377427,0,1.6426372619762333,0,1,0
347.7902334163808,86.26614085639119,0.0471195131142538,12.323705185439245,0,-0.4675355457941883,0,1,0
290.6105091133867,57.17972430299409,0.0446773375399984,-16.491614578306866,1,3.890449701140213,0,1,1
311.819604689041,21.20909557565432,0.0414314924912295,10.762610200724149,0,-3.6592090114500486,0,1,0
222.9872270930792,88.83237759596182,0.0347151521440491,-11.948592942049032,1,-2.957188459086412,0,1,1
254.65157414498276,31.664347051903547,0.0294710471032997,25.20586368107113,0,-5.727129792454891,0,1,0
113.14825122394436,141.50332292103838,0.0336083665714509,24.758265507861225,0,4.4354133369870645,0,1,0
12.333528665563604,100.81472255838077,0.0362527650313634,-33.99343933885189,1,5.647456879487827,1,1,1
175.02781618775617,162.69428752219255,0.0308391052794921,-22.624573274742065,1,-11.497587751636546,0,1,1
153.57208838460878,21.4557278031474,0.0360378687974728,44.26692165287824,0,-5.496550158724521,0,1,0
178.791903243429,25.21981485882023,0.0418927921231967,10.789928942312372,0,5.930593056836631,1,1,1
83.47549525158436,95.31640799184464,0.0420832987715307,-24.0500291878722,1,12.660957023124029,1,1,1
87.99694964396727,4.521454392382907,0.0516881712160999,-7.545302483821565,0,-3.323249754781916,0,0,0
269.6527759227048,181.65582627873752,0.0597875209346059,15.491031852694398,0,-12.1385538105191,0,1,0
239.15396982573867,30.49880609696612,0.0535355551393764,-31.151850775371194,1,-3.502778095974126,0,1,1
336.7222033166629,97.56823349092424,0.0499131060385801,43.41492441617786,0,13.142368779584164,1,1,1
135.70208136746604,201.0201219491969,0.04611781591874,7.149674303549972,0,-1.802213820926207,0,1,0
60.46762931712646,75.23445205033957,0.0483541432700252,-2.2933177289937845,0,-9.920534858287876,0,1,0
394.5342735217158,334.0666442045893,0.0575247745442408,-30.077098957298134,1,17.66028891020344,1,1,1
310.9946151211443,83.53965840057151,0.0564539243147889,41.12349793912247,0,-6.964064447276252,0,1,0
197.68085775944056,113.31375736170372,0.0566403251202183,8.331048490265658,0,0.6745555373682066,0,1,0
162.23823671767462,35.44262104176596,0.0544943088825934,-51.98196380638659,1,4.04153627898531,0,1,1
108.11676791100902,54.1214688066656,0.0473423193151016,-2.7484028564783856,0,-10.330690524930231,0,1,0
135.4780157840912,27.361247873082192,0.0275542358451335,35.31092579528546,0,4.423794324491459,0,1,0
154.95411063571916,19.47609485162795,0.0229626338945759,0.3340959308911095,0,0.3587068438523833,0,1,0
270.3057250403507,115.35161440463152,0.0158535954622136,-15.829162938091931,1,7.823344605346776,1,1,1
198.96996117419,71.33576386616068,0.016936570146028,33.03220651671452,0,-16.717381155859425,0,1,0
137.0466910155087,61.923270158681305,0.018218269636538,-62.16039832497353,1,12.548531450024033,1,1,1
267.5322418526464,130.48555083713768,0.0222997678347677,26.48416533878658,0,-3.6752372699399514,0,1,0
50.68329822260044,216.848943630046,0.0215683204276582,-35.37281758163444,1,5.404556468537127,1,1,1
196.58975863938775,145.90646041678735,0.0201175159659433,1.395925641443256,0,-0.268546048699946,0,1,0
311.4979595641345,114.9082009247467,0.0201367751331079,0.0822873694135317,0,-16.398428557751416,0,1,0
56.9824660822693,254.5154934818652,0.0256093957284872,35.04829111599906,0,4.888487442259232,0,1,0
96.42484521805184,39.44237913578253,0.023120812891301,7.774110394264298,0,-1.5127466170845605,0,1,0
242.0478922390698,145.62304702101795,0.0265068092797345,-46.83816452010552,1,5.617866098161716,1,1,1
154.73449648077192,87.31339575829787,0.0301319000795666,50.32471260053443,0,8.87153628287961,1,1,1
153.28728311924044,1.4472133615314815,0.0308523092439305,-11.427652150381109,1,-18.0056281055515,0,0,1
47.91832562118992,105.36895749805052,0.0229921274519125,-21.271909286240813,1,9.663718381614531,1,1,1
220.13408422626733,172.2157586050774,0.0207354626097003,-16.69614111881227,1,7.932029189147425,1,1,1
233.87627574575427,13.742191519486935,0.0210370416480484,11.280246221433464,0,0.8283800162497954,0,1,0
393.4759047598332,159.5996290140789,0.0217146032687707,35.538322859765,0,-5.378276654451211,0,1,0
410.6871208879176,17.211216128084402,0.019792669494715,4.680637451879377,0,3.449073886820644,0,1,0
287.56071356127944,123.12640732663812,0.0195860558676656,-0.9423201496857844,0,-10.11368206920767,0,1,0
204.51732723628652,83.0433863249929,0.0175644210070958,-39.51191054089322,1,-0.7621744859590649,0,1,1
426.3207778459083,221.80345060962176,0.0218841795135151,60.64415951155848,0,-4.736796455416257,0,1,0
502.4856107526456,76.16483290673727,0.0259806355314313,-40.02097923588573,1,9.081659519012293,1,1,1
437.3334882291054,65.15212252354019,0.0255233428130056,28.56442786680418,0,-0.947412210945533,0,1,0
208.50693219524155,228.82655603386385,0.0268683125706674,-48.12211857470452,1,-1.6783304366553915,0,1,1
210.4227473059384,1.9158151106968264,0.0361448992130817,24.3270218176353,0,-5.171627830292088,0,0,0
177.68918991761143,32.73355738832694,0.0345260226391228,4.076197196836851,0,2.348581193042199,0,1,0
321.22184820607504,143.5326582884636,0.0370157768407246,19.906725875402373,0,-0.541750860007495,0,1,0
296.3150947681079,24.906753437967154,0.0359815927615575,-11.906905266640493,1,14.80585572827279,1,1,1
382.3773675150981,86.06227274699023,0.0306279635334862,-17.777315671578528,1,0.4498387018320713,0,1,1
124.47421410577752,257.90315340932057,0.0279725106895109,-9.343027199337094,0,-19.260774649402084,0,1,0
51.009785496710826,73.46442860906672,0.0404850494855967,55.23536813249656,0,3.3425259209896074,0,1,0
108.35591140751386,57.34612591080303,0.043243291355686,-55.07414058988644,1,14.364657986579232,1,1,1
242.55680781336727,134.20089640585343,0.0453091821794213,-12.404485837257775,1,-17.008814311446166,0,1,1
222.5425574900098,20.01425032335746,0.0353294813171672,13.675421623342796,0,18.10222855850244,1,1,1
86.77951784795074,135.76303964205908,0.0351620020967377,2.1215767124087748,0,-11.26773716418124,0,1,0
182.03912382766,95.25960597970924,0.0418964672730691,-15.926151246806327,1,3.1724221637828336,0,1,1
310.2352905613937,128.19616673373372,0.0482907515106788,46.42284746801993,0,4.502677171812289,0,1,0
143.0531457235621,167.1821448378316,0.0493088358459435,-7.118407052796613,0,-10.398290603436015,0,1,0
50.20343756178742,92.84970816177469,0.0464580638727101,-24.20396293955264,1,-2.8646216631734123,0,1,1
138.86099989647585,88.65756233468844,0.0457001296889675,54.11076932372072,0,14.185483838833012,1,1,1
290.68998201813383,151.828982121658,0.0476011744177648,-27.039121669138297,1,3.4935642612709543,0,1,1
171.1401525756806,119.54982944245324,0.0316506492867029,3.8539450832004576,0,-6.516967878046474,0,1,0
167.6219098330841,3.518242742596499,0.0318051172208126,-11.680218928154332,1,3.3289258303634472,0,0,1
43.11703423137754,124.50487560170654,0.0336759484519555,-0.4486327614099821,0,2.3217616416103084,0,1,0
151.927342762721,108.81030853134344,0.0202532119041018,-42.52419792063495,1,-14.254652221182454,0,1,1
100.42778319078153,51.499559571939486,0.0317694101909266,60.070720831260616,0,2.436523452684642,0,1,0
350.6916208698357,250.26383767905415,0.0294680221089066,11.186758575724935,0,-2.6275976109807875,0,1,0
218.2320883145407,132.45953255529497,0.0311265114002547,-63.078142520136765,1,-3.1448460315753186,0,1,1
224.06377033946364,5.831682024922941,0.0377190553460363,53.869320091461375,0,13.409840506724436,1,0,1
152.71534692840115,71.34842341106247,0.0396507937939172,-20.905877675484376,1,-11.7323638737147,0,1,1
268.8170845307267,116.1017376023255,0.0347285686304526,-19.91982770778627,1,-1.0589641344956966,0,1,1
254.613293811123,14.203790719603688,0.0302982685991207,50.845992494243816,0,5.298509474383524,1,1,1
207.9239561849525,46.68933762617053,0.02377996585131,-72.28105324964963,1,-5.941575128334538,0,1,1
283.68797269584945,75.764016510897,0.0209560523657247,20.53501249954368,0,2.3800440619811214,0,1,0
294.9107014719832,11.22272877613375,0.0241839530082704,48.975301776657176,0,-2.1923421953352973,0,1,0
163.67413968747547,131.23656178450773,0.0266276914964742,-32.418826945467394,1,16.146731985363243,1,1,1
325.3616535294961,161.68751384202062,0.0236235177907279,9.43258486291763,0,-1.950868337123316,0,1,0
315.77258198157523,9.589071547920868,0.0238919423652849,12.067695203207762,0,1.595608355002275,0,0,0
130.9256695009443,184.8469124806309,0.0257356098611838,-48.14355026488781,1,0.1763253552211345,0,1,1
292.91849449485625,161.99282499391194,0.0347200792471156,5.376119010180485,0,1.5235596055146985,0,1,0
112.36346049882384,180.5550339960324,0.0325132503585251,62.676299920293125,0,-15.157089803115005,0,1,0
108.7934311932071,3.5700293056167425,0.0354502444021219,-60.89409172784246,1,14.267089969523246,1,0,1
164.13436232965168,55.34093113644458,0.0337529280136997,24.13998400768945,0,-7.499403237734851,0,1,0
104.03641228543566,60.09795004421602,0.0359682771876326,-19.23961891484143,1,-7.176157543146504,0,1,1
225.9265392424198,121.89012695698416,0.0349673236072482,44.21699146420287,0,9.79084703523791,1,1,1
252.7194675292219,26.79292828680209,0.0309152003676656,8.826893240974968,0,-6.575457091455028,0,1,0
389.80948691265536,137.09001938343346,0.0342702175690338,-65.63707317819646,1,-5.610620895704881,0,1,1
320.3136899671618,69.49579694549357,0.0406047455259965,36.74248387028375,0,0.6435701606761525,0,1,0
232.129489580013,88.18420038714879,0.03903442507806,16.88024564973614,0,6.901359969900213,1,1,1
373.2206925650436,141.09120298503058,0.051404979649318,0.9161063994847752,0,8.055351281724956,1,1,1
251.4958236576211,121.72486890742248,0.0529504192848734,-30.60641417569242,1,-10.30911557980142,0,1,1
106.84219798154898,144.65362567607212,0.0511972266368309,-17.205707517898254,1,9.10196188394563,1,1,1
177.96327392779702,71.12107594624804,0.0450122251182599,12.94108674275379,0,-14.207638007854085,0,1,0
97.29706298225672,80.6662109455403,0.0542655231533958,29.12102263294497,0,6.7597707687249855,1,1,1
37.43649966309035,59.86056331916637,0.0364045808507128,19.410014660513355,0,-5.325844955533067,0,1,0
369.7941051466247,332.3576054835344,0.0320809997041059,-35.1590947520523,1,14.722161636824962,1,1,1
297.0760908963226,72.71801425030208,0.0316122089414043,-28.73318393847165,1,2.087797429795618,0,1,1
535.5366200651986,238.46052916887595,0.0307223443420153,-12.255171350264646,1,-12.846449907334756,0,1,1
263.04439452720806,272.4922255379905,0.0263016489319238,72.14040585014767,0,13.264938986223669,1,1,1
45.26119917544802,217.78319535176004,0.0250947340513574,-36.85253101003048,1,-4.731102011043427,0,1,1
52.24264152866701,6.981442353218988,0.0233404545874739,18.68475729963479,0,-15.021473216085344,0,0,0
152.46386173766356,100.22122020899656,0.0260305106064979,-4.512930669725705,0,9.680757527148938,1,1,1
218.9597209524312,66.49585921476759,0.0237013400001678,18.455219920351936,0,6.976577225456577,1,1,1
102.6617939251812,116.29792702724994,0.0246147285974746,-49.98245692820472,1,-6.004505116777668,0,1,1
102.26174573387294,0.4000481913082723,0.0255544133708448,14.05036165879035,0,0.321707884522791,0,0,0
380.9130178456738,278.6512721118009,0.0200626378590165,37.75205909612821,0,-2.0452230494312538,0,1,0
604.8152689464961,223.90225110082224,0.0200264861394437,-26.24357121572241,1,-1.0532150695460452,0,1,1
310.0728236831216,294.74244526337446,0.0191639131142443,-41.13716443095623,1,-7.352842233152943,0,1,1
154.11957992076432,155.9532437623573,0.0205565582529579,9.849803211362556,0,11.886726066689636,1,1,1
142.1268105088522,11.99276941191212,0.0195248248377425,3.418467238866341,0,2.899865505597525,0,1,0
49.40887836430456,92.71793214454765,0.0278910513520807,60.52563809998714,0,0.469030133033339,0,1,0
148.5786165207743,99.16973815646972,0.0281389571307492,-61.57172025774751,1,-3.310834065187532,0,1,1
224.6778297696817,76.0992132489074,0.0266642060731044,51.64360652468405,0,-5.667177804049601,0,1,0
107.98717048721956,116.69065928246214,0.0293156623783473,-63.32707373328223,1,-6.373351623208772,0,1,1
154.9526513500538,46.96548086283424,0.0292846681834111,8.290003479292885,0,17.463397575504633,1,1,1
153.31201886964277,1.6406324804110284,0.0296801915232762,55.22676145835808,0,-9.334666577594472,0,0,0
235.82061680139043,82.50859793174766,0.0298703932366264,2.150501205007785,0,3.4425846057334226,0,1,0
188.55246979408136,47.26814700730907,0.0313854398948528,-57.81921798238358,1,-8.132387469661088,0,1,1
132.74564609277036,55.80682370131101,0.0292110044252994,4.292474579646779,0,-1.0520071451025963,0,1,0
309.1142299255808,176.36858383281043,0.0229795767796207,24.05721177070194,0,-1.1027601023594835,0,1,0
327.36295836658934,18.248728441008552,0.0200337066732254,-38.230750338192216,1,14.238949848209408,1,1,1
269.2086481077254,58.15431025886392,0.0186474436169598,71.40809722804823,0,-3.046089838918258,0,1,0
307.8378050833051,38.62915697557969,0.0215564803062171,-46.65659538909424,1,-0.5060290864658299,0,1,1
297.52584783809675,10.311957245208362,0.0215204269068927,10.176899255397537,0,5.964769774762591,1,1,1
55.397373524932,242.1284743131648,0.0233247346366664,-30.739168852528287,1,-15.213710169355888,0,1,1
160.96248881367652,105.56511528874452,0.0305613474968506,-5.800297646679777,0,0.2311422518417401,0,1,0
241.0989703532497,80.1364815395732,0.0395978396537999,34.82178175406746,0,0.3839959544546838,0,1,0
306.89766189628494,65.79869154303523,0.0538263375406982,-27.691962910730723,1,4.678005614618988,0,1,1
232.11918635284104,74.7784755434439,0.056621769334014,40.69210545103047,0,9.017046094932915,1,1,1
226.29393176529732,5.8252545875436965,0.0507100069280216,13.133009209006389,0,0.1450478209661199,0,0,0
228.52109181548735,2.2271600501900366,0.0417459468041722,-61.02481372906647,1,-5.817727790466684,0,0,1
117.66809439002242,110.85299742546496,0.051966597913096,46.444109657454334,0,1.351103226530956,0,1,0
163.4781803730382,45.81008598301577,0.0454449251802087,16.27233986243965,0,4.792388915027157,0,1,0
98.63439572781051,64.84378464522766,0.0396776562156847,-30.09590169516728,1,-5.470867763022309,0,1,1
31.823881913667133,66.81051381414339,0.038964490339202,41.62213474488157,0,-7.888385552567514,0,1,0
254.1466201747387,222.3227382610716,0.0348496859459536,-67.8807805720572,1,9.502287809924358,1,1,1
180.89873037290323,73.24788980183547,0.0473686325317325,16.943164540757465,0,1.2995341156471802,0,1,0
83.9836063459299,96.91512402697332,0.0437608758787067,-7.432754361294087,0,-2.690923017981426,0,1,0
190.83489384814257,106.85128750221268,0.0399810438170632,61.28928972843233,0,-7.235503195450068,0,1,0
148.98584839866564,41.84904544947693,0.0360909529746376,-56.16118410683168,1,2.526967723024323,0,1,1
97.83788577941246,51.14796261925318,0.034622258749771,7.500031535074825,0,1.4134911610640133,0,1,0
26.525564554204845,71.31232122520761,0.0262333242813155,36.77517930519746,0,-6.505879789847215,0,1,0
183.00049706577937,156.47493251157454,0.033400267704667,6.58776146219445,0,6.138496726112104,1,1,1
96.27875316665944,86.72174389911993,0.0372812062993396,0.6226977070905804,0,-5.820516622615683,0,1,0
66.21709564555846,30.061657521100983,0.0383163222307929,-30.36633525407693,1,6.765086414873096,1,1,1
71.59059837307794,5.37350272751948,0.0384697728103334,8.4107349919107,0,-8.972819710401392,0,0,0
200.62545707551484,129.0348587024369,0.0316057036960782,-25.13043994276405,1,17.954414668168333,1,1,1
369.90513529131056,169.2796782157957,0.0345260261162011,20.638960206949143,0,-14.043732553826915,0,1,0
229.73608907798987,140.16904621332068,0.0340078520501543,-24.35285287193681,1,4.413388911755037,0,1,1
180.1191331281528,49.61695594983706,0.0317956738260174,35.46242303266012,0,-8.685242666505019,0,1,0
105.03469520851117,75.08443791964164,0.0307251031500386,-35.10545918459356,1,3.199386913346805,0,1,1
89.09636183379642,15.938333374714745,0.039840287126823,45.77604733521291,0,10.010469392677583,1,1,1
218.8706949417908,129.77433310799438,0.0409402390523516,-58.874145517592126,1,-11.628887773893668,0,1,1
46.45843103330404,172.41226390848678,0.0449004524998537,34.26569919010329,0,10.326971156504344,1,1,1
395.4787873685854,349.0203563352813,0.0380510372914339,-4.090370629880496,0,-12.521605390595424,0,1,0
414.3144549684278,18.835667599842395,0.0414620828986646,-20.556641750453693,1,9.25880868722647,1,1,1
164.93862307686553,249.37583189156229,0.0298327380194855,-18.857229217392018,1,5.126686298552487,1,1,1
177.5276119908533,12.588988913987777,0.0312968597876726,9.642526177604855,0,4.09898444380887,0,1,0
103.77860500115956,73.74900698969374,0.0244603096906898,65.55339841207419,0,-8.669133736426351,0,1,0
138.86466016037656,35.086055159217,0.0277350029449353,-2.1317311126795038,0,6.953925872924257,1,1,1
399.24855392657474,260.3838937661982,0.0384460722820263,-65.76030435091351,1,-0.7588223003393963,0,1,1
194.6516989498148,204.59685497676,0.0468056798503916,20.444758049310845,0,-10.136411553082938,0,1,0
107.698620851361,86.95307809845379,0.0500137845295013,7.221313620900084,0,11.579256936883375,1,1,1
269.54621555683,161.84759470546902,0.0418706104177444,1.0356249327066536,0,-4.68901288204845,0,1,0
156.69370876804842,112.8525067887816,0.0329435951867826,-14.340168825910332,1,-10.72196663445793,0,1,1
188.94420113180817,32.25049236375975,0.0395621575359,49.13064097636211,0,16.698562970190412,1,1,1
211.97328549587465,23.02908436406648,0.0404380392248668,-0.3569785749353116,0,-15.24872110124046,0,1,0
73.12703080394178,138.84625469193287,0.028642869234884,-71.16497439581183,1,5.873684115248729,1,1,1
144.04854016608857,70.9215093621468,0.0178929999946183,50.48583639853571,0,-0.0799112350238822,0,1,0
158.94511486588237,14.896574699793774,0.0207763915150701,-46.05111736404946,1,3.177424751916078,0,1,1
236.11044579752195,77.1653309316396,0.0211567785470366,41.85082029315743,0,0.7944028507514762,0,1,0
89.32902106950638,146.78142472801557,0.0258950375467298,21.551618741641903,0,-8.640978720794811,0,1,0
119.57466487049211,30.24564380098573,0.0242956578038331,-17.388955742261714,1,2.3906931775779565,0,1,1
163.51943304684366,43.944768176351545,0.0273659223740063,-14.448266774381253,1,-4.157045677737647,0,1,1
139.01283861169918,24.50659443514448,0.028513003647835,39.11744913822655,0,-0.371489411623942,0,1,0
142.9516956042837,3.938856992584533,0.03278928205435,-16.903771692324312,1,13.981032423884017,1,0,1
142.7322538659696,0.2194417383141171,0.0293693239190271,-39.7831368211789,1,-1.4869202983334304,0,0,1
22.55889227269898,120.1733615932706,0.0301969159823457,11.01020226393711,0,-6.1607570739648025,0,1,0
72.15580346749722,49.59691119479824,0.0297310956203633,29.83507463903572,0,-6.935484055718341,0,1,0
72.60722950097487,0.4514260334776452,0.0311420675896914,-59.24488687391268,1,7.080249190540515,1,0,1
255.4643938802288,182.857164379254,0.0346206518104096,3.5719243545773267,0,-3.109320992503024,0,1,0
239.5294263938938,15.934967486335012,0.0302769419305726,63.63679007291957,0,9.669270533654192,1,1,1
227.5696459499404,11.959780443953434,0.0354032387356272,-65.31817510607186,1,-13.625597719681885,0,1,1
179.138414766397,48.43123118354336,0.0385741238896404,50.84542812522277,0,7.094584386032799,1,1,1
267.91320832725467,88.77479356085766,0.0480661794873622,-28.76863073146548,1,2.8003697976969963,0,1,1
45.718450992498965,222.1947573347557,0.0410758195069569,40.55886085510996,0,7.886764191662964,1,1,1
35.92434109902515,9.794109893473816,0.0439125625500159,1.7163478228734448,0,-17.92234244041965,0,0,0
110.20054251357573,74.27620141455057,0.042327543439257,8.479443404088101,0,0.4870468194978672,0,1,0
209.5239376439846,99.32339513040888,0.036232814388013,-68.62316440353968,1,17.4817737609907,1,1,1
292.0532785638331,82.5293409198485,0.04700202905516,26.183796495349355,0,-11.648480115071958,0,1,0
144.87851344889614,147.17476511493695,0.0448180953277908,12.08892645807962,0,6.761783054704839,1,1,1
165.68638533390032,20.80787188500417,0.0354397762379918,27.367863170757246,0,0.7952215058560466,0,1,0
308.58677345624267,142.90038812234235,0.0383158476078588,-51.96341873253633,1,-9.378319465560672,0,1,1
482.8521214819571,174.26534802571445,0.0314570023982004,-15.590932376478818,1,-2.0051840454342607,0,1,1
386.57229638772577,96.27982509423134,0.0328260273805611,10.410970389358404,0,1.235819862230449,0,1,0
86.10663995323337,300.4656564344924,0.0355803325313493,23.505096252887093,0,9.7660444997085,1,1,1
232.40150743111948,146.2948674778861,0.041373614961293,14.837814281888065,0,1.5217205197430008,0,1,0
356.5205357929002,124.11902836178072,0.0418840288669157,0.7698415226801529,0,-2.819490277080021,0,1,0
22.10106330327175,334.41947248962845,0.0426578913928652,-49.28085713743832,1,-5.165547349248243,0,1,1
213.5684256665241,191.46736236325236,0.0431373864516343,54.93975659744855,0,-3.5732822590072537,0,1,0
247.909565824286,34.34114015776191,0.0448199451335868,-8.093668907438968,0,3.253711714712102,0,1,0
228.20801668348255,19.701549140803422,0.0361788051897262,-20.21569728048648,1,9.78555154270237,1,1,1
151.6010337156352,76.60698296784739,0.0383243853213771,13.083446496769383,0,-1.02662155744504,0,1,0
96.1270928731704,55.47394084246479,0.0388899888546135,15.73233422948188,0,-10.796386686752738,0,1,0
72.22988482781659,23.89720804535382,0.0316393378823591,-40.45181586326939,1,0.0912921730203892,0,1,1
232.50680856744543,160.27692373962884,0.028113718773021,54.23526043227922,0,9.040664674171094,1,1,1
299.8507779755383,67.34396940809285,0.0291277439256233,-64.18127187656714,1,-7.0679999438882,0,1,1
148.80829529742624,151.04248267811204,0.0294994036583061,61.15641654052269,0,2.922975118202796,0,1,0
157.22880736833594,8.420512070909695,0.0289614403425085,-12.9091884465967,1,-3.008101362621844,0,0,1
178.20035468570046,20.971547317364525,0.0290319451271462,-6.427146943352625,0,-3.5995784105441224,0,1,0
382.6765401188212,204.47618543312075,0.0217181018446939,-46.20884976564127,1,-1.0697010196126984,0,1,1
143.04990433156718,239.62663578725403,0.0215296735285718,66.88772882376085,0,-0.9862409884399552,0,1,0
203.46544369411663,60.41553936254948,0.0220974861232757,-49.89394056122352,1,-2.562378779786369,0,1,1
64.8799860698929,138.58545762422375,0.0358171790955029,36.022548461742105,0,5.3838735251885,1,1,1
123.2349989454894,58.3550128755965,0.0376589869056517,11.13513651022339,0,-2.184157327857372,0,1,0
223.4481248142667,100.2131258687773,0.0457600196471869,-51.241433543034695,1,1.730836727690785,0,1,1
78.60511666779888,144.8430081464678,0.0513897625031999,53.62538219844959,0,-3.642928343913408,0,1,0
134.56462228279835,55.95950561499947,0.0540529773011293,-24.212729783089745,1,5.315107069864607,1,1,1
207.37529122633424,72.81066894353589,0.0649715388525716,3.7672106962778713,0,3.567984534291516,0,1,0
338.66845322839765,131.2931620020634,0.0611356533293924,20.438488331743173,0,8.49225650466953,1,1,1
408.7403422234356,70.07188899503791,0.0582241146632189,-31.02223715931069,1,-11.949989026511329,0,1,1
50.015936152164535,358.724406071271,0.056302667285681,-6.886989146986373,0,-6.320979688877081,0,1,0
278.4923351472736,228.4763989951091,0.0431448973698246,15.406736796792863,0,6.626828083275495,1,1,1
224.46415990017505,54.028175247098574,0.045456583239112,-6.336660041358655,0,9.09719808242453,1,1,1
330.0883719210864,105.62421202091136,0.0453721416085061,-39.40382436889415,1,-9.541540417299204,0,1,1
39.47868782433608,290.6096840967503,0.0387830471785656,9.521306758735005,0,-0.968331920039935,0,1,0
181.75989989765807,142.281212073322,0.0455358860630594,-13.354045440680167,1,12.54528941044872,1,1,1
250.38950333324183,68.62960343558379,0.03608599850416,7.567708846005676,0,-12.43531725835096,0,1,0
100.67212450694028,149.71737882630157,0.0388043735591674,49.73494562235996,0,13.46064811451649,1,1,1
91.12658582602889,9.545538680911392,0.037427031010904,-58.01107983777878,1,-2.752518869792468,0,0,1
227.2770781861605,136.15049236013164,0.0348410972501736,23.97554822419341,0,-2.967716429149132,0,1,0
153.7623667002895,73.51471148587103,0.0266850491780401,11.593271181667042,0,-1.718472911209778,0,1,0
137.89379962736083,15.86856707292867,0.0230006821691575,39.079267577614914,0,-7.470913873342959,0,1,0
228.9676808888377,91.07388126147688,0.0232276273790286,-48.86441850471002,1,10.112357140588024,1,1,1
209.70104680360828,19.26663408522944,0.0232139821124905,36.48989962547128,0,-7.665206137077093,0,1,0
259.65793267607404,49.95688587246576,0.0230266617833473,-29.94921468445696,1,2.770080604940863,0,1,1
116.64025689228797,143.0176757837861,0.0257056704644671,-24.821935957694524,1,-7.63146756220735,0,1,1
243.8003178515654,127.16006095927746,0.0277520253134591,0.0281894332412555,0,3.8417065576553,0,1,0
300.88430384855064,57.083985996985234,0.0271806032269055,26.68720575884709,0,4.659307159408938,0,1,0
291.0455774851732,9.838726363377477,0.0255354238410597,-29.96405507730697,1,-1.221563086576431,0,0,1
268.0024314251196,23.043146060053573,0.0250071564375299,41.09888877960911,0,-2.4905631696152355,0,1,0
163.72606378984267,104.27636763527693,0.0298432472219633,-6.237560471553309,0,2.568336001112129,0,1,0
358.16591915735177,194.4398553675091,0.0434990141415802,16.710836026344012,0,5.459923578942142,1,1,1
159.23131711976154,198.93460203759025,0.0467640053106863,-41.35309250290795,1,-5.712011398392553,0,1,1
194.56881856601905,35.33750144625748,0.0654260736895165,32.58461794536051,0,0.9366181507951428,0,1,0
131.60022402856333,62.96859453745569,0.0634545035564897,-33.47254219051051,1,3.899792189720211,0,1,1
51.3613333175488,80.23889071101453,0.0643341093678466,43.8168989701756,0,2.8093744390520623,0,1,0
40.37670651551983,10.98462680202897,0.049043895386364,-33.20600441783541,1,-6.295020506113888,0,1,1
96.84027106828044,56.463564552760616,0.0494232161582623,24.580603555947317,0,8.426236744502996,1,1,1
141.59270237337282,44.75243130509237,0.0480316402316153,21.460884589632716,0,-11.89456343182345,0,1,0
203.0159882919508,61.42328591857799,0.0456215722293931,-31.55545071102663,1,-2.0178492420671184,0,1,1
163.9430049295489,39.07298336240192,0.0533920516311444,-23.67536130018913,1,8.810697736015465,1,1,1
158.93088762575914,5.012117303789751,0.0530033904469091,55.50646327925335,0,-10.346802630992348,0,0,0
147.47395271860594,11.456934907153196,0.0525839925793256,-42.20346805506185,1,14.484362317147678,1,1,1
239.49624305899343,92.02229034038751,0.0314690777442209,29.73386600923573,0,-10.267873392683928,0,1,0
298.126424854169,58.63018179517553,0.0339943992683319,-32.81257574543172,1,6.2314894382183645,1,1,1
363.7632613479594,65.63683649379044,0.0398587105774423,-1.7504188702661594,0,-2.559302645665932,0,1,0
206.4208861007104,157.34237524724907,0.0357859229530385,27.505025333030357,0,-10.31585327201656,0,1,0
434.0116298143383,227.59074371362792,0.0359985237959327,-38.85734592862306,1,13.093756969143756,1,1,1
287.0694729640925,146.9421568502458,0.0272406179122954,56.85299485135589,0,1.6185204571493106,0,1,0
326.4429533854713,39.373480421378815,0.023054411984805,-38.3479907377651,1,3.849354011848863,0,1,1
295.1893243929426,31.25362899252872,0.0228429528978423,-29.467724052588174,1,-11.326895287203072,0,1,1
269.1106887315502,26.078635661392354,0.0186156581366152,22.89272301136536,0,1.7360780303619556,0,1,0
364.6480124941606,95.53732376261036,0.0189668608236917,38.362388079114766,0,7.4387153736467795,1,1,1
72.60306335415464,292.04494914000594,0.0215972953671538,5.951402458822713,0,-12.113400472384791,0,1,0
68.12888849338593,4.474174860768713,0.018419583286596,-23.31828627091265,1,-1.6010936058142478,0,0,1
248.4690485841844,180.3401600907985,0.0120876366469288,-21.901676712466653,1,-1.124647192811326,0,1,1
254.11526042252268,5.646211838338274,0.0114021819258213,18.699582851925623,0,16.906838801955054,1,0,1
51.63367464076241,202.48158578176023,0.0105888366940712,24.681695595206023,0,-14.157859552823073,0,1,0
243.04985437973244,191.41617973897,0.009647348647313,-41.62699751227499,1,9.740705285718636,1,1,1
181.6828615602457,61.36699281948674,0.0118650877136907,5.551931509418964,0,-6.154546906993291,0,1,0
219.56554512425592,37.88268356401022,0.0121328344472688,12.340572751524348,0,-4.18183559548487,0,1,0
157.58269540511913,61.9828497191368,0.0125854652022054,27.79552501444939,0,13.45516849804758,1,1,1
103.29295545900077,54.28973994611836,0.0120060644790012,-24.39914094713572,1,-8.990525957277214,0,1,1
275.600442553651,172.30748709465024,0.0128539149483802,-29.962702275584945,1,2.042957841519705,0,1,1
242.2922797163278,33.30816283732321,0.0120985075325619,-9.48088939241946,0,-6.869238205901453,0,1,0
183.2949652764775,58.9973144398503,0.0183758006567438,0.472793515716468,0,2.0331765828170987,0,1,0
101.25371291024736,82.04125236623015,0.0309479238107819,68.4188493487025,0,8.470704824776478,1,1,1
116.61331900557312,15.359606095325772,0.0294575970824373,-10.226967878007414,1,-8.092855624794357,0,1,1
149.06667273599967,32.45335373042654,0.0305705286197271,-4.524622814877148,0,3.2582755470338647,0,1,0
107.02751528961625,42.03915744638343,0.0308078738431624,-21.559208876443464,1,-7.832061456705542,0,1,1
97.3490964822104,9.678418807405848,0.0365245868233632,14.094003048603255,0,14.714219689460828,1,0,1
192.82567783801812,95.47658135580777,0.0412688788778271,-43.61674501880907,1,-2.24969660492328,0,1,1
365.8923927991388,173.06671496112065,0.0404601962560318,39.48523289099779,0,0.4632644516817521,0,1,0
327.5295090537863,38.36288374535252,0.0433330477171314,15.190801351906655,0,-11.651193118586315,0,1,0
263.9177168806812,63.61179217310507,0.0406905650816997,-59.89135938740223,1,6.339419094038945,1,1,1
159.97936541792112,103.9383514627601,0.0482113101477726,18.72093456584204,0,-9.352297482130409,0,1,0
128.30137701973206,31.677988398189058,0.0521785309515659,-14.869739915707918,1,5.750955982814558,1,1,1
160.14535444290345,31.843977423171367,0.0540202540675423,11.995869016410325,0,0.6586088593743984,0,1,0
205.90940452618116,45.76405008327771,0.0355705173509682,40.983746866603816,0,11.313413055396463,1,1,1
290.55682970605204,84.64742517987091,0.0441337485217076,-35.237976449010546,1,1.5818525078926626,0,1,1
208.9194079437821,81.63742176226998,0.0482682722760185,28.610774527998288,0,-7.500737947630863,0,1,0
93.42541747046238,115.49399047331968,0.048208429824511,6.689493844557049,0,-2.0195430099302936,0,1,0
32.11301946876871,61.31239800169367,0.0514158710791974,3.4668935781961494,0,-1.5335963356343694,0,1,0
47.99427285578113,15.881253387012414,0.0409146919872996,4.538940218878864,0,-8.435853937733762,0,1,0
129.11407255079953,81.1197996950184,0.0386064417448221,-22.059170511123934,1,15.636406177158866,1,1,1
75.79447649563251,53.31959605516703,0.0342166563627033,-25.359678401574307,1,-2.5658140425845524,0,1,1
176.90391698729013,101.10944049165762,0.0333836500857908,-10.406504003523295,1,-0.4508018784045298,0,1,1
133.20671383798907,43.69720314930106,0.0261201243170514,28.25200978061509,0,3.1951527767685306,0,1,0
130.69170415055254,2.515009687436532,0.0373683749033969,-32.01211381800226,1,2.380216251278778,0,0,1
251.68308052309888,120.99137637254634,0.0312885530677251,64.57333979947663,0,-10.770483653848924,0,1,0
388.99077867590256,137.30769815280368,0.0226746417578367,-37.45949928309821,1,0.7374575582430403,0,1,1
133.26824154433703,255.72253713156556,0.0260715337924463,34.440312621409205,0,10.974721866967116,1,1,1
108.94267690731677,24.325564637020264,0.029362727718157,-13.097100965730036,1,-6.2142827825463804,0,1,1
157.58804882313538,48.645371915818615,0.0296257610801481,11.835774335431282,0,3.738524393381926,0,1,0
171.2725831846971,13.684534361561733,0.0434109715267167,2.139242113816877,0,-12.595630642036712,0,1,0
123.90123311207448,47.37135007262263,0.0439633669459468,-66.45316726737448,1,1.91011304784358,0,1,1
402.5609351320669,278.65970201999244,0.0354522719592483,53.75714795374233,0,1.4906007239861578,0,1,0
352.1472201181926,50.41371501387431,0.0317406375070948,-39.89681211335129,1,-1.4934422885505685,0,1,1
215.54962623394928,136.5975938842433,0.0324160233778965,61.0199367355694,0,11.346278026455966,1,1,1
223.8203180764472,8.27069184249794,0.0327931867084486,-16.871514518873937,1,-7.454736364626687,0,0,1
37.01163763387681,186.8086804425704,0.0303530091937223,-61.97103770581936,1,8.842738206872141,1,1,1
190.0086295363156,152.9969919024388,0.0362235644167714,73.89210551991837,0,-12.64649323975356,0,1,0
105.78624159331244,84.22238794300317,0.0386326180166393,-50.80883356808212,1,-5.681556279033899,0,1,1
59.20359645877532,46.58264513453711,0.0366264669248844,9.9478157948218,0,2.0163357883985595,0,1,0
172.3322585913739,113.12866213259858,0.0310331184872121,15.65055834331342,0,1.580180258629294,0,1,0
22.042175090589225,150.29008350078465,0.0374459905203004,24.32193720930809,0,8.457985363377176,1,1,1
206.70103234249845,184.65885725190924,0.0435138245382106,0.8813463367873595,0,-9.177636081785206,0,1,0
173.25360525864383,33.44742708385462,0.0526419087599722,-29.108388841865704,1,4.00821254521432,0,1,1
271.4592804835373,98.2056752248935,0.0484381594278007,-19.739781353543258,1,8.277766003607502,1,1,1
28.37216094604926,243.0871195374881,0.042057627809401,-3.0027643284672934,0,-13.41255618014924,0,1,0
228.83555621939576,200.4633952733465,0.0441404752885962,6.816572565829738,0,-0.8855775365361573,0,1,0
280.3717400358015,51.536183816405725,0.0441036714737097,-14.710673219157457,1,9.189801828203024,1,1,1
49.24016760479073,231.1315724310108,0.0459956627978181,39.1455467824868,0,3.161975792049009,0,1,0
303.15321795784985,253.91305035305916,0.0561437843614632,-11.36247736910468,1,4.257683379604554,0,1,1
82.58954838012767,220.56366957772215,0.0514811475663422,19.653011925081017,0,-4.979530306617091,0,1,0
293.0730043720945,210.4834559919668,0.0359016887969588,-54.34827067042939,1,5.684044096300967,1,1,1
316.48813825932564,23.41513388723115,0.0397119397661051,24.46356059605882,0,-14.0330566965919,0,1,0
214.91216832026623,101.5759699390594,0.0415115561966883,-12.80343649114213,1,1.9459045077299937,0,1,1
299.3801180166231,84.46794969635687,0.0450372316976792,23.62586704468109,0,9.949768202143078,1,1,1
334.7363066703357,35.35618865371259,0.0473192232031821,-5.355377806463352,0,-0.5651171600608613,0,1,0
225.12006282817268,109.61624384216302,0.0510340138892471,-1.4942825991667237,0,-2.9232692253818584,0,1,0
207.13755908221012,17.982503745962532,0.0547354364787565,-10.71294553960692,1,-3.1773210658399886,0,1,1
222.5085352340424,15.370976151832224,0.0491705596433539,32.89535540241475,0,-9.766258260220845,0,1,0
177.63430129553475,44.874233938507615,0.0473055480039717,-19.6222296169896,1,5.254651290732999,1,1,1
270.00590803259644,92.37160673706168,0.0458820307817401,-22.345913955885123,1,-2.4421290372849653,0,1,1
361.5625564164049,91.5566483838084,0.0457130994871379,27.616295446928028,0,-2.143253775815066,0,1,0
309.4109346597326,52.15162175667223,0.0455135998277174,3.937974651168055,0,14.49809804990957,1,1,1
109.05520758083418,200.35572707889844,0.0421798157696144,-46.02339830192492,1,-12.89535232981028,0,1,1
184.4549604900849,75.39975290925071,0.0357601704768139,14.591918686654488,0,4.522015800568724,0,1,0
223.285239373276,38.83027888319111,0.0409854717661274,3.0900199423015096,0,12.400879693644598,1,1,1
146.71249150406882,76.57274786920718,0.0302028046028194,0.4537001628679249,0,-11.366069041808844,0,1,0
72.96830560172408,73.74418590234474,0.0412330282663577,-0.7383433442480509,0,-5.352940723067862,0,1,0
298.1768396154677,225.20853401374364,0.0448125045108783,2.623624096550806,0,10.96511974460842,1,1,1
301.98619649461455,3.809356879146833,0.0492836990631133,-0.7131156249670525,0,2.4035866307605644,0,0,0
417.4285433926398,115.44234689802528,0.0489888304545981,49.70732888550224,0,-10.615820218337504,0,1,0
314.7195325328464,102.7090108597934,0.0441582593190609,-45.153677206292045,1,10.604006225233036,1,1,1
94.37823846240587,220.3412940704405,0.0474459425384351,2.40918736970319,0,-10.756598592019362,0,1,0
374.0001161972279,279.621877734822,0.0458062671020492,-6.686836142647266,0,8.431815188262396,1,1,1
250.87181384592023,123.12830235130764,0.0333719086156234,56.1117677567523,0,-11.366164372050097,0,1,0
176.13958626913805,74.73222757678221,0.0327108324063403,-34.566684744601275,1,6.060386584503316,1,1,1
110.48620884063143,65.65337742850662,0.03095296380892,6.004425117797936,0,1.8534199279385,0,1,0
206.7311176398729,96.24490879924149,0.0442799614012937,9.995291828446923,0,4.095792643671658,0,1,0
282.93779015729785,76.20667251742495,0.0372666424616747,-32.14185546189837,1,-1.505047749431743,0,1,1
293.05818795318913,10.12039779589128,0.0358656780787443,50.80530887803568,0,4.066232202712104,0,1,0
345.8402134607979,52.78202550760875,0.0302491431001658,-65.31634057523851,1,-13.381034642031404,0,1,1
250.7224768684748,95.11773659232308,0.0284218904841339,24.439074233600543,0,9.539109620600176,1,1,1
33.42266634522232,217.2998105232525,0.0303165969406585,-24.99002705135286,1,-10.669928932438214,0,1,1
93.68619567968769,60.26352933446535,0.0298780140706999,51.594918712635966,0,7.00659637676487,1,1,1
222.75796974145143,129.07177406176376,0.030479038748599,-54.64464433907602,1,0.9295521849525574,0,1,1
212.9845644633862,9.77340527806524,0.0300894474718214,35.72655291133202,0,-9.945882140380382,0,0,0
255.99780966143675,43.01324519805056,0.033118751710159,-35.9274662730334,1,0.8618654525280278,0,1,1
219.9791822517836,36.01862740965316,0.0233913533623825,27.82844905472353,0,15.378302299124355,1,1,1
225.1198853784936,5.14070312670998,0.0199163101247182,-13.788311784966702,1,-11.04966905764763,0,0,1
229.30148578561835,4.18160040712479,0.020196536566853,49.83910136693602,0,1.187135833139168,0,0,0
174.87640734386514,54.425078441753215,0.0306586668893508,-68.0160770310694,1,5.885221543294509,1,1,1
334.48067191274714,159.604264568882,0.0307860299239115,47.74734677834289,0,-8.39383200816129,0,1,0
372.3793260152447,37.89865410249752,0.0307499357177709,3.6250882526035753,0,-0.5570408636315882,0,1,0
174.626437449411,197.75288856583364,0.0451689884854865,15.498469553873504,0,4.573568923043403,0,1,0
195.03331611444315,20.40687866503214,0.0437954382286575,-0.9002116856038356,0,-7.25088672051216,0,1,0
202.5782855939267,7.544969479483541,0.0464421593056513,7.946146423715035,0,17.159471139204282,1,0,1
279.53460107369773,76.95631547977104,0.0491540638518306,-57.85175458083944,1,0.46277282086875,0,1,1
140.80484532998872,138.729755743709,0.049646458204165,1.6732817440535117,0,-9.838174539540288,0,1,0
167.3764754397936,26.57163010980489,0.0424134592257797,9.797388154387264,0,-4.779215249144395,0,1,0
268.6728249415546,101.296349501761,0.0436749272934092,11.222740204708693,0,5.226703852592154,1,1,1
163.85214856896943,104.82067637258518,0.0449897936768032,-13.634804962815616,1,-7.4128280943118785,0,1,1
97.77582455795176,66.07632401101766,0.0449770002345023,29.85235935548721,0,5.957282531105269,1,1,1
113.15413404484693,15.378309486895162,0.0351222546016711,-58.54010869081724,1,-6.482635355957628,0,1,1
85.65891165013929,27.49522239470764,0.0319344383739,0.7287410934826255,0,12.650003095878084,1,1,1
77.13414277480052,8.524768875338765,0.0320942420476699,55.87219554021843,0,-8.609043067387326,0,0,0
270.3916378824318,193.25749510763129,0.0348483555544091,13.365157017586045,0,4.898918662591068,0,1,0
435.1468065304853,164.75516864805354,0.0337553846861963,-8.525901505484697,0,-10.142402658792744,0,1,0
164.5590603998807,270.5877461306046,0.0455172318688416,-52.75646722434737,1,10.221942242027074,1,1,1
215.96857770712543,51.40951730724476,0.0450596449034425,65.43059308032002,0,-10.42737049279842,0,1,0
147.63919044293226,68.3293872641932,0.0465562785027335,-33.04491267399521,1,18.438484748879137,1,1,1
132.79953627646378,14.839654166468478,0.0559807761989237,17.63060268628547,0,-8.480685632130683,0,1,0
141.98177501187973,9.18223873541595,0.0579887757634358,-43.29991635378327,1,-8.02182795563144,0,0,1
193.33937348803784,51.35759847615813,0.0443319708424394,27.819954661678,0,4.819765807345555,0,1,0
209.54100927331152,16.201635785273652,0.0449295313307804,-17.49878616724302,1,-5.899753055084783,0,1,1
261.6099480883706,52.068938815059056,0.0205475103231844,51.57599757480902,0,9.69656598757244,1,1,1
267.9058337028859,6.295885614515328,0.0230909899038613,-40.04517069728186,1,-8.171044339142936,0,0,1
433.588158009393,165.6823243065071,0.0201031291659112,22.51046766335884,0,7.015286105207826,1,1,1
97.43354490118205,336.154613108211,0.0256835040652193,-12.187603939602624,1,-3.3519927469875626,0,1,1
90.70963808813408,6.723906813047947,0.0245929965443249,-40.714655010936845,1,9.121510374533583,1,0,1
152.28163853152049,61.5720004433864,0.0262478926195549,35.89032053477448,0,-5.58656239539334,0,1,0
254.55877743346537,102.27713890194488,0.0256205874480988,-0.2169510351695649,0,7.31860016268198,1,1,1
175.80983978536636,78.748937648099,0.0299418467931679,14.039478536685216,0,1.8632617600904664,0,1,0
77.29066853115434,98.51917125421204,0.0289615439401164,-31.504106605521343,1,0.5635297879564547,0,1,1
144.5638870928385,67.27321856168417,0.0280882153909665,43.09952781269656,0,-14.186570315225302,0,1,0
178.09583371997152,33.53194662713301,0.0297153245509525,-19.04388908561141,1,10.14744675015497,1,1,1
123.24904114579638,54.84679257417514,0.0292766058156812,-46.66097493138588,1,-6.589157394175908,0,1,1
136.67301195623642,13.42397081044004,0.0392335495332651,53.39955795285981,0,-0.2387532790786757,0,1,0
190.6037026429545,53.93069068671807,0.0361654120848909,16.010489726183067,0,8.841145158038348,1,1,1
181.36742982936732,9.236272813587137,0.0330811937100217,-17.90558517890952,1,-14.451230220147046,0,0,1
154.01595418869795,27.35147564066941,0.035729632889233,-24.251983272867434,1,6.642828094416548,1,1,1
245.4121849833168,91.39623079461884,0.0361999436406759,16.8521220969251,0,2.3014586351552357,0,1,0
408.1437490263369,162.7315640430201,0.0352514075691349,-33.54004476693716,1,-10.535196252728012,0,1,1
248.54852951412715,159.59521951220972,0.0317572496649518,34.388576203168654,0,15.96781654234735,1,1,1
191.4675644775286,57.08096503659854,0.0373337853806077,-8.021018321932367,0,-11.003502916021333,0,1,0
315.7690832977646,124.301518820236,0.047746756869743,-37.986804486176815,1,6.849610779846373,1,1,1
318.25864269255675,2.4895593947921384,0.0435357174058925,23.658575820626275,0,5.425207084189198,1,0,1
76.15588996714767,242.10275272540903,0.0483267631535566,-10.451410969113276,1,-4.166505645902058,0,1,1
257.75172712482043,181.59583715767275,0.041620170645144,15.95237421285242,0,3.3251163091809897,0,1,0
315.25089270218905,57.499165577368615,0.0451301750123957,-11.90555979418675,1,-16.329317050976517,0,1,1
87.42435947636992,227.82653322581916,0.0353528934060563,47.39330148284605,0,8.463799837402327,1,1,1
134.50443190691695,47.08007243054704,0.0337672824375826,-10.925216709531298,1,1.441949032085624,0,1,1
168.34680367083888,33.84237176392193,0.0258016428869515,3.3945002109195315,0,2.4841350989828825,0,1,0
95.86887827136756,72.47792539947133,0.0233077206070522,-30.33979451796136,1,-11.44361253350186,0,1,1
47.03976170956842,48.82911656179913,0.0235768645435649,-28.593675600156104,1,10.798620521904072,1,1,1
197.45802637420692,150.41826466463854,0.0244104937060783,17.256586163119145,0,-10.2159145836968,0,1,0
42.00037942710819,155.45764694709877,0.027845342841502,42.891560978526925,0,-1.56761487313545,0,1,0
189.19140439084805,147.19102496373986,0.0297884966413351,-12.196911770495037,1,8.034128013841057,1,1,1
162.49990112559152,26.69150326525653,0.0293940759023402,-5.140691331021323,0,2.6211215623403508,0,1,0
230.48880871481,67.98890758921848,0.0278683637672171,-20.644658415062047,1,7.154846834330643,1,1,1
135.57146043745416,94.91734827735584,0.0247230001127825,-16.382208684349294,1,-5.189844007072589,0,1,1
65.64415410761329,69.92730632984087,0.0274131228482274,56.72993146503626,0,-2.14469331798551,0,1,0
17.26917287196917,48.374981235644114,0.0294182306051274,-59.69687217909287,1,-7.536517211778689,0,1,1
156.60844476505395,139.33927189308477,0.0280176569531741,1.6384720694329538,0,-1.2504106816351563,0,1,0
73.96583583270198,82.64260893235196,0.0356326570999426,18.863901341475927,0,9.104577159100929,1,1,1
264.5087292083074,190.5428933756054,0.0361693976308767,22.239875341325742,0,-7.6864837083035695,0,1,0
205.21856618506,59.29016302324737,0.0402259666463598,33.54342713534842,0,9.67312105704969,1,1,1
123.71325095695548,81.50531522810452,0.0442907104448099,-72.12679529578466,1,-11.842560006910873,0,1,1
222.9787581300536,99.26550717309811,0.0446568166807752,30.602337910250515,0,4.503174631074552,0,1,0
87.07375378660261,135.90500434345105,0.0527364313269742,10.286600303191804,0,8.669018800532415,1,1,1
61.59288001590219,25.48087377070042,0.045805368372407,17.708154991157087,0,1.159006328952456,0,1,0
296.53009902025497,234.9372190043528,0.050811449504394,-10.679306026767648,1,-9.715926126818754,0,1,1
100.1300120429112,196.40008697734376,0.0454703553360221,9.450213159736675,0,-2.770416867274804,0,1,0
434.566098914858,334.4360868719468,0.0482182829582825,-22.82180579947404,1,15.02959861958951,1,1,1
171.63947493556,262.92662397929803,0.0384883629837452,-7.079856289149923,0,-3.942477340379872,0,1,0
71.12327691340667,100.51619802215332,0.0218422422301449,14.780601101711014,0,0.9196658734500698,0,1,0
72.06316938007468,0.9398924666680132,0.0236489445682088,22.571399376477984,0,-11.686152758716204,0,0,0
55.04863039903931,17.014538981035372,0.0331689943038992,-28.001891785619197,1,4.03373996307774,0,1,1
270.6850992477716,215.63646884873225,0.0343766177414074,4.379676562451337,0,-7.124598335903619,0,1,0
274.2063706241447,3.521271376373136,0.0479062300673907,-21.40935727833733,1,0.8238151395836011,0,0,1
227.1265354085137,47.07983521563099,0.0534299144632658,20.651623386987573,0,2.2311911107789784,0,1,0
139.43740502776913,87.68913038074459,0.0595067391955871,2.531414181327335,0,1.645511742580692,0,1,0
277.58325783837347,138.14585281060434,0.0603952230860451,10.052909057743731,0,13.879003440883237,1,1,1
398.60977907139016,121.0265212330167,0.0554372343258632,-14.499903282021478,1,-11.501924755118573,0,1,1
145.21681843888356,253.3929606325066,0.0557380879596013,-29.970112027828364,1,5.515744355158299,1,1,1
195.83989582893832,50.62307739005476,0.0520139009769085,30.750063167253813,0,4.1314278759731575,0,1,0
266.88124339361497,71.04134756467664,0.051957676416446,-22.72437401435554,1,-13.16780689869216,0,1,1
113.7406538989944,153.14058949462057,0.0265006155275389,-16.843753122769034,1,-2.026692734284292,0,1,1
466.72234968159785,352.9816957826034,0.0258278234814214,59.04869091344972,0,1.9707200482222995,0,1,0
312.15605931835347,154.56629036324438,0.0249028127004734,-60.74888149077914,1,12.783269790242771,1,1,1
313.94416002822885,1.7881007098753798,0.0305714103142811,45.25048977608097,0,-4.334713055540156,0,0,0
330.19760980559755,16.2534497773687,0.0301585379999449,28.543310237867445,0,-4.287018219791232,0,1,0
281.6155065887508,48.58210321684675,0.0247266442227622,-72.07003532211738,1,7.37895247185525,1,1,1
99.76792428060618,181.84758230814464,0.0299135741209326,10.601013798392302,0,-11.671126078688667,0,1,0
64.2848727989889,35.48305148161728,0.0322697345691946,43.25378949452269,0,0.0489786328158876,0,1,0
152.89253735404762,88.60766455505872,0.0357796488322708,-53.112806476085886,1,6.560894349653751,1,1,1
171.95342207192493,19.060884717877315,0.0342528793076846,58.86647150458624,0,4.456853304602575,0,1,0
248.35263176464449,76.39920969271955,0.0402044386454256,-66.5963922507179,1,-10.610084806745451,0,1,1
98.86203680064938,149.4905949639951,0.0372726187614062,71.17417745561197,0,-0.9904835680852776,0,1,0
214.0341839243322,115.17214712368283,0.0449462103768347,-65.84993505873061,1,5.278807216564548,1,1,1
145.3497828710184,68.68440105331382,0.0397781378077077,68.41253570193669,0,-6.795400186548885,0,1,0
213.99681648365663,68.64703361263827,0.0382466859458221,-4.594289243299357,0,12.272141151335497,1,1,1
160.75415149336646,53.242664990290194,0.0460244092709483,-25.99904913388918,1,-3.4096165050800007,0,1,1
211.57128906505432,50.81713757168785,0.0389330763568381,19.070840761638912,0,-1.2957942647098584,0,1,0
245.44153220788385,33.87024314282954,0.0347103291612241,-56.24574244101841,1,7.194444088622905,1,1,1
206.33889298919715,39.102639218686704,0.0335249232903323,4.821680324625525,0,-2.7940317778260173,0,1,0
294.04425746018325,87.7053644709861,0.0315995531377848,18.73115932879996,0,-11.66584065343427,0,1,0
224.20646720033372,69.8377902598495,0.0321087747103909,13.45369956258086,0,5.423240529701579,1,1,1
214.4826300560628,9.72383714427096,0.0300403319102619,26.460453735075973,0,-1.983225268728738,0,0,0
202.80766085731204,11.674969198750745,0.0388152361679722,-26.042704980955307,1,9.615977660184353,1,1,1
96.79866966974308,106.00899118756897,0.0481358785731267,9.801978798329015,0,-1.66065307687367,0,1,0
351.8813161359306,255.0826464661875,0.0401074573157414,1.17433901891377,0,-4.940533927318471,0,1,0
235.89385845634916,115.98745767958148,0.0361344216223157,15.814696588725951,0,7.032728422599544,1,1,1
311.3376022728131,75.44374381646398,0.0426813410239445,-8.065070696997012,0,-8.271587418383367,0,1,0
108.45600025938704,202.8816020134261,0.0435476354372516,16.02204436856158,0,7.869697845654221,1,1,1
198.6490089989066,90.19300873951954,0.043600437149854,-76.56141282339725,1,-15.429542707336434,0,1,1
174.34250457349108,24.30650442541551,0.0335531709032419,15.02528306948916,0,2.050881632161448,0,1,0
190.6691674559229,16.326662882431833,0.0293231466892524,57.80936471000676,0,12.427108626263166,1,1,1
135.66343721978492,55.00573023613799,0.0261315102500884,-11.058041178316785,1,-12.831703300801836,0,1,1
341.38063027582183,205.7171930560369,0.028682626514631,-41.98859797343451,1,11.387435955065053,1,1,1
635.3628900685823,293.98225979276043,0.0358077472809361,56.550712726841454,0,0.7962551512223719,0,1,0
223.15025959471305,412.2126304738693,0.0405589094906362,-8.349250230860108,0,-1.2275688187923546,0,1,0
214.37623854409964,8.774021050613413,0.0505136935172027,-64.41790406443675,1,3.1207353603522474,0,0,1
211.4355847814116,2.940653762688044,0.0495101758501384,59.73220948178301,0,-6.1323011016834,0,0,0
252.5514962476448,41.11591146623317,0.0467588877239288,-2.1457785280697834,0,7.708399852042337,1,1,1
191.89216985233716,60.65932639530763,0.0488100807392441,-45.066764949876834,1,-6.550816701060127,0,1,1
291.7632200927003,99.87105024036316,0.0458162345177358,35.84747676887144,0,-1.2324651788080718,0,1,0
293.1456975809988,1.3824774882984343,0.0449155161343815,24.078352635457804,0,0.0302868232994288,0,0,0
189.56269271712983,103.5830048638689,0.0402135226533013,-23.54856980660321,1,8.053898151791495,1,1,1
126.18005753032917,63.38263518680069,0.0302440031392987,11.03171144406906,0,-13.367723633957066,0,1,0
171.7582932952905,45.57823576496136,0.0311612987711836,-57.15029357909795,1,9.026788131688782,1,1,1
164.9522381775515,6.806055117739021,0.0416901862495612,50.24578156716298,0,-9.04839308412433,0,0,0
107.2175242317564,57.73471394579511,0.0451773059987445,-41.81632605140842,1,-3.008816192344252,0,1,1
227.993301647556,120.77577741579964,0.0437837295714851,-10.632043300340971,1,17.231377981709322,1,1,1
168.20835243446248,59.78494921309354,0.043885110199017,38.417860160434856,0,-16.48036996154821,0,1,0
256.12345087303623,87.91509843857375,0.039894254929567,15.882695051067929,0,11.1293574398309,1,1,1
294.74935910727504,38.62590823423881,0.0268544444374403,-16.309299772187472,1,-5.232690513270281,0,1,1
34.6766493441145,260.07270976316056,0.027303659227036,30.7881606825128,0,8.250852814927784,1,1,1
167.86113883788,133.18448949376548,0.0321759275272089,-18.874442272830223,1,-1.277983671863829,0,1,1
334.0344297890214,166.17329095114138,0.0335168755397402,-46.24732172564589,1,-12.588675169846512,0,1,1
327.2023745841576,6.832055204863764,0.0309204986393023,65.35546960106011,0,6.480966391529863,1,0,1
82.92880158749682,244.2735729966608,0.0278856577271608,-62.530416924318025,1,-8.80568924791498,0,1,1
215.8099359885927,132.8811344010959,0.0309100917923606,48.42939689140975,0,8.039824646771743,1,1,1
352.3428908034391,136.5329548148464,0.028143728145324,-48.776941143544285,1,5.413846163914204,1,1,1
293.8804753400101,58.46241546342901,0.0232277797862575,68.00292771970945,0,-9.361192165553138,0,1,0
282.9524085959435,10.928066744066598,0.0255577954883783,-53.31142141383027,1,11.557543852310546,1,1,1
298.9222636398224,15.969855043878908,0.0222429908831689,13.09934511478616,0,-15.13737160807676,0,1,0
175.82416276852348,123.09810087129893,0.0192622392548605,-2.3273452061323283,0,-0.3719692806723862,0,1,0
75.02286410576345,100.80129866276005,0.0170312422427463,-29.19522416872686,1,-0.1422762819765344,0,1,1
282.3397774029178,207.31691329715431,0.0162885446747607,31.36942360951372,0,5.051486469976458,1,1,1
143.02897448672337,139.3108029161944,0.0154779730684387,-27.560720455521388,1,3.7415787418162503,0,1,1
264.9483358552306,121.91936136850724,0.0214348727283038,52.19798588173035,0,-7.193175927623015,0,1,0
199.3426314532732,65.60570440195741,0.0293896020212645,12.506609246987452,0,17.78593165242122,1,1,1
152.17440635498235,47.16822509829083,0.0335202518107493,-12.020399363525812,1,0.0563497321846497,0,1,1
320.9438969600181,168.7694906050358,0.0338105905272892,-30.1595556767683,1,-9.59517430709019,0,1,1
288.5603743309302,32.38352262908796,0.0410543815059273,-34.295407876118105,1,0.9641433716775012,0,1,1
328.419235446298,39.8588611153678,0.0393437859543055,2.7417650964004565,0,7.175976898929303,1,1,1
356.6099317812584,28.19069633496042,0.0408025163453289,36.67133474230259,0,-3.1403120074603965,0,1,0
230.46911907239,126.14081270886844,0.0403153339248166,14.7561725121704,0,-12.036902017885188,0,1,0
19.63368885031879,210.8354302220712,0.0591726047879646,11.20214110536935,0,12.490824732261029,1,1,1
376.7885878535644,357.1548990032456,0.0659579962561961,-17.59860434215797,1,-11.230971638573642,0,1,1
302.1795347030672,74.60905315049718,0.0639431308005357,30.30252922904421,0,3.9861498727662834,0,1,0
127.65425727432724,174.52527742873997,0.0539109882050995,-38.76280751605383,1,2.045208376561643,0,1,1
220.03022658797,92.37596931364271,0.0444139473528126,8.500061413156054,0,3.6898210691821287,0,1,0
43.6206211579705,176.40960542999946,0.048652144881517,-29.594118142953317,1,-11.33698002592635,0,1,1
181.96575559446464,138.3451344364941,0.043705511805686,8.764652674049024,0,-1.4796088586828904,0,1,0
122.26488719282769,59.70086840163697,0.0400946436922143,27.477700595353696,0,15.799069501451712,1,1,1
123.84334605302163,1.578458860193976,0.0394196418746349,-6.51923243002858,0,-0.7866167714727439,0,0,0
189.84732620258328,66.00398014956163,0.0380252563547747,-18.559396294032872,1,-6.070542987400412,0,1,1
451.72465161767417,261.8773254150909,0.054050468523835,-20.61335414060584,1,2.781969238502564,0,1,1
181.29704543149597,270.4276061861782,0.0590966829391899,18.450660929113145,0,1.138750314333853,0,1,0
239.93574294404027,58.638697512544326,0.0593730565444703,-23.87676999420402,1,-4.8553992498588805,0,1,1
94.692369185624,145.24337375841628,0.0598925958446249,42.92893088493723,0,-4.386017429697905,0,1,0
111.0598417323146,16.367472546690607,0.0610965418717416,-20.62013997702889,1,4.483238432470701,0,1,1
251.03417089732403,139.97432916500944,0.0499125329481642,4.54664258136345,0,9.38811167543458,1,1,1
4.659075276757614,246.3750956205664,0.0439776709471706,15.619177002315553,0,-2.25930954827475,0,1,0
113.6594062591646,109.00033098240698,0.0445341229557091,0.4959661644734296,0,-7.44570028621426,0,1,0
149.6797157865593,36.02030952739472,0.0385795269333998,0.5644410633251908,0,-4.7993693175815935,0,1,0
248.5524555439308,98.87273975737148,0.0370255711513689,-7.740168168421682,0,13.280707890613256,1,1,1
245.2180693697036,3.334386174227177,0.0348292393250311,-0.2775020699205655,0,-5.027466746383519,0,0,0
272.7936155326697,27.575546162966106,0.0433800649320566,26.64776086698093,0,-4.670022683074739,0,1,0
285.0084710075722,12.214855474902492,0.0348969658660929,-28.29319929003971,1,-5.861648308030083,0,1,1
115.09243589496812,169.91603511260408,0.0337993270802608,5.478056589951933,0,12.80212192650561,1,1,1
138.2766278223007,23.184191927332563,0.0310459685450014,36.17597727898664,0,-8.695825296435007,0,1,0
328.4779411703891,190.2013133480884,0.0277900884506353,-64.5743859847527,1,5.786670835029155,1,1,1
263.20232407148103,65.27561709890807,0.0242738536247664,43.62967448707531,0,-0.7337736445837457,0,1,0
261.15789817774447,2.044425893736559,0.0249092864292506,-20.258704483126927,1,2.6001169035921485,0,0,1
113.7228259229334,147.43507225481108,0.0293204223198672,28.58836025039449,0,-3.2400393920434998,0,1,0
86.57557323638697,27.14725268654644,0.0286399049245822,-34.1207293805629,1,1.8558089133258695,0,1,1
217.03853806805128,130.4629648316643,0.0304964229544575,-8.083450847591344,0,-10.977382691053268,0,1,0
250.37428796225248,33.3357498942012,0.0255798743754672,-7.61625858999389,0,11.67472507845325,1,1,1
173.49128446655502,76.88300349569747,0.0271640721862459,53.15607683926014,0,-9.421755549396291,0,1,0
55.94411538738469,117.54716907917032,0.0229404827502838,-12.312695357641957,1,3.9557965836801374,0,1,1
2.781861863063689,53.162253524321,0.0324079277467637,-51.31424091065304,1,2.411075965194952,0,1,1
252.9320955778791,250.1502337148154,0.0373262179520479,50.9271827562944,0,3.48685307781032,0,1,0
145.33522767501816,107.59686790286094,0.0382677532613157,-54.277968407008856,1,1.111003330535107,0,1,1
219.08866527811608,73.75343760309792,0.0379718151289187,11.728862768980315,0,-0.7500933793452003,0,1,0
104.94029913560034,114.14836614251574,0.0288376818604657,32.89370323886988,0,-12.19634430152798,0,1,0
132.93999898561523,27.99969985001489,0.0334182005301051,-10.342989921064929,1,5.835970243499138,1,1,1
424.20654945294496,291.2665504673297,0.0534778519637341,30.15785993613329,0,-2.1247779794731274,0,1,0
297.50409680067065,126.7024526522743,0.0501258125668909,-18.60745625443741,1,2.355129042957609,0,1,1
207.47065206503297,90.03344473563769,0.0482617999451471,28.56673472616804,0,4.969033201613838,0,1,0
132.75153952803132,74.71911253700165,0.0362453425084047,-8.783281199517788,0,-9.079049163740317,0,1,0
308.98951302270126,176.23797349466994,0.0342951536225248,-41.197459990222384,1,6.183572844297899,1,1,1
322.3148504232572,13.325337400555952,0.0320989084433712,39.51485190593371,0,7.655444051535227,1,1,1
102.7313109237812,219.583539499476,0.0357719014909997,2.862747667492357,0,-3.07489426979366,0,1,0
225.3258904745038,122.5945795507226,0.0349797243311679,7.983175874928165,0,-0.1152349274289363,0,1,0
202.08403161252227,23.24185886198154,0.0326417152931212,-76.57296505517137,1,2.467025338049094,0,1,1
280.2833843483722,78.19935273584991,0.0322196580195509,68.97451020785965,0,-8.989427709689902,0,1,0
220.8998061834384,59.383578164933766,0.0355769859319217,-64.38791914454254,1,7.204756815953114,1,1,1
262.292904965632,41.39309878219356,0.0391616177110531,36.657644713980105,0,-14.015568275541089,0,1,0
13.57356584752436,248.71933911810763,0.0388780686060741,-9.076186787082214,0,-0.0455491049765968,0,1,0
307.603297900905,294.0297320533806,0.0491326680170004,40.41744650489077,0,5.5074338515656125,1,1,1
154.05179264594634,153.55150525495864,0.0461828149720159,-41.17838247672726,1,-2.6990338167655388,0,1,1
118.78742106891904,35.26437157702729,0.02731747098258,15.27126670041988,0,6.433832350513017,1,1,1
89.68951854141845,29.097902527500597,0.0278577546788693,7.666879878740787,0,-6.706722448848047,0,1,0
143.0833560587107,53.39383751729228,0.0277355329425418,-53.827913259969336,1,15.847428300694784,1,1,1
199.91898447776447,56.83562841905373,0.0276705146995454,45.752119764450185,0,-2.489374903157035,0,1,0
185.44600573373452,14.472978744029916,0.0280552790135312,-5.835153465610837,0,2.628571359393227,0,1,0
280.46916864205696,95.0231629083224,0.0280863098168275,6.081344343324481,0,-3.495413473886721,0,1,0
110.59812153494272,169.87104710711424,0.0281844074026154,-41.46116652526045,1,2.866933423584072,0,1,1
307.3249703527152,196.7268488177725,0.0209543079933085,-1.6148550426730424,0,-11.660089373923231,0,1,0
357.36701598558494,50.04204563286976,0.0196599304950741,9.758877394095125,0,2.595997000666868,0,1,0
90.77030148761322,266.59671449797173,0.0215315198135353,55.35650705669664,0,-5.162224733070902,0,1,0
201.3203418873684,110.55004039975512,0.0220065941617913,-41.04236858286836,1,7.920244449905606,1,1,1
124.3107229061884,77.00961898117995,0.0223522433138833,6.204918595840489,0,3.0484847622221327,0,1,0
242.7917886578176,118.48106575162922,0.0197476084199372,-3.509301593210928,0,-5.78976263310591,0,1,0
159.1311916954483,83.66059696236931,0.0271033968757715,25.936307932945645,0,-4.047386631065415,0,1,0
10.209494094760656,148.92169760068765,0.0298580950893092,-36.39156630572135,1,4.225987106012374,0,1,1
144.36351361745824,134.15401952269758,0.0297960875604095,-15.286575937136618,1,-8.895539481190578,0,1,1
358.36383341106904,214.0003197936108,0.0345788790815782,24.78252331021444,0,13.16448463928188,1,1,1
521.3289153242404,162.96508191317133,0.0459126596756042,27.972851342358283,0,-5.390249607369386,0,1,0
124.19039516078868,397.1385201634517,0.0470159835785753,14.970599693876151,0,8.932544941965459,1,1,1
145.02119404564775,20.830798884859064,0.0483256102395023,-69.13171738256108,1,0.5003218143168731,0,1,1
187.33091740389085,42.309723358243104,0.0472528576774074,60.77396454407626,0,-15.95490997803006,0,1,0
326.761308710612,139.43039130672116,0.0672686166893633,-59.54527727438003,1,17.412123539069622,1,1,1
311.2211828625422,15.540125848069806,0.0642951403672753,21.158437037392893,0,-0.5257694558655217,0,1,0
191.22908628280555,119.99209657973664,0.0400274984024535,-24.66872718496189,1,-6.853822025397804,0,1,1
300.4759876584164,109.24690137561078,0.0395526855272154,71.1392136681672,0,3.966325185029344,0,1,0
171.48399928644292,128.9919883719734,0.0294652905793388,-16.380216300594768,1,-16.140213859424577,0,1,1
231.42643567104923,59.94243638460631,0.0278211307856719,-27.012301051006915,1,19.03897120311137,1,1,1
265.9877798237339,34.561344152684654,0.02981886860329,0.6657080689603774,0,-10.28143226403412,0,1,0
293.6177045891177,27.629924765383866,0.0301320129340312,20.99090244615341,0,9.067725918548025,1,1,1
361.2037569538499,67.58605236473215,0.0280507753879357,-44.01556469066452,1,-10.491507333954782,0,1,1
16.024241031498953,345.17951592235096,0.0242981057843607,4.432026119106276,0,8.06103224043218,1,1,1
84.64905310514347,68.6248120736445,0.0227796784081419,56.17404641855072,0,-7.404612205038568,0,1,0
72.26754969959372,12.38150340554975,0.0194733811607426,-51.59289003695661,1,-1.104784857660082,0,1,1
145.05221317771617,72.78466347812245,0.0284826118128663,41.94826492627692,0,11.681383762986098,1,1,1
363.89360274472193,218.84138956700576,0.0333942069039718,-40.06907959066194,1,-4.953285377159853,0,1,1
310.2047497081519,53.68885303657004,0.0391511310473583,-11.012526850183054,1,2.819391130045256,0,1,1
239.6080646393337,70.5966850688182,0.0437891788388287,64.95088368640843,0,-5.934459058044851,0,1,0
180.85430250972271,58.753762129610976,0.0419067620384088,0.1312335918682379,0,7.499812153229431,1,1,1
228.36850879765936,47.514206287936645,0.0448659424545989,-23.708870843800312,1,-3.5677657653603347,0,1,1
158.32616967115987,70.04233912649948,0.0397938719415713,-11.46224425761742,1,-13.355856122715036,0,1,1
167.00912313932284,8.682953468162964,0.0395045393270308,7.25808624076803,0,13.894062267286747,1,0,1
161.73411359569815,5.275009543624691,0.0412773162986237,-11.570599655262995,1,-14.96320593909117,0,0,1
252.9893603541798,91.25524675848166,0.0373130834577352,27.923775142730847,0,16.207169097912143,1,1,1
124.04494955592706,128.94441079825276,0.033344899759031,-0.2091127274825481,0,-9.944057397233095,0,1,0
184.7969316440222,60.75198208809515,0.0384505225439432,5.153512225938044,0,5.328373834271885,1,1,1
177.620990473484,7.175941170538209,0.0386474476210397,-23.684282429592727,1,3.021845488783816,0,0,1
95.95565559703394,81.66533487645006,0.0387242428588062,22.273262579016105,0,-2.2482411384778285,0,1,0
141.40798319334394,45.45232759631,0.0302883221241522,-51.64986121305155,1,0.7081053959912804,0,1,1
148.5083052555352,7.100322062191253,0.0301718302616495,-10.046709324169983,1,4.405910244797921,0,0,1
45.984563398082926,102.52374185745226,0.0270037943697601,49.43346549655347,0,-10.3738752088538,0,1,0
283.5731129477879,237.58854954970496,0.0275369815066727,-43.40616245707622,1,3.463463335904283,0,1,1
27.56397906181077,256.0091338859771,0.0286390653879375,35.615511455866766,0,-7.44432891152654,0,1,0
142.21500142372017,114.6510223619094,0.0284390860486198,13.636403513403693,0,5.85228755857478,1,1,1
282.6627787529562,140.44777732923606,0.0265960271140982,-25.123162301902468,1,-6.350134226939934,0,1,1
115.89642406303837,166.76635468991788,0.0206415656074776,-29.05701712076443,1,9.67098350554132,1,1,1
197.9907927459584,82.09436868292003,0.0315168325432811,67.46069504649209,0,-6.18668311075451,0,1,0
107.83936389869338,90.15142884726502,0.0408310792489853,-67.51090868219404,1,10.695261799536077,1,1,1
297.2197595982396,189.38039569954623,0.0397188630984194,68.92059744638672,0,-10.308737010371756,0,1,0
566.1361070250338,268.9163474267942,0.0479260026725964,-68.16975375405663,1,-1.13487475619592,0,1,1
467.93349934853785,98.20260767649592,0.0432286319422177,54.60231284343418,0,4.088738084850087,0,1,0
217.3576529334337,250.5758464151041,0.036387905916946,15.17498110040981,0,-6.318841793381919,0,1,0
351.29147514269783,133.93382220926412,0.0364525386428671,-1.4293158818033902,0,0.5695484224904934,0,1,0
193.85823480860955,157.43324033408828,0.0330612877585868,-1.0876324666206472,0,11.586798950041189,1,1,1
220.88182429263384,27.023589484024285,0.0298834512961601,-0.8245027726998728,0,-5.71841345430621,0,1,0
123.70909006059914,97.1727342320347,0.0271498874545723,-29.8135113838094,1,-5.817669171844852,0,1,1
146.71116388614485,23.002073825545708,0.0233570808940283,3.782488427859491,0,-3.4963827373031937,0,1,0
231.385838499504,84.67467461335917,0.0205758411957841,4.96213095999552,0,8.699093007797222,1,1,1
204.56911495794768,26.816723541556343,0.0216964529359014,22.09847404069488,0,5.523053455480312,1,1,1
219.08607746330856,14.516962505360908,0.0177648660125267,-4.623038336423988,0,-7.82880132424735,0,1,0
228.4194888659037,9.333411402595118,0.0172006266274352,-4.414548213216577,0,-2.064515890458403,0,0,0
226.14973493907567,2.269753926828031,0.0201637282158337,-8.580348823008407,0,2.9683058164119007,0,0,0
191.876087205462,34.27364773361367,0.0193610021906281,-4.587238769884635,0,11.254999685937335,1,1,1
97.12158995232878,94.75449725313322,0.0178777337731242,24.326650785913472,0,-10.719349015348532,0,1,0
159.88704072523493,62.76545077290615,0.01871876359991,-58.38581356217864,1,-3.2704801298503607,0,1,1
175.14861201571514,15.26157129048022,0.034604545063237,0.0064653521348816,0,6.192089049371532,1,1,1
157.62571174825806,17.52290026745709,0.0408905605233259,63.17956199200188,0,4.830024035435265,0,1,0
296.14604019080366,138.5203284425456,0.062758932053122,-34.34483968772217,1,-15.768228874850942,0,1,1
130.77030205189502,165.37573813890864,0.0645003200594587,-5.5827919484043775,0,10.71538776411412,1,1,1
246.4226592660864,115.65235721419135,0.0728504957121266,29.37769929537467,0,5.564214499877071,1,1,1
19.453484597179543,226.96917466890685,0.0618025711874482,-0.0661961633885539,0,-12.413773097874714,0,1,0
301.93441800834734,282.48093341116777,0.0609277895013808,-53.85359251315196,1,14.121184463445084,1,1,1
320.9678457558855,19.033427747538155,0.0560914010524495,-0.242056754899913,0,-6.879747169681529,0,1,0
658.4610012802117,337.4931555243262,0.0500027225431731,49.7353966505805,0,-1.2193836719048328,0,1,0
283.2904414568752,375.1705598233365,0.0354084945913689,-0.7705866332733251,0,8.93870160077152,1,1,1
235.4954135080227,47.79502794885252,0.0353378248966437,-44.83565955685493,1,-16.6801960451985,0,1,1
195.71225806139088,39.78315544663184,0.0382419610181523,49.30587588434927,0,12.209789019425022,1,1,1
208.897057153586,13.184799092195163,0.0382560367720112,-28.91672047518341,1,1.5686024910243166,0,1,1
146.46785526514358,62.42920188844244,0.0429321977781838,-0.804961250395877,0,-6.600295468494561,0,1,0
270.828657171621,124.3608019064774,0.0440242226862317,41.25635826358207,0,-9.641616803569702,0,1,0
106.43490848480371,164.39374868681728,0.0441921364223729,-37.31831971089502,1,10.357216580385318,1,1,1
140.77433446328655,34.33942597848282,0.0363751545513331,-30.573537441400767,1,-7.416491546238788,0,1,1
232.85316295580137,92.07882849251482,0.0282568388645283,11.448835345440685,0,8.181171857263925,1,1,1
122.24833796711788,110.60482498868348,0.0371595728962991,4.282103575774599,0,3.5209619376312435,0,1,0
263.70619170716805,141.45785374005015,0.0338187179713597,49.982785826108966,0,-4.150943774865084,0,1,0
329.9610749436509,66.25488323648284,0.0435181125002439,-55.5543642995545,1,1.9946116131644904,0,1,1
317.73208322559265,12.22899171805824,0.0513132068271842,13.309244415367132,0,-10.537129403140318,0,1,0
226.67367898072905,91.0584042448636,0.0546373737830061,25.53860880994967,0,-0.1379962696194381,0,1,0
318.19229762177383,91.51861864104478,0.0545787520558594,-38.04313926477604,1,15.077900605129514,1,1,1
162.72773945258038,155.46455816919345,0.0517958664519962,34.20365956373757,0,-16.03221792624293,0,1,0
69.10112480983649,93.62661464274387,0.0573814738841268,-39.52995654867749,1,4.69940205999122,0,1,1
174.72137199546822,105.62024718563173,0.0620309361464951,2.799990359423134,0,13.0679323049609,1,1,1
231.8219465683959,57.10057457292768,0.0633239431984184,59.505156922483536,0,-9.576589310822415,0,1,0
281.7309170419971,49.90897047360119,0.0740426142663768,-49.39100224837976,1,4.313429331007871,0,1,1
243.108645187216,38.62227185478108,0.0764503198636546,28.85933650737841,0,-9.056964235907628,0,1,0
203.14856730016936,39.96007788704665,0.0698282489898086,8.830158505797954,0,0.9764502405258436,0,1,0
105.16756754121457,97.9809997589548,0.0547517775529554,-39.45686248133983,1,4.769753343452887,0,1,1
265.054959421648,159.88739188043343,0.0479956894434166,0.8253748400884646,0,2.581990016579164,0,1,0
323.6405577916835,58.58559837003549,0.0508591508971671,33.273516718292136,0,6.447221456126808,1,1,1
278.8148811293629,44.825676662320575,0.056113823147522,-13.286969291569449,1,-7.720823011269736,0,1,1
283.3234144505703,4.508533321207381,0.0408698121672866,-19.61995421088208,1,-9.569017451591275,0,0,1
373.6996269075016,90.37621245693128,0.0421617350565305,31.02513175116065,0,5.419004490748797,1,1,1
181.66200850471887,192.0376184027827,0.0465657648419449,9.13111544634566,0,-2.455034707116045,0,1,0
71.98664872153647,109.6753597831824,0.0513179792748576,-50.29333773072484,1,0.2046726689516083,0,1,1
216.8638468474877,144.87719812595128,0.0532398266552843,-16.854572084803895,1,5.019724576630389,1,1,1
87.6347271001622,129.22911974732554,0.06700209375401,19.983274607387724,0,-3.7744205247081855,0,1,0
53.80005511265944,33.83467198750275,0.050255208480533,32.027405816787216,0,-0.5471508005887182,0,1,0
95.72948349078008,41.92942837812063,0.0641927539618184,19.26100899417624,0,13.574201556088438,1,1,1
68.44120223589327,27.2882812548868,0.0505135604649027,-4.175030274537036,0,-7.6812066960307455,0,1,0
153.07775891420133,84.63655667830805,0.0324470815077065,-51.27150194142475,1,-6.443595937625419,0,1,1
79.42285720068341,73.65490171351792,0.0454429501006191,52.70636541260975,0,0.2818119281294207,0,1,0
125.06709167694704,45.644234476263634,0.0635903690742335,-5.621475714631941,0,10.703173752716246,1,1,1
111.82520675240043,13.24188492454661,0.0726980949596865,-6.106461605126697,0,1.5089542383235823,0,1,0
68.10179378559845,43.72341296680199,0.0562086754427481,-3.693925702423357,0,-4.148892400031768,0,1,0
51.90681177264885,16.194982012949602,0.0488811911496098,9.509249031424318,0,-4.951687614113762,0,1,0
38.641701788758674,13.26510998389017,0.0528292373648997,4.370961348365725,0,6.662543723478381,1,1,1
145.30825086667983,106.66654907792116,0.0502199743396498,-3.409443497091772,0,3.456157613583916,0,1,0
106.63123440348151,38.6770164631983,0.0483754459507165,-55.78104979855611,1,-15.423626480032617,0,1,1
108.43649621579458,1.8052618123130488,0.0442799005606587,48.02451415199816,0,13.91010161900426,1,0,1
230.6129810076798,122.17648479188522,0.0541867962288977,9.531956120056051,0,-0.2576605994711265,0,1,0
119.53099137481117,111.08198963286864,0.0559690829448157,-52.44785712092139,1,-9.646413119725937,0,1,1
108.60329023250536,10.927701142305809,0.047783818592235,2.2473230060299088,0,-1.4943170593979227,0,1,0
12.568205977016452,96.03508425548893,0.0405740280702346,45.77435441011579,0,5.470480733834319,1,1,1
152.412584329148,139.84437835213154,0.0424217632325385,-35.36382195572776,1,-5.860327343413782,0,1,1
186.5035815831454,34.090997253997415,0.0438035062136109,4.461744401872778,0,-2.5383294721560468,0,1,0
121.91366825425776,64.58991332888765,0.0439636203048344,-1.8033382000264384,0,16.154032005672587,1,1,1
376.3669361389833,254.4532678847255,0.0471903610864943,-13.146142142833916,1,-9.234262309803984,0,1,1
333.3749871609779,42.991948978005325,0.0458186008326611,58.07694332301004,0,-0.3821941266639594,0,1,0
135.5348553321287,197.8401318288492,0.0635453803650208,-10.63474585567542,1,-6.923058778723018,0,1,1
352.17994106962226,216.6450857374936,0.0562398253830787,-44.425668957913054,1,7.560994408188868,1,1,1
197.77439183249487,154.4055492371274,0.0581477686405849,-11.556154681074837,1,4.773603003220943,0,1,1
161.87926013158776,35.895131700907115,0.0705345006572625,21.32184136808672,0,-9.895734237838209,0,1,0
381.75841667180447,219.8791565402167,0.0802360083161996,3.415858802228506,0,2.416847073570532,0,1,0
182.82044600023724,198.93797067156723,0.0644258964671028,-32.65730330560835,1,-3.799467371945087,0,1,1
80.58432871570166,102.23611728453558,0.0734032334971144,70.40480175547025,0,3.523208489977154,0,1,0
67.22974258594937,13.354586129752292,0.05247173775103,-2.8694614338164968,0,10.124116738355404,1,1,1
234.6033953940677,167.37365280811835,0.0439228921677403,-0.0896480380547615,0,-12.484429584433125,0,1,0
286.7729923318369,52.1695969377692,0.023502814774043,-3.548802716275034,0,-4.150369455238352,0,1,0
276.3024934390988,10.470498892738137,0.0343673431331577,-5.814186334993664,0,10.133631823906477,1,1,1
148.02845517496922,128.27403826412956,0.025066634059205,-7.88841832282003,0,0.8653813093667235,0,1,0
291.86372239773834,143.83526722276912,0.0191746007060881,26.061484927341127,0,-5.011630609424277,0,1,0
151.7263450368183,140.13737736092006,0.0214563593444999,-19.8847472882278,1,6.253160365405407,1,1,1
152.6546759497988,0.9283309129805276,0.024072770658499,-6.518786184612637,0,-12.073334306817824,0,0,0
235.102806384072,82.4481304342732,0.0223107556766722,12.686399915097098,0,6.053434613742123,1,1,1
302.1115772907445,67.00877090667254,0.0229148107244912,-43.40470105282056,1,-3.920037748236567,0,1,1
181.5824435432617,120.52913374748285,0.0210892714432561,57.670336900208646,0,1.7046843721465126,0,1,0
167.05759086914287,14.524852674118849,0.0243543778917865,-75.83868474310813,1,3.0545657140609066,0,1,1
196.94981824919503,29.89222738005216,0.0222959245864324,50.33943950356846,0,2.2175241622735555,0,1,0
378.4135190294083,181.4637007802133,0.0216748971338216,-45.70486160475076,1,-8.004222164730292,0,1,1
151.83415472903295,226.5793643003753,0.0208504897667955,62.09693611703838,0,0.1623941472313794,0,1,0
249.9244708891058,98.09031616007285,0.0216464227298859,9.146737422442952,0,11.454513516622884,1,1,1
141.83975249883957,108.08471839026625,0.0184183850164483,-44.72235119066402,1,-5.398249101532622,0,1,1
238.5441779679157,96.70442546907611,0.0211794164446382,35.884317345028485,0,-4.5522089912599935,0,1,0
269.0902846931775,30.54610672526184,0.0272474324873175,-41.7154681587423,1,1.1679025359766886,0,1,1
75.89149824670906,193.1987864464685,0.0355482646236223,-14.10541201320536,1,9.702783362591113,1,1,1
215.3596746186924,139.46817637198333,0.0431144610388502,9.379655904766302,0,-13.365947901041608,0,1,0
153.9197892859955,61.43988533269686,0.0386069817865348,2.015405687298184,0,9.139685286791495,1,1,1
349.9809674845331,196.0611781985376,0.0414643849129851,26.3060858593382,0,-2.968437537054612,0,1,0
84.33525385940756,265.64571362512555,0.0392883396944625,13.238400016718842,0,9.016518091109868,1,1,1
45.54779403111269,38.787459828294864,0.0445889524960646,-47.27451923283763,1,-0.4208025128903436,0,1,1
232.2184699714055,186.6706759402928,0.0473057920211389,-9.360822771416998,0,-2.0181077497697317,0,1,0
188.6131825468497,43.6052874245558,0.0562607346345468,10.675646409197109,0,-6.088357871791475,0,1,0
224.0349921636297,35.421809616780024,0.0499351601450963,5.990878363429225,0,4.92905062684415,0,1,0
103.2226681742951,120.81232398933464,0.0588595550414631,-1.3378529934099035,0,0.1722495340763412,0,1,0
18.79457013018769,84.4280980441074,0.0365773607154253,-4.789135575960557,0,-6.152977495939146,0,1,0
208.8436533798132,190.0490832496255,0.033156166922345,19.683979238961044,0,10.955500188277057,1,1,1
161.47004740776825,47.37360597204494,0.0249819196190487,31.198611122297397,0,2.0976530093489885,0,1,0
231.2717485408506,69.80170113308236,0.0240569800324939,-60.450747616269226,1,-13.40835120070916,0,1,1
87.93032070507114,143.34142783577948,0.0183054379632767,60.9345221816466,0,9.735746592492555,1,1,1
247.19542697460747,159.26510626953632,0.0248278309681618,-29.20172766983066,1,-6.006380691556155,0,1,1
232.1769486113578,15.01847836324967,0.0213077500486335,13.076766027344677,0,-0.7451173925791661,0,1,0
169.78809395257312,62.38885465878468,0.0210784962969296,12.391929140532568,0,-1.5417898404269188,0,1,0
88.32874562621632,81.4593483263568,0.0286904108315658,-40.88321496243743,1,-1.8907517837313128,0,1,1
82.49103767017934,5.837707956036979,0.0294411953939966,51.99261373079724,0,12.549650930757034,1,0,1
192.80436327770283,110.3133256075235,0.0390184084288965,-69.6398670871864,1,-3.5738564054917727,0,1,1
57.17268432321563,135.6316789544872,0.0408857577683484,35.514414234999904,0,-6.002242236161953,0,1,0
239.6376348762868,182.4649505530712,0.0395035581340197,-21.82904606057369,1,6.217233717843959,1,1,1
76.32954162735768,163.30809324892914,0.0349263166694344,12.251434288208458,0,-0.659298534688606,0,1,0
419.4998846827884,343.17034305543075,0.0369167551055447,3.273426469070259,0,-9.025243749122431,0,1,0
305.31407130410656,114.18581337868189,0.0276784068084386,37.25180758835131,0,-1.8241040180093275,0,1,0
120.500368201243,184.81370310286357,0.0204201661185045,-37.83441595825114,1,13.203337809068874,1,1,1
71.8481019473255,48.6522662539175,0.0218705434434105,20.509307691731337,0,-0.4978595669397272,0,1,0
310.92638686497696,239.07828491765144,0.0235444967615575,20.305224219472564,0,3.7091291809654727,0,1,0
237.07747461217156,73.84891225280543,0.0230815587078622,-36.57844730225577,1,-19.54998750943799,0,1,1
249.42170533750425,12.344230725332691,0.0194044856874101,-6.897812194493916,0,10.420347804051,1,1,1
94.16369192996522,155.258013407539,0.0200064578809517,45.17268116243525,0,3.218841282178285,0,1,0
87.19851746220347,6.965174467761756,0.0148030505781298,-11.62336707122293,1,-2.37565377427924,0,0,1
50.829985560672775,36.36853190153069,0.0246906843687145,8.967724261836793,0,2.5580392922448816,0,1,0
219.24298401435905,168.41299845368624,0.0350078674893212,-43.40381451986343,1,-11.463616241935874,0,1,1
284.2841164097859,65.04113239542687,0.0346916013195979,23.927933105841007,0,-2.7149037307537416,0,1,0
353.64926591830647,69.36514950852057,0.0335439323351367,-35.73710530531686,1,1.830320520230573,0,1,1
386.8634449382591,33.21417901995261,0.038567532872342,49.29691477019806,0,5.740555177723516,1,1,1
215.88735080596197,170.9760941322971,0.0379481444378308,5.38057350412609,0,-1.0225305038202803,0,1,0
49.62546074825919,166.26189005770277,0.0389543233335434,-53.21701791544777,1,10.90139674967763,1,1,1
209.4992971569269,159.87383640866773,0.0414391494985518,-13.03472371601942,1,-15.809537018651016,0,1,1
137.43078727423918,72.06850988268772,0.040459726955056,7.664187087725701,0,7.183597450463648,1,1,1
163.39827660441412,25.967489330174946,0.0435840165481227,34.56779077664423,0,10.302325825115275,1,1,1
71.07232731788734,92.32594928652678,0.0424333356064703,-28.85190747889128,1,-9.098373805900987,0,1,1
147.88733525336988,76.81500793548254,0.0314267573646835,29.314203837075752,0,-7.410073206717651,0,1,0
57.57809308695171,90.30924216641816,0.0328064275118878,-23.07377068408225,1,3.177341695174449,0,1,1
135.66314076169598,78.08504767474427,0.0315263590313032,45.33173929514693,0,6.710486237958749,1,1,1
116.74398933236525,18.91915142933074,0.0307085411291686,-37.13902069769782,1,-12.296040113400808,0,1,1
354.4574841136741,237.7134947813089,0.0255822891126336,3.601941517987356,0,19.12221695713079,1,1,1
485.2845002720405,130.82701615836635,0.0228605783571424,-11.964559176586556,1,-8.022469940589291,0,1,1
119.82237196529762,365.4621283067429,0.0295096176722693,-22.002170006746283,1,2.7432470293464366,0,1,1
56.61222998994027,63.21014197535735,0.0347842277646602,33.647871116088155,0,-4.103561450762255,0,1,0
65.67892694046901,9.066696950528744,0.0459956563829149,22.45825801734928,0,9.179261838435597,1,0,1
67.66980472953429,1.99087778906528,0.0433869613895848,14.292024042165323,0,-7.374062973982824,0,0,0
118.6633340581367,50.993529328602406,0.0441232420134001,-70.11513084562218,1,1.4552528172442545,0,1,1
195.93323629556028,77.26990223742358,0.0541386261187349,57.66575272930268,0,3.977077420692371,0,1,0
525.16652783508,329.23329153951977,0.0446425376056507,-42.42688615517071,1,0.0143818724085598,0,1,1
277.8193988925555,247.3471289425245,0.0498984951317774,44.46045878407207,0,-16.667706164742658,0,1,0
158.5862588003791,119.2331400921764,0.0535877003940063,-38.46428913568687,1,5.10259057043382,1,1,1
187.9723002410276,29.386041440648484,0.0515663481855453,-18.206426418430052,1,-0.7396548986061928,0,1,1
42.97337781823491,144.9989224227927,0.0591737962273229,39.80687847872628,0,-4.793464717835058,0,1,0
178.88296767304433,135.90958985480944,0.0548475556814692,22.55081353859819,0,17.402753083417778,1,1,1
127.4785037681774,51.40446390486693,0.050555676489491,-56.98524589030872,1,-11.192849619493886,0,1,1
207.06763467326672,79.58913090508932,0.0524530670597331,-12.782704813849762,1,0.5962533281788778,0,1,1
318.4253624471135,111.3577277738468,0.0530670791644099,68.96293799492304,0,-4.946606826072252,0,1,0
355.80208234158675,37.37671989447324,0.0395709740695831,-14.880969104982682,1,17.801977886528107,1,1,1
247.1257205663563,108.67636177523045,0.0309817400636255,8.869324560764369,0,-3.269403082964736,0,1,0
26.1515818032348,220.97413876312152,0.0297550265354449,-59.90867026282865,1,-5.087776437647921,0,1,1
111.15067805618504,84.99909625295024,0.030301920699179,66.44939812979557,0,4.001360851447943,0,1,0
161.27726410912058,50.12658605293555,0.0371159537854122,-37.70393903361888,1,0.1036549006488432,0,1,1
225.7404232872951,64.46315917817452,0.0332135986123736,38.27689057092995,0,-2.4076359635097084,0,1,0
228.32042658898476,2.5800033016896293,0.0322749201896264,-66.61539594679763,1,-9.65440233858601,0,0,1
117.84848447683738,110.47194211214736,0.0298675371647761,65.59063976045888,0,10.926073454990046,1,1,1
135.13389939536526,17.285414918527877,0.0251398014330585,-16.914494031314618,1,-3.01394882825943,0,1,1
399.1745298240494,264.0406304286841,0.0248656929592066,-9.528642647669985,0,3.0890898105199653,0,1,0
217.1557443134667,182.0187855105827,0.024812260234942,-39.399014534901895,1,-3.6123738719100142,0,1,1
105.15839434063294,111.99734997283376,0.023992223376379,50.13093639415838,0,8.25767696365928,1,1,1
122.66036938531298,17.501975044680037,0.0296523132302524,-7.251468534302489,0,-6.586232631486805,0,1,0
60.52820609311454,62.13216329219844,0.0323055941359309,10.28117986825272,0,-1.066899760511932,0,1,0
118.66734344486842,58.13913735175388,0.0334062518128794,-0.7657689949074751,0,5.382155450326943,1,1,1
303.5272540996769,184.8599106548085,0.0396346250604636,-21.838598836270904,1,-9.27103319523171,0,1,1
132.68228713475654,170.84496696492036,0.0405802719085481,-19.124248463563266,1,-1.2688578007193323,0,1,1
153.72213987623624,21.039852741479702,0.0392004226141773,57.14296817362576,0,3.747503365146046,0,1,0
92.09099063072148,61.63114924551476,0.0373976697496845,0.5297013731646842,0,1.6259735593624534,0,1,0
130.03837194973417,37.94738131901269,0.033393914414171,-57.09266290058952,1,-7.279707726662467,0,1,1
96.15820907318545,33.880162876548724,0.0333253351467733,33.4977612293871,0,9.235987767237004,1,1,1
152.35024009067132,56.192031017485874,0.0388349152170773,-34.2226223886657,1,2.4018636740916985,0,1,1
113.03128258534598,39.31895750532534,0.0397738104411684,52.66831806987567,0,-4.501097336762333,0,1,0
294.1980599151664,181.1667773298204,0.0332020451939156,-61.04089552524567,1,-1.0871253648835744,0,1,1
448.57374518591206,154.3756852707457,0.0374002578695785,71.35872501614178,0,-4.56642666039343,0,1,0
244.75264016731035,203.8211050186017,0.0452338046812475,-30.34683732101988,1,12.298815895435707,1,1,1
203.2628781219258,41.48976204538454,0.0461741936007531,-47.03594686383976,1,-3.101665826425263,0,1,1
55.74909243902539,147.51378568290042,0.0492053922264451,68.71926021516886,0,-5.484257292175949,0,1,0
256.21357726360014,200.46448482457475,0.0499149688005102,-15.795610714674282,1,3.5764009185817365,0,1,1
318.9843106645143,62.77073340091414,0.0496353626394935,1.0291318391298176,0,-6.444550940136681,0,1,0
215.77702382734915,103.20728683716516,0.0464622636770205,-33.78320268118093,1,-5.541238833409377,0,1,1
139.43722951443826,76.33979431291087,0.0373037135663664,4.941123630308006,0,2.8822037736194823,0,1,0
240.3299866553299,100.89275714089165,0.0420209093763769,46.20967908505875,0,-2.4887896753593326,0,1,0
116.67768442984186,123.65230222548804,0.0360111201121389,-22.356749091906195,1,8.573751030956803,1,1,1
180.3553057833077,63.67762135346584,0.0251506038102694,-49.44030753884212,1,2.277758987561258,0,1,1
266.6286594819234,86.27335369861572,0.0252754385538819,24.836229838520296,0,-4.832346774273406,0,1,0
203.32158177020167,63.30707771172175,0.0219683887505597,21.69089755409693,0,2.994158755309176,0,1,0
107.41902646404188,95.90255530615978,0.0253848644732419,-36.04293660780404,1,-8.894386720912406,0,1,1
172.95418619138846,65.53515972734657,0.0345220060649215,-3.977233799122242,0,13.690470578038202,1,1,1
231.21426917680745,58.26008298541899,0.0374424630937715,-3.112498719555095,0,-14.743527508885,0,1,0
442.5653898136856,211.3511206368781,0.0361855482689882,45.69558983987439,0,12.032870722503528,1,1,1
263.6907071761936,178.87468263749196,0.0326797589179762,-24.79858504192532,1,-4.0215808375818245,0,1,1
292.2510081136343,28.56030093744073,0.025243284012459,4.246498402956703,0,-4.990855904777218,0,1,0
78.4832759383842,213.76773217525013,0.0296976293553326,-25.091062759149462,1,6.78504248551981,1,1,1
193.15032129159488,114.66704535321068,0.0341248280384967,54.23827626474616,0,5.157847164873681,1,1,1
49.20022076885828,143.9501005227366,0.0336760759437613,2.299037013420985,0,-7.348516285937018,0,1,0
214.7180660546259,165.5178452857676,0.0241223325540382,5.014301449898539,0,-0.9162677813308432,0,1,0
49.61536796006612,165.10269809455977,0.0206240757242855,-14.221776705144832,1,-4.504972784971835,0,1,1
275.84263872908906,226.2272707690229,0.0223914808331956,9.730018106885185,0,9.042311985459332,1,1,1
158.91258019117174,116.93005853791732,0.0195409512549841,-15.684972962364212,1,4.668754567201633,0,1,1
116.26511410331064,42.64746608786109,0.0246908483913567,-6.847148017779254,0,-5.333443274173661,0,1,0
168.92924971849786,52.664135615187206,0.0269134123881262,-18.545961571996894,1,-7.92507976154492,0,1,1
179.91528235374696,10.986032635249105,0.0262907584121474,-16.51480092449409,1,9.922805360509743,1,1,1
157.3454740175379,22.569808336209064,0.031491064747097,19.07555497508605,0,-12.621721310395612,0,1,0
139.40469310967646,17.940780907861438,0.0480894418666035,31.344339724975555,0,16.158243672404595,1,1,1
100.384753380953,39.01993972872344,0.0495591314086972,19.4566965455618,0,1.6688247040305448,0,1,0
54.06031631531399,46.32443706563903,0.0495120763856455,-53.64969551010495,1,-6.489173873419018,0,1,1
131.08154518388395,77.02122886856998,0.0439687775041721,33.090833670334504,0,5.694870218730594,1,1,1
215.7703799413882,84.68883475750422,0.0331424728678591,-15.328360028180327,1,-15.94548843396137,0,1,1
163.8347004816172,51.935679459771,0.0309682058585759,11.944301704002273,0,2.876778300756084,0,1,0
178.20100456899846,14.366304087381252,0.031851422629697,-50.07412600455298,1,1.7783228571201146,0,1,1
283.89221996426414,105.69121539526569,0.0369418820365815,9.682501935565014,0,9.11812140678859,1,1,1
199.16191669364272,84.73030327062142,0.0375778192097571,7.54944053806625,0,-5.778537245935324,0,1,0
195.4046067879657,3.7573099056770616,0.0375298801653929,54.1144055978491,0,-2.71784766253894,0,0,0
170.60972293315962,24.794883854806045,0.0255785159540641,-68.23388324174391,1,-3.8055552549399656,0,1,1
108.2581129113816,62.351610021778015,0.0342681600824978,42.32849675244778,0,13.051465903265358,1,1,1
261.49418049715626,153.23606758577466,0.0425678617532742,28.720436332122876,0,-15.802391475091232,0,1,0
158.80998557472148,102.68419492243478,0.0472575328911173,-22.12555191690637,1,6.334940899518148,1,1,1
33.83254996914498,124.9774356055765,0.0432233434283666,-13.413263642245036,1,-1.8898972048159184,0,1,1
139.45182835420698,105.619278385062,0.0332055081549617,-7.8729874256121875,0,-2.27530517408022,0,1,0
253.0995386742377,113.64771032003074,0.0288751375377711,19.05627218403913,0,0.8606230218814437,0,1,0
207.03044266847817,46.06909600575955,0.0304538648439841,-11.50480250041418,1,6.435111168841025,1,1,1
106.81901202784564,100.21143064063251,0.0386817378864132,18.002143383564352,0,-1.3548112272041202,0,1,0
140.7684365058514,33.94942447800577,0.0383532466495604,-7.010989002577048,0,1.846254164780964,0,1,0
147.02919110055933,6.260754594707919,0.036156991550996,-4.02927214774104,0,4.1850233442484654,0,0,0
191.22623512632825,44.19704402576892,0.0358551724998804,31.15213596330169,0,3.2941678692165333,0,1,0
260.8588782307989,69.63264310447065,0.0393244308596136,-9.689476145017425,0,-15.477333834811407,0,1,0
252.19333257713467,8.665545653664225,0.0351830283469803,-18.146718827528773,1,-0.7156842739851441,0,0,1
149.03895069528966,103.154381881845,0.0376343058046768,-5.616616999759458,0,4.753535935125914,0,1,0
273.6886633153489,124.64971262005923,0.0384499818786713,14.823481413466835,0,4.518929908180096,0,1,0
150.0574856795587,123.63117763579018,0.0382080056265554,6.397743594472814,0,-8.928276000554812,0,1,0
154.60322405222908,4.545738372670371,0.0432557575624193,-40.69427635477036,1,12.321688677103996,1,0,1
210.551972576472,55.94874852424292,0.0223729617333519,29.73680771035172,0,-3.197551326177928,0,1,0
241.2067646833026,30.6547921068306,0.0226637514156287,-42.54341937498043,1,3.847341732917542,0,1,1
119.53850292790425,121.66826175539836,0.0217207898019722,23.62375066019228,0,-7.8109500429833405,0,1,0
240.16723490939336,120.62873198148912,0.0178476967808896,40.63881557481705,0,0.8636553165717205,0,1,0
185.14864538208323,55.01858952731013,0.0297248514659756,-48.97097299919877,1,8.129499948036841,1,1,1
247.383389964932,62.23474458284875,0.0310469579011128,-13.76514778636075,1,-10.811242182608368,0,1,1
150.15850597403534,97.22488399089664,0.026647895827958,-0.647132116175051,0,2.2881494267762736,0,1,0
196.8762774088472,46.71777143481182,0.0307366989705708,19.80661701809087,0,-7.358478533484236,0,1,0
215.5649741963567,18.688696787509546,0.0351070333714585,-13.484180372899722,1,10.83655543719615,1,1,1
212.97856954247524,2.586404653881459,0.0377086495897635,16.139559082129118,0,5.922860542253364,1,0,1
181.40002842385405,31.57854111862119,0.0482215501374164,23.35719199203989,0,-16.47145026535226,0,1,0
174.50183381059315,6.898194613260898,0.0478099031796697,13.54192491578138,0,11.717968323534064,1,0,1
150.71089185318263,23.790941957410524,0.0478532133969385,-62.2394587110995,1,4.633176594336527,0,1,1
90.21819736035214,60.492694492830495,0.0505403563090345,52.6593374388992,0,-7.030332962293606,0,1,0
149.308924248929,59.09072688857687,0.0466303473222089,-53.19423719101427,1,-3.6182048720750792,0,1,1
128.26048669488077,21.048437554048235,0.046230658748313,22.0763190203322,0,13.671243443307262,1,1,1
74.89546329000173,53.36502340487904,0.0495079883984887,49.36910399680095,0,-18.63505175284317,0,1,0
64.95035928689202,9.945104003109703,0.0425357448304114,-74.22962677617919,1,2.911845083976645,0,0,1
146.5477045278855,81.59734524099346,0.048420240024058,-3.663736346123781,0,13.496422696199453,1,1,1
267.52355566622185,120.97585113833637,0.0293504314605722,24.86141068338532,0,-11.758754882504142,0,1,0
87.61753882505235,179.9060168411695,0.0325811674421263,49.39777298974101,0,10.450795814685415,1,1,1
211.3443973309204,123.72685850586802,0.0310520654481152,-74.48659476791433,1,-9.732907345091483,0,1,1
139.98365079457645,71.36074653634392,0.024242155828258,16.213849494656188,0,9.575593230318466,1,1,1
208.95980217577892,68.9761513812025,0.0247493445875208,30.436070247702844,0,-2.5250438177393004,0,1,0
129.3510101698176,79.60879200596133,0.0296359049210094,-29.552723753707888,1,-4.344126557283493,0,1,1
94.2723333442658,35.078676825551824,0.0300002961424168,-14.395658446976238,1,1.0884578084250125,0,1,1
120.36103346767275,26.08870012340697,0.0303156868822422,-0.109032771982811,0,-6.9057155774926535,0,1,0
146.65062974515232,26.28959627747956,0.0368540727524926,40.53717114256507,0,-1.2355119931243048,0,1,0
128.38722650949413,18.26340323565819,0.0391063886859893,0.2187652975244702,0,12.021176834224116,1,1,1
35.307404394710964,93.07982211478316,0.0382652245218772,11.566392593329796,0,2.632607817800137,0,1,0
206.10544996154871,170.79804556683774,0.0287041765434276,-45.97861483895288,1,-2.5320475269210228,0,1,1
284.15033608256255,78.04488612101383,0.0288961021178263,29.44884490761639,0,3.817878020467408,0,1,0
145.54874489272126,138.6015911898413,0.0301840289408305,8.087798017063392,0,-0.4557258339787502,0,1,0
111.13162683694692,34.41711805577434,0.0274229154726068,-30.285864782669407,1,-2.237822712158948,0,1,1
199.7856715479516,88.65404471100466,0.0184344000117208,25.99734507141624,0,2.398792829817669,0,1,0
220.6597652115489,20.87409366359728,0.0210197227430709,12.87165361463041,0,-14.618066325408444,0,1,0
53.671305005105744,166.9884602064431,0.0213764980844521,22.6081829774062,0,11.282749271268967,1,1,1
210.30961865751453,156.63831365240878,0.0212920147783289,-31.55343393464868,1,0.4463107221894837,0,1,1
320.56172832183256,110.25210966431804,0.0222994602384834,21.18144735552356,0,-11.99400056693416,0,1,0
254.239841408576,66.32188691325655,0.0299048492268374,-2.20144379570786,0,15.112133936685964,1,1,1
201.1577700779631,53.082071330612905,0.0282021730083596,8.527531853258807,0,-18.015960743646733,0,1,0
71.21029553501123,129.94747454295188,0.025501963815039,-17.376904052460134,1,8.51639522986009,1,1,1
329.0817500841673,257.87145454915606,0.0315428209453778,-40.796414687796656,1,-8.262518932777567,0,1,1
227.66115487243488,101.42059521173243,0.0334728552437321,6.7992571415243575,0,10.037575923446717,1,1,1
244.72810416198573,17.06694928955085,0.0312154434485063,38.92750687475496,0,-2.224033841211366,0,1,0
211.79882579939732,32.92927836258838,0.0290449525480627,-21.10897731506853,1,4.218115667283474,0,1,1
172.87641094445317,38.92241485494418,0.028935896332436,-21.56112801597092,1,2.867643619045662,0,1,1
279.4251977269454,106.5487867824922,0.0347752317784211,32.4289354236048,0,0.0426222202172805,0,1,0
121.70594550226812,157.7192522246773,0.0421532800791038,19.98924493056441,0,-0.9270725747451198,0,1,0
53.81222901167418,67.89371649059393,0.0330769411326494,-43.907683409603536,1,-12.406883171280558,0,1,1
29.299439061693363,24.51278994998082,0.0295715739888894,19.08440041870192,0,6.311221687341739,1,1,1
112.0483709191564,82.74893185746303,0.0351859080048674,-1.1795466492753943,0,7.970239438414783,1,1,1
146.6687490851157,34.62037816595931,0.0351741813629715,-36.36206885984728,1,-3.2330063316246687,0,1,1
183.07896649920824,36.41021741409253,0.0315384071626411,-2.9383744819543374,0,0.534554468874676,0,1,0
141.7684648432589,41.31050165594934,0.0261832977801991,63.934542438419776,0,-9.082037458362986,0,1,0
226.00264002877844,84.23417518551955,0.0250582224918273,3.5288097491018817,0,1.962676578624952,0,1,0
62.93771791217353,163.06492211660492,0.0301965895594433,-2.343608264217778,0,12.61502699880203,1,1,1
206.0731233258492,143.13540541367564,0.0292376153412774,-40.60695949673983,1,-2.177719072452277,0,1,1
92.62267985760788,113.45044346824128,0.0291625496705807,-8.722776216602334,0,-13.640070410939805,0,1,0
161.28924686423682,68.66656700662894,0.0259718539930741,52.36417485367957,0,7.595426685487169,1,1,1
225.6749848447461,64.38573798050928,0.0216881261451833,-4.749592714436261,0,-1.083716073151793,0,1,0
157.72711216756448,67.9478726771816,0.0241699075284488,-5.038802217040825,0,-0.936948162361512,0,1,0
132.54463011589775,25.18248205166671,0.0227077715515215,-38.85058716547784,1,0.53907424327938,0,1,1
291.2311841812421,158.68655406534432,0.0220618553501652,24.364608807050423,0,3.4454987699706,0,1,0
324.2222602226461,32.99107604140403,0.0217101930131444,8.934213157988836,0,6.485218140089476,1,1,1
243.61045171761768,80.61180850502845,0.024102792243612,-13.9412783547957,1,-1.8364815523237643,0,1,1
178.03470484618325,65.57574687143443,0.031195260767465,2.068002958309748,0,-0.0039787131435993,0,1,0
135.1859165361981,42.84878830998514,0.032240733745468,12.37467596642324,0,-3.4349934106702094,0,1,0
276.3891644518239,141.20324791562578,0.0411312359827389,0.811215897080757,0,-13.715781976353249,0,1,0
441.3798072382087,164.9906427863848,0.0321829094245348,-42.15034529592665,1,8.457457973725793,1,1,1
133.81257217471105,307.5672350634976,0.0309753024065579,12.058084303311666,0,1.4133140447145234,0,1,0
493.7131148339928,359.90054265928177,0.0308350416347736,31.240776196252146,0,6.627301397023993,1,1,1
191.792992823817,301.92012201017576,0.0256408259133564,-41.578953106207926,1,1.6070151224011615,0,1,1
214.29067486190644,22.49768203808944,0.0277192590480026,52.33171665359787,0,-9.425923527132731,0,1,0
278.8043346469572,64.51365978505078,0.0340351608445137,-6.136055282487476,0,-3.021725027338558,0,1,0
106.81052603633796,171.99380861061923,0.0325447861902478,4.525034479031035,0,0.7379013814939066,0,1,0
183.13071848020135,76.32019244386342,0.0345848634614708,-47.8525029711295,1,4.826151066614972,0,1,1
180.00863990977393,3.122078570427448,0.048468186369553,-15.374632671459754,1,-6.073805979957303,0,0,1
314.5574274050711,134.54878749529718,0.0447053145076659,-0.3621104024043831,0,12.715335377020104,1,1,1
264.03652605235123,50.52090135271988,0.0481768476040801,36.42535274909352,0,-9.841734895536767,0,1,0
132.18376500269454,131.8527610496567,0.0447208525654016,-20.025367922515983,1,11.428243751243585,1,1,1
224.59665106990604,92.4128860672115,0.0442305999465568,-3.3655005763955046,0,-17.610978422528873,0,1,0
199.14596962017083,25.45068144973521,0.0303216865829491,-3.2893031626495173,0,1.567279738665932,0,1,0
132.34492868369043,66.8010409364804,0.0289457151830348,27.175377321449677,0,6.474229027531012,1,1,1
45.598298325831614,86.7466303578588,0.0216220534605479,-1.1201902994660244,0,7.134293751906007,1,1,1
197.85880553954303,152.2605072137114,0.0213343728219569,-10.06260418021386,1,-10.287045266420826,0,1,1
85.74528506611563,112.1135204734274,0.0288439568304688,-22.709811540618343,1,9.67029528672239,1,1,1
366.00645804947993,280.2611729833643,0.0296753365390475,63.22838172841966,0,-8.240305755634337,0,1,0
171.71324392053552,194.2932141289444,0.0395736705863274,-40.06870756650038,1,8.550788971079436,1,1,1
157.38164821467683,14.331595705858687,0.0406040195428335,-24.343493385035345,1,-11.51121209313792,0,1,1
271.6594625860938,114.27781437141698,0.038167721749217,-6.925068463203552,0,3.8892063454852384,0,1,0
53.00950936664856,218.64995321944525,0.0368381880023862,9.241148738881511,0,-3.863208632301891,0,1,0
195.90855335541937,142.8990439887708,0.0425687073396295,11.562634669853908,0,-1.2701558105263118,0,1,0
475.4173220045912,279.5087686491718,0.0375011321139218,26.63738328460425,0,4.118443895790897,0,1,0
386.7943176642586,88.62300434033261,0.0314928188044393,27.267371800756024,0,-1.7287793614826104,0,1,0
134.21915879447283,252.57515886978572,0.0309362507944177,-55.9094395460256,1,9.048804082288534,1,1,1
131.52598187499922,2.693176919473615,0.0349160793597643,41.41892766604315,0,-0.7901679868961882,0,0,0
69.5371829020423,61.988798972956914,0.0387548959649032,9.726565290600234,0,-7.781703076468579,0,1,0
195.53926900405156,126.00208610200924,0.0376987445170065,-41.58510103291852,1,12.674411160381384,1,1,1
58.01556790161492,137.52370110243663,0.0382691655182067,-11.06391849021633,1,-0.3687229261669138,0,1,1
154.2338804868874,96.2183125852725,0.0357819775333668,19.023464450748712,0,-1.1200867440519566,0,1,0
292.4272138124169,138.1933333255295,0.0369352161331183,32.45161589185391,0,-6.626509693585158,0,1,0
159.27140561088945,133.15580820152744,0.0371075818145393,-70.85841840542729,1,-3.483945023182507,0,1,1
49.63033353830343,109.641072072586,0.049127071807267,38.05196870421091,0,-1.9857558599403564,0,1,0
82.79082708763244,33.16049354932901,0.0542513381498194,21.677102797042508,0,-5.959817598153885,0,1,0
126.02502145457184,43.23419436693939,0.0482767929583517,-12.517186619675996,1,12.335493257822897,1,1,1
269.54164270861014,143.5166212540383,0.0437740464166307,-8.303283652374226,0,-1.572896438346504,0,1,0
241.08427295754177,28.45736975106837,0.0419117207709026,4.501905433242236,0,1.534192113111324,0,1,0
110.94372732985308,130.14054562768868,0.0524597718128249,5.249476523824171,0,-1.078332062563975,0,1,0
208.02097395537592,97.07724662552285,0.050822581309954,5.0274797166068055,0,-8.764779419113475,0,1,0
130.7864119995782,77.23456195579772,0.0589589315114531,-26.071165445000645,1,11.153268972093462,1,1,1
161.11216795841662,30.32575595883841,0.0490269662722142,12.895116845988484,0,-6.69887230729179,0,1,0
59.18733906631979,101.92482889209684,0.0501307057945115,-19.5043466766559,1,3.117181168596039,0,1,1
265.8673656733335,206.6800266070137,0.0294333615316922,56.83358711961338,0,-3.012821188280292,0,1,0
218.01959099534,47.84777467799353,0.0310305065994274,-63.7361588237858,1,-6.873078070263255,0,1,1
253.66803193632032,35.64844094098035,0.0304192037374596,-2.9304672885273604,0,17.091079021827294,1,1,1
271.9660352937502,18.298003357429906,0.0297776976302479,9.453203973661635,0,-14.55640756040036,0,1,0
225.3724940604614,46.59354123328882,0.0400156939524898,52.09855798128801,0,8.668792389551559,1,1,1
276.7065493746422,51.33405531418077,0.0373682236757748,-20.895855393833983,1,6.0191590168255225,1,1,1
39.11614557248706,237.59040380215512,0.0348425506470143,-16.234282592105686,1,-13.236035279790013,0,1,1
161.69456322974315,122.5784176572561,0.0360429408446516,37.5574305509067,0,3.813709660104867,0,1,0
124.05610376005964,37.63845946968351,0.0374278647782772,-2.019857205367515,0,-0.6856550145458185,0,1,0
114.81030440204226,9.24579935801738,0.0266735118280404,-39.88437492539246,1,-5.770230029435448,0,0,1
257.4468888086706,142.63658440662834,0.0262604865418411,12.96387657503265,0,6.685935807342636,1,1,1
361.95089755003056,104.50400874135994,0.0242215907875027,27.33864150683071,0,1.119224306710711,0,1,0
90.58699037670186,271.3639071733287,0.0225278290602661,-46.87802556510882,1,-9.057623080903545,0,1,1
264.0496055343053,173.4626151576034,0.0192150604148616,7.051085520178006,0,9.230928506234063,1,1,1
142.92782110669205,121.12178442761322,0.0162555513242946,30.838189076633192,0,-7.886272597140099,0,1,0
115.54881692904856,27.37900417764349,0.0155220507440833,-7.550059959858515,0,15.97265063628733,1,1,1
314.69637972091994,199.1475627918714,0.0132438660872337,-51.99907626879536,1,-4.8460982268299215,0,1,1
84.96196371477511,229.73441600614484,0.0146740912168087,5.498083563302529,0,-11.874616308581407,0,1,0
125.59361262946165,40.63164891468654,0.0203503072282886,58.31099532801965,0,15.412321709734254,1,1,1
204.49370703610947,78.90009440664782,0.0195403207645272,-65.32201123778474,1,-9.308871373475917,0,1,1
112.34835585571103,92.14535118039842,0.0194389304400655,71.21523743128299,0,-2.719646203802437,0,1,0
237.24749329906,124.89913744334892,0.0273690853573049,-51.85411625772524,1,0.5660815383044504,0,1,1
199.03813101543895,38.209362283621005,0.0298337888752438,26.13011440509969,0,6.875947424823842,1,1,1
135.07068651913642,63.96744449630256,0.032608046396709,-2.7038638485556987,0,-10.323313054267128,0,1,0
239.68916315072343,104.61847663158704,0.0332512762123577,-13.46617025075254,1,-0.4561559678764593,0,1,1
88.95407067303975,150.7350924776837,0.0343743950530784,-29.18534660388369,1,11.37535820635241,1,1,1
222.0925510695517,133.13848039651194,0.0403648671418788,12.882746974897202,0,7.087928456554877,1,1,1
287.30150070895536,65.20894963940367,0.0451001983596142,33.80017800305273,0,-9.969621102272969,0,1,0
175.21693412415763,112.08456658479771,0.0369497576342454,-13.488057049960917,1,-1.4029017453171306,0,1,1
355.1460867861029,179.92915266194527,0.031990692306919,-2.6028581352127134,0,10.67828751444502,1,1,1
173.59790016011323,181.54818662598967,0.0348969091356595,-25.29073161834197,1,-14.124142433127302,0,1,1
287.08512138342456,113.48722122331134,0.042527998369413,19.95396195652244,0,-0.0089909590931025,0,1,0
285.2065044876488,1.8786168957757925,0.0429123252222861,14.344250145047155,0,13.291501598514936,1,0,1
451.9550598131838,166.74855532553505,0.0346883450043593,-35.89902536934858,1,-5.1636986692340585,0,1,1
393.5902190993057,58.364840713878095,0.0399679749892029,-0.8797585856354253,0,-11.862947824226213,0,1,0
252.87282384614815,140.71739525315755,0.0404092857430809,33.98861044775248,0,12.403872390655856,1,1,1
153.99794017093328,98.8748836752149,0.0429025078977426,5.5759032497589445,0,2.92108266672124,0,1,0
281.0944957995713,127.096555628638,0.0451607691146312,-24.288853537220547,1,-10.921564470290877,0,1,1
253.5176659591961,27.576829840375183,0.0472323032521083,5.44998738720291,0,2.178791130791064,0,1,0
276.5372680487378,23.019602089541703,0.0553234214419337,37.68832620583976,0,-3.704325127792824,0,1,0
259.45876538932254,17.07850265941528,0.0581750973427179,5.789247956839532,0,8.713393031799372,1,1,1
90.56318869723172,168.8955766920908,0.0587752804621255,-43.52058698710484,1,0.6169719942458531,0,1,1
115.50448062051883,24.94129192328711,0.0408196302570054,2.4388702098192496,0,-11.913180755523282,0,1,0
66.9939659322049,48.51051468831393,0.0343289066756718,37.96895943983142,0,12.183376390022543,1,1,1
142.80394180836694,75.80997587616204,0.0308204804778399,11.480635530412371,0,-0.3850013353514452,0,1,0
353.50808481397394,210.704143005607,0.0314534260572256,-52.25930448912509,1,-12.466402514570154,0,1,1
141.67145725670747,211.83662755726647,0.0295646209293098,37.45067007384728,0,10.40471235423705,1,1,1
169.19593608097713,27.524478824269664,0.0252265401630369,-24.72273618762773,1,1.1713671490158717,0,1,1
79.19158886823762,90.00434721273952,0.0279447364638664,-17.277145858398228,1,-3.675655528076572,0,1,1
423.8134426707505,344.62185380251293,0.0249773595754693,33.44457207292679,0,9.423230368272524,1,1,1
255.4030979590576,168.41034471169294,0.0326907647068014,-17.538785577663674,1,-11.458957123966838,0,1,1
82.68097142965622,172.72212652940135,0.0363085182636579,-15.551034986927547,1,-5.22381894790551,0,1,1
180.722133793314,98.04116236365772,0.0410137064456159,-12.874623648389342,1,12.093492459376192,1,1,1
200.88176787298525,20.15963407967129,0.0418925477849727,60.77798159365966,0,-1.332654852546712,0,1,0
398.1019082993853,197.22014042640004,0.0355689672795537,0.937071169099042,0,7.676765164792849,1,1,1
188.4759608250612,209.62594747432408,0.0366327025383127,-64.29648380118654,1,-15.155004592134002,0,1,1
109.1000091800276,79.37595164503361,0.036999077206006,47.07468917555615,0,3.2837221087509683,0,1,0
120.55971445799636,11.459705277968766,0.0402670937556514,-40.06543519946359,1,1.3137082109367857,0,1,1
243.0519231777194,122.49220871972304,0.0329500561540102,38.699411964372125,0,8.006561804517247,1,1,1
233.43409183898697,9.61783133873243,0.041192346087369,20.90376907126145,0,-8.938797909148207,0,0,0
207.62704962580565,25.80704221318132,0.0357006936077896,-51.79220026705683,1,7.151606655917332,1,1,1
203.63901443053825,3.988035195267429,0.0439383115321647,7.017163404371033,0,-12.304111960074238,0,0,0
201.80176737613004,1.8372470544081807,0.0386285260941432,35.776058112118136,0,5.056833344479248,1,0,1
284.29545695157947,82.49368957544942,0.0395424516851867,-4.780493314795862,0,-5.096138908585031,0,1,0
391.9391122176217,107.64365526604224,0.0360338753878425,-26.13748066303286,1,15.89402833250104,1,1,1
352.66075142041706,39.27836079720464,0.0328723183785001,35.191423585775894,0,-15.4384312116513,0,1,0
102.27752516248172,250.38322625793532,0.0440845583053962,5.76299188429482,0,4.826308583839644,0,1,0
251.91375281062616,149.63622764814446,0.0429430491901832,-37.43534714909711,1,-6.736240211809035,0,1,1
361.6333587038497,109.71960589322352,0.0429272949804385,-33.055362869095134,1,16.78245598076195,1,1,1
416.4846313005191,54.85127259666939,0.0457825496639034,37.59907003545862,0,-5.951295091245621,0,1,0
174.90090539254754,241.58372590797157,0.042339881130106,18.419398519256998,0,6.772749902904925,1,1,1
116.03576314182064,58.865142250726905,0.0509582959757651,-41.57173736480861,1,-18.403692547185425,0,1,1
31.536550291797795,84.49921285002284,0.0474808220173431,-9.648433749691948,0,2.6541374746483397,0,1,0
128.9031175373081,97.36656724551032,0.0326618195367278,14.862745836034662,0,4.101406353843395,0,1,0
201.89358794642877,72.99047040912063,0.026121761053834,-21.89022039045227,1,4.826221498985614,0,1,1
234.5686990343345,32.67511108790575,0.0238983194733299,56.310787279295184,0,-5.836844570472512,0,1,0
106.16915843371407,128.3995406006204,0.0261022791084465,-45.55226911559265,1,7.647126946527453,1,1,1
113.15834869625276,6.989190262538671,0.0240730986590767,46.20645250955232,0,-10.934889470334486,0,0,0
218.6960160698758,105.53766737362304,0.0225908897835178,-39.12808236040763,1,8.710140233930861,1,1,1
209.90976667501272,8.786249394863091,0.0248860856429706,60.60112929565898,0,-4.053407617405389,0,0,0
186.26291753819683,23.646849136815888,0.0235015508387658,-36.82133813727508,1,2.2054960198116067,0,1,1
68.58992450273072,117.6729930354661,0.0230676211591784,-39.2365220852186,1,1.2278416474472849,0,1,1
134.5459173419326,65.95599283920188,0.0236401438020758,58.50720171961014,0,-10.194743616209552,0,1,0
264.10246237513275,129.55654503320014,0.0233613824636474,-29.00709058929194,1,17.282567620329164,1,1,1
132.36067397456918,131.74178840056356,0.0288359256096311,15.778483452088814,0,-2.758648522512088,0,1,0
142.55175320331986,10.19107922875068,0.0275955470589416,27.51135476450716,0,-6.872720928230722,0,1,0
225.81556932348064,83.26381612016075,0.0265814862639132,-34.7154760793975,1,2.1002741937539184,0,1,1
267.8339805363705,42.0184112128899,0.0305107452830945,22.96852745850483,0,-10.298677908002704,0,1,0
247.38669811636225,20.447282420008264,0.0411804380907558,-40.12668382287258,1,9.308234609614988,1,1,1
321.0572594785942,73.67056136223192,0.041080290821898,32.93825809214826,0,-1.4326278446524974,0,1,0
286.7369074658132,34.32035201278097,0.0368052933838636,-49.21584312652201,1,-1.0366134871272106,0,1,1
306.4320582235485,19.69515075773529,0.0412319780507025,63.52208404809242,0,8.817337334371905,1,1,1
292.273080087338,14.15897813621052,0.0423383337185048,-55.48813180827456,1,-12.668555182292252,0,1,1
190.6216474608564,101.65143262648157,0.0466435395078637,8.17457018931173,0,-0.1122824997804672,0,1,0
109.1167528035151,81.50489465734132,0.0534019419746346,52.50258772888741,0,6.9073515312756415,1,1,1
51.48146725417906,57.63528554933604,0.0463100612602456,-64.23986312435404,1,3.3093200550429103,0,1,1
20.0889666923514,31.39250056182766,0.0449562735970567,7.935693375996728,0,-13.294065986825428,0,1,0
132.01018671579325,111.92122002344186,0.0535327374424519,26.06156309713399,0,10.46799921472609,1,1,1
192.4475326596968,60.43734594390352,0.052330291104936,32.04117607873222,0,-4.942827230324803,0,1,0
143.41376216641262,49.03377049328415,0.0762193323649474,-23.14196196914885,1,9.16364778584548,1,1,1
352.94142048627464,209.527658319862,0.0708266936486869,-46.178351964467325,1,-5.760192220887852,0,1,1
425.8658672862145,72.92444679993986,0.041074628460013,50.7141661832206,0,7.304067161621953,1,1,1
169.74522786482956,256.1206394213849,0.0409114538931586,-25.752135021120715,1,-8.741985790748231,0,1,1
318.27926635367186,148.5340384888423,0.0445917640566919,45.28907810593869,0,8.602271465080047,1,1,1
468.6251556667581,150.34588931308627,0.0657828276508562,-29.088950458365236,1,-2.211649291202445,0,1,1
388.2115448138604,80.41361085289776,0.0639628167688224,-7.740893203068424,0,2.235006051526934,0,1,0
85.23356939854511,302.97797541531526,0.0503892903715091,2.0247409028163617,0,-0.3167384714771373,0,1,0
442.210600077532,356.9770306789869,0.0511958922866572,6.743732352938281,0,-6.521120894666874,0,1,0
292.09202818011084,150.1185718974212,0.0553784883815212,7.221397351159098,0,-2.3654602072904183,0,1,0
120.73933758433768,171.35269059577317,0.0432006073579561,-52.2805953962407,1,7.941068655225614,1,1,1
97.63698378137464,23.10235380296304,0.0418379370179418,4.187814766681708,0,-8.072415281942861,0,1,0
214.63082389765745,116.99384011628278,0.0340333573332733,13.584656456870643,0,-5.44255012793762,0,1,0
131.2267216919651,83.40410220569231,0.0240386908846684,14.198127940123968,0,15.388961540416432,1,1,1
158.63682485326694,27.410103161301837,0.024125399787084,-13.350954186975152,1,-9.2329282109118,0,1,1
149.66586909937604,8.970955753890905,0.0195242524009924,-7.778341469688428,0,-5.291885721964422,0,0,0
88.12805715319406,61.537811946181975,0.0210148044020077,56.89532634556602,0,10.277457238537629,1,1,1
52.47899719207309,35.649059961120976,0.0196286485865039,-71.39433392471172,1,4.865928702827116,0,1,1
162.624367769573,110.14537057749992,0.0194015418623076,72.48781090711097,0,-0.5761545365695646,0,1,0
204.664085441236,42.039717671663,0.019495846583791,-2.51646849573811,0,-6.130374005543125,0,1,0
108.91011611447418,95.75396932676183,0.0195238368239389,-17.876845164774053,1,-9.32751407416752,0,1,1
162.10758898039535,53.19747286592117,0.0205552445337403,-52.09977343817544,1,12.170639296828265,1,1,1
124.18191660849703,37.9256723718983,0.0295242107024013,15.42567837225502,0,-1.7554876341025416,0,1,0
159.5245124182482,35.34259580975116,0.0303830196272815,60.29960496740994,0,-7.9736072242869565,0,1,0
160.66479830529246,1.1402858870442572,0.0317718930817129,-5.852020687070436,0,13.8078383476464,1,0,1
348.1907657573321,187.5259674520396,0.0344166046100473,4.689727672310838,0,-16.27745038171639,0,1,0
153.18599065166038,195.0047751056717,0.0407151829520991,2.524095906633562,0,5.727410426380745,1,1,1
375.1891035284007,222.00311287674035,0.0418355161736803,-74.57885548231965,1,-5.570104108562301,0,1,1
195.70884546595656,179.48025806244414,0.0489950743440256,40.55800561446759,0,16.34823607003392,1,1,1
338.2141355302911,142.50529006433453,0.0480133951800982,21.062005979558847,0,-17.531214550377612,0,1,0
94.78430912728976,243.42982640300136,0.0416641756187814,-41.15429163486969,1,7.807612954289761,1,1,1
324.4326287981925,229.6483196709028,0.0408387670043023,9.267980517537351,0,8.720278196995359,1,1,1
296.2376011137044,28.1950276844882,0.0467130049418604,-12.145605887849648,1,-12.207926951430064,0,1,1
156.81950906333066,139.41809205037367,0.0611652481717948,-19.653321028486808,1,-2.92740137080859,0,1,1
184.7447776621649,27.925268598834208,0.0466060562240551,2.7712965257831605,0,0.4398412203981667,0,1,0
132.36484712514806,52.3799305370168,0.0459500393452483,-4.101725819697823,0,5.558615252568917,1,1,1
64.45362576170182,67.91122136344624,0.0504065451565312,40.46421434485205,0,0.4729353016592714,0,1,0
152.27670790553358,87.82308214383177,0.0413496212268008,7.294290742553599,0,5.789901561329666,1,1,1
302.6091939746379,150.3324860691043,0.0335850644604406,-24.857712056883077,1,-9.60296546589516,0,1,1
43.67168813540308,258.9375058392348,0.0416413354695039,41.47574837079749,0,9.278220310592788,1,1,1
75.33291990060245,31.661231765199368,0.035629618035839,4.94918513272529,0,5.942725989161845,1,1,1
91.75750082162185,16.424580921019384,0.033161262881765,-59.86120368533767,1,-2.69450212242564,0,1,1
158.2971917218284,66.53969090020657,0.0355659090661387,-7.025907399389215,0,-4.573530644670235,0,1,0
55.9099393967557,102.3872523250727,0.0339443958532381,21.396492022937373,0,6.0867632071064754,1,1,1
133.18218070594557,77.27224130918987,0.0311635887692492,31.488553553411407,0,1.0239334280807988,0,1,0
185.89167328167864,52.709492575733066,0.0379604391618429,-16.44509129082698,1,-8.41670562192071,0,1,1
124.71311624382784,61.17855703785081,0.0454347453887574,-1.546711516899073,0,-5.932875312690795,0,1,0
25.613575142152,99.09954110167584,0.0441590756124383,-26.854367911983125,1,12.827062677430153,1,1,1
226.6748309918912,201.06125584973915,0.0427220158269458,15.923497599075304,0,-1.4157696802090811,0,1,0
395.1769579189933,168.50212692710215,0.0358235953984712,48.59497119162582,0,-15.191670281674645,0,1,0
312.73704487018244,82.43991304881087,0.0262420135289248,-49.46646554521467,1,17.035268805566954,1,1,1
201.51152101011604,111.2255238600664,0.0290447617694432,20.069757882525742,0,-11.403097291540703,0,1,0
395.08007466748,193.568553657364,0.0331079258550686,-42.64668107745313,1,-0.8826785671939827,0,1,1
207.37386465565012,187.70621001182985,0.0352142532421587,0.4404287020563409,0,0.4236689663727571,0,1,0
196.53958313082427,10.834281524825885,0.0368105274432171,28.831978770018136,0,-0.4650208438442487,0,1,0
196.18411099421883,0.3554721366054423,0.041567578462981,14.38866911774658,0,3.920137290785389,0,0,0
79.41930210328503,116.7648088909338,0.0408049038339314,-18.541705050721163,1,1.2749708452063668,0,1,1
240.11170912351145,160.69240702022643,0.0354502380455056,-15.466197395236833,1,-3.082765686941073,0,1,1
147.58909891274868,92.52261021076276,0.0376384786433078,44.55549914284582,0,-0.2611296044791071,0,1,0
383.23864564782224,235.6495467350736,0.0244399075096618,-47.67307985873956,1,6.494696748500571,1,1,1
349.6103283156164,33.628317332205825,0.0206242855398655,42.23783422031234,0,-14.68572512695218,0,1,0
179.6730981281424,169.93723018747403,0.0238398592528032,23.097419487311623,0,18.877178465527475,1,1,1
415.55353182115175,235.88043369300937,0.0130437395768262,-38.89581039413966,1,-4.649056108362011,0,1,1
219.5106973001907,196.04283452096104,0.0126384615514929,-21.608254379031397,1,-0.1436225510555768,0,1,1
145.95920786736195,73.55148943282876,0.0142963729493979,51.32384957934245,0,-5.705783247496648,0,1,0
271.49998584799977,125.5407779806378,0.0174136613538116,-26.9204481236846,1,10.87646910859394,1,1,1
419.8407927468909,148.34080689889117,0.0165138480409936,33.4196654687595,0,-19.309271799149364,0,1,0
129.47347281141782,290.3673199354731,0.0256444405108525,-16.21087518353717,1,1.5231635687042775,0,1,1
24.36493399298487,105.10853881843296,0.043543458754382,-23.198117561086583,1,14.551657860517416,1,1,1
36.15153770854359,11.786603715558725,0.037640403822172,14.941974015825076,0,-1.307268440143579,0,1,0
326.1493129221295,289.99777521358595,0.0406080888338941,-35.79358887362101,1,-9.346907699407014,0,1,1
432.0247143146704,105.87540139254082,0.0413564886095632,17.381278928941768,0,6.4680876792863256,1,1,1
221.17370392298872,210.85101039168163,0.0379433292526038,16.531269352131083,0,-1.2541405788784683,0,1,0
298.4535070381112,77.27980311512246,0.0343833158087412,-0.3063538719296588,0,-0.0987621406233927,0,1,0
214.63830370850465,83.81520332960653,0.0360585797789197,-0.2261186759558597,0,1.368931204662335,0,1,0
56.27520893635345,158.3630947721512,0.0292778693256742,12.505656782202209,0,7.963479852519647,1,1,1
249.9976559951292,193.7224470587757,0.0272890780000365,-51.030615335099874,1,-0.1278070762965839,0,1,1
220.28407311782271,29.713582877306493,0.0213241598355402,-2.5597037477386024,0,-0.1132649792579769,0,1,0
149.86502235462132,70.4190507632014,0.0150323919108219,5.949090557570592,0,-8.65994606575852,0,1,0
82.87540886886195,66.98961348575936,0.0160039382841834,51.54988722219813,0,-4.611809960894044,0,1,0
123.26148316009169,40.38607429122972,0.0187333515344673,-58.20324508037404,1,4.8403229106695616,0,1,1
140.9622366371116,17.70075347701993,0.0201735892587554,12.83053853230944,0,1.2515690982178906,0,1,0
96.42656706545333,44.53566957165828,0.0225909520235247,2.3632421667696377,0,-6.225008492212134,0,1,0
152.89108628130782,56.464519215854494,0.0210293311516748,31.398049347046083,0,6.426756924652762,1,1,1
268.1322660350206,115.2411797537128,0.0219841995980532,-19.64976769447753,1,-0.2156328285874842,0,1,1
33.343484311508824,234.7887817235118,0.0196362146350265,-16.21090422082439,1,5.62954277584527,1,1,1
156.87324070598584,123.529756394477,0.0288767487223682,20.04361858814121,0,-13.317355489724466,0,1,0
111.46848882363028,45.40475188235556,0.0362244497587232,18.873031988100777,0,9.200123758960595,1,1,1
334.6098436194212,223.14135479579087,0.04426172674954,8.048041150412644,0,-4.936969053986012,0,1,0
512.1988021032889,177.58895848386777,0.0490030004147866,-52.9734946138158,1,-6.416913968113822,0,1,1
263.63594699296203,248.5628551103269,0.0444487543258384,47.26659288227162,0,3.725339972498687,0,1,0
311.14067998853955,47.50473299557751,0.0419222201943425,-56.81543520823834,1,-5.178112777326969,0,1,1
152.48585414926146,158.6548258392781,0.0302218628223062,57.584080771565226,0,5.241115948106072,1,1,1
110.17115360087172,42.31470054838972,0.0344954611569551,-5.06558420677635,0,-5.006383691516991,0,1,0
265.655781620617,155.4846280197453,0.0431473636163707,-15.386982944137678,1,17.128628172426303,1,1,1
30.939367806698225,234.7164138139188,0.0354655501284944,-26.54346391036976,1,-16.473981984361224,0,1,1
234.025969432995,203.0866016262968,0.0312128419419412,50.21405793888272,0,14.311908075676946,1,1,1
234.45404415744432,0.428074724449317,0.0347196870150384,-55.42367320958959,1,1.7757009981185767,0,0,1
301.6985505763311,67.2445064188868,0.0496502651708298,65.905242000029,0,-8.76911704749361,0,1,0
129.39229536265668,172.30625521367443,0.0527103317170468,-9.768659743293895,0,-8.274886839865617,0,1,0
144.8403848267544,15.448089464097706,0.0449944589932337,-2.5997497932640243,0,10.837189348484344,1,1,1
174.3703443823015,29.529959555547123,0.0388378343006484,1.0744596525947685,0,-7.220345993386406,0,1,0
63.89264114441949,110.47770323788204,0.0326602909602603,-54.94568007959808,1,-1.1621996016897571,0,1,1
313.6489462401199,249.75630509570044,0.0355708714060388,73.79006761772695,0,7.802109723574484,1,1,1
275.3631533833831,38.285792856736805,0.0316462241459832,-10.507957161495083,1,-4.207629900256764,0,1,1
157.06965502084506,118.29349836253806,0.024668623629873,-28.053295141231565,1,7.479923640172704,1,1,1
243.7349505019741,86.66529548112908,0.0254768933774716,16.917350417924546,0,-2.782550430354332,0,1,0
105.1608785599546,138.57407194201954,0.0298084593421099,1.5885480646346082,0,4.7618043678525925,0,1,0
158.8378248694702,53.676946309515614,0.0272988232438898,7.242249816372194,0,-15.419108201027528,0,1,0
64.33807341598052,94.4997514534897,0.0301626002032627,-45.952896076577446,1,3.530663621102896,0,1,1
227.5366647582692,163.1985913422887,0.0250065675581467,9.33429130354024,0,6.641412786012887,1,1,1
20.71459091442109,206.8220738438481,0.0281273591514676,34.21060619329687,0,6.268770968393149,1,1,1
85.23483954132679,64.5202486269057,0.0261568330992295,-2.4561133487281097,0,-1.3399311926449542,0,1,0
72.89811822352573,12.336721317801064,0.0271504082178458,-19.70948495631675,1,-2.6780066775517817,0,1,1
127.4101402800066,54.51202205648086,0.0289215219855701,-10.112798286214606,1,-2.109186071221336,0,1,1
210.79916966466,83.38902938465343,0.0283013881821888,45.778978092968345,0,1.1477440325577,0,1,0
150.93171293770357,59.86745672695645,0.0252391487040937,-44.27369442033101,1,-8.35702969773211,0,1,1
123.39627404792864,27.535438889774923,0.0228227856737387,27.91714631500605,0,7.631708708067323,1,1,1
225.1823945062112,101.78612045828255,0.0231664139118455,-28.10746837909533,1,-2.028631964814041,0,1,1
142.69066152365247,82.49173298255874,0.0239976893292012,-8.224496092606536,0,-2.1865421648386425,0,1,0
216.6360603774846,73.94539885383213,0.0238397956994918,26.492847173806798,0,10.065920721049215,1,1,1
398.6134560714536,181.97739569396904,0.028159610128642,13.329529731844788,0,-1.1662958468390665,0,1,0
253.26352693391303,145.34992913754058,0.0248454424227658,13.900930614862943,0,-15.053601299915249,0,1,0
148.10580297452,105.15772395939304,0.0244909280399133,-66.59787327045107,1,18.179875636499865,1,1,1
258.66837933675976,110.56257636223977,0.0245208926152138,58.1768303052572,0,-15.114904772074294,0,1,0
138.51347027014646,120.1549090666133,0.0313022826699047,-28.157802984185157,1,-0.292896312613875,0,1,1
113.07504367004049,25.438426600105984,0.0277746654549855,-33.31195645180263,1,14.569537179496422,1,1,1
230.09605015427084,117.02100648423036,0.0332124936941801,54.93089131834057,0,-9.98027636696111,0,1,0
455.0297255272455,224.93367537297465,0.0318680402540298,-37.02673568685245,1,7.211245512500717,1,1,1
355.35619650994386,99.67352901730165,0.0349619774241624,42.936430725395525,0,-10.343248491395608,0,1,0
12.398993733312274,342.9572027766316,0.0291372519990962,-56.835834767984,1,11.69937674063746,1,1,1
188.16684957626111,175.76785584294885,0.0209633171752316,44.263184940325246,0,-0.81732701368691,0,1,0
298.47467844376024,110.30782886749913,0.0198978719978601,-32.82363392487023,1,-6.256521875096613,0,1,1
197.83839337049736,100.63628507326288,0.0204214914467877,-3.475801996628803,0,3.711545764722489,0,1,0
417.4353070779729,219.59691370747552,0.021071276154047,-16.56708576271792,1,5.179444023113375,1,1,1
151.20542350611123,266.22988357186165,0.021094954842353,34.531881109512284,0,-10.239654421619022,0,1,0
144.31867002665868,6.886753479452551,0.0218767617486108,-7.232500544058205,0,0.8431886948561509,0,0,0
78.16003905285861,66.15863097380007,0.0229241805028435,-26.38496506194176,1,4.571977550070912,0,1,1
115.529524531899,37.36948547904041,0.0221683491323011,13.19615146487093,0,-6.727543830348084,0,1,0
206.6615498909048,91.1320253590058,0.0314784592642407,20.850367733996265,0,11.496063280486103,1,1,1
132.82472640722332,73.83682348368148,0.032936534843954,25.679964571000767,0,-18.415879095886087,0,1,0
390.09903413045896,257.27430772323567,0.0333519703079362,9.694118349073705,0,7.25884251809247,1,1,1
140.9614365978431,249.13759753261587,0.0355609022013068,-33.129256846461395,1,6.20946342498252,1,1,1
266.4351408296305,125.4737042317874,0.034783024432291,-8.962034797788384,0,-5.689408824371956,0,1,0
294.5583074129486,28.123166583318092,0.0373009871302903,44.11581505402757,0,-3.4026403303575226,0,1,0
269.25363210136703,25.304675311581548,0.0359311637585565,0.6486374749394201,0,3.084110965081992,0,1,0
319.82401978004447,50.57038767867744,0.0359149702885293,-61.79600442077954,1,9.36125280093824,1,1,1
221.3626665521784,98.46135322786608,0.0439862712140614,27.283437243858277,0,-6.6901909012786405,0,1,0
91.67399235734496,129.68867419483342,0.061433998639621,23.15638208493557,0,-4.237941194248693,0,1,0
197.19701354579945,105.52302118845448,0.0622407229087932,0.1079132779945695,0,6.728255826958021,1,1,1
175.12470031716558,22.072313228633877,0.0564170158190053,-10.982430441469475,1,-1.193558465043596,0,1,1
299.05803161941367,123.93333130224808,0.0542539816228106,-17.080775966542774,1,-1.0279649106171256,0,1,1
475.84678420991895,176.78875259050528,0.0538956453224077,-5.424993831823457,0,-3.3857908929603404,0,1,0
415.1371130995721,60.70967111034685,0.0647156711069864,32.22045404657959,0,-6.379139262480638,0,1,0
121.8032521241716,293.3338609754005,0.0659501838222523,-46.455119495866654,1,10.97062374982885,1,1,1
189.04418655297687,67.24093442880528,0.0590260929365155,16.216537033578113,0,-4.018854634031886,0,1,0
322.2465620958708,133.20237554289386,0.0470595055355899,11.074784739399242,0,0.1795064968603377,0,1,0
30.96909799461938,291.2774641012513,0.0485255404695046,21.193537772200784,0,-3.8936730724809774,0,1,0
112.18927463519768,81.22017664057832,0.0492012319120187,-36.634703516103855,1,0.3067913156755191,0,1,1
238.33452841305308,126.1452537778554,0.0446085695479068,13.984450997857998,0,10.76082609649488,1,1,1
244.52909682929013,6.194568416237075,0.0397180372315324,-21.55935412268626,1,-6.16193019604696,0,0,1
461.1873614209105,216.6582645916204,0.0401848084484491,44.61990706664711,0,-7.401337724569822,0,1,0
440.0307524667335,21.156608954177045,0.0347090855943151,-4.109715052822224,0,-1.2689388862856,0,1,0
166.00183612909433,274.02891633763915,0.0320050823554158,2.76456148149272,0,3.5772900477095044,0,1,0
231.18596371386903,65.1841275847747,0.0361818894986425,-61.00975770579305,1,5.25452637017527,1,1,1
157.98818100769046,73.19778270617857,0.0318628684480378,34.35374797267783,0,2.5961661577482964,0,1,0
144.6891207335483,13.299060274142164,0.0319942170244431,-28.08442518116383,1,-9.4714264589623,0,1,1
198.85375643224563,54.16463569869734,0.0305698127758121,43.03340979312209,0,5.803605513662634,1,1,1
180.7701070464,18.083649385845632,0.0308210649924804,-28.98956102171312,1,-7.226137272749648,0,1,1
127.91640866634864,52.85369838005136,0.0268854449640368,37.0548243173593,0,-0.6965258949999553,0,1,0
106.83010934246072,21.086299323887918,0.0251463279573214,-56.75274625412898,1,16.512441025638555,1,1,1
102.34155264803772,4.488556694422996,0.0265815179171121,35.84749197494419,0,-4.100274393348922,0,0,0
28.05152001636997,74.29003263166776,0.0248164362281436,-31.167631747195188,1,2.4551913156917298,0,1,1
169.2813606119655,141.22984059559553,0.0250245695835366,34.738715498708466,0,-11.984327180204172,0,1,0
298.6643624797877,129.3830018678222,0.0267453167023023,3.956189923918288,0,2.8056051361734795,0,1,0
141.4969851358869,157.16737734390082,0.0288361261044598,-11.616636166400092,1,2.4326723998404534,0,1,1
88.8737618812839,52.62322325460299,0.0288043323683281,-14.599752549790544,1,4.284860831229459,0,1,1
242.8277915442544,153.95402966297053,0.0291607066809739,-19.785500624559376,1,-2.463811540222581,0,1,1
229.87054615487756,12.95724538937688,0.0279893245346026,50.382901392983456,0,0.332269602778581,0,1,0
172.8963308055066,56.97421534937092,0.0341155279604296,16.666221611033137,0,-7.890287982437096,0,1,0
84.11334549817113,88.78298530733548,0.0305780857722456,-10.943530088929265,1,6.356883343785942,1,1,1
119.09287152536253,34.97952602719138,0.0383255241179738,12.749619301999855,0,6.98022544191176,1,1,1
100.69317814003765,18.39969338532488,0.0341639396808019,2.9186313492475198,0,-6.286748713589942,0,1,0
73.7804364354486,26.912741704589024,0.0345869609863171,-38.39635503849642,1,-6.194380867720447,0,1,1
66.95873793768227,6.821698497766334,0.0380535876665692,19.87559208004562,0,4.273107615362372,0,0,0
42.19767340772115,24.761064529961125,0.0311773874319992,-24.049009367256296,1,6.828228903026215,1,1,1
67.29509407039544,25.09742066267429,0.0300480880414473,41.77311686727072,0,-12.396324307197142,0,1,0
131.06210913609613,63.76701506570069,0.0295857063264581,-28.525588126211943,1,8.909419309958473,1,1,1
157.40178009132993,26.3396709552338,0.030988382958367,15.15817202482488,0,7.697026663933846,1,1,1
130.34612331065722,27.055656780672702,0.0270422963855487,-59.03454231799864,1,-11.700256169266986,0,1,1
127.90355118904723,2.4425721216099845,0.0184175530936103,44.88247971433015,0,-6.733213332492596,0,0,0
261.4627819829823,133.55923079393506,0.0195272476074035,13.315349913414195,0,11.7892552170926,1,1,1
254.65483491892363,6.807947064058652,0.015760563238215,-38.79879395069136,1,-11.720009773613684,0,0,1
346.9842260685779,92.3293911496543,0.023287442443766,-19.41057651594894,1,2.890042980376604,0,1,1
77.83215365310882,269.1520724154691,0.025002398483681,58.34070370381432,0,-2.8641677641038843,0,1,0
105.49905864027134,27.666904987162525,0.0306082682025403,-32.44375563471433,1,2.4450667336541114,0,1,1
99.6905122078617,5.808546432409642,0.0459517006919591,7.256302994328742,0,13.68563209074894,1,0,1
110.89196433494972,11.201452127088032,0.0382362697349147,10.661024509424776,0,-2.4016179937401088,0,1,0
23.660949000378004,87.23101533457174,0.0368549577599593,-36.14409984626949,1,-7.859973577539399,0,1,1
351.7141598749577,328.0532108745797,0.0394084645496651,-0.5358799982113993,0,11.105703654775558,1,1,1
203.7491104544072,147.9650494205505,0.037825841462023,68.58622268134116,0,-4.639112116260277,0,1,0
233.78554725382537,30.03643679941817,0.0321607695266229,-49.75871543957147,1,-4.348712400950904,0,1,1
165.452718411236,68.33282884258938,0.0260784983035977,-6.669732824992877,0,-7.588274289064012,0,1,0
100.99167262656424,64.46104578467175,0.0224746031052352,-16.622938105072407,1,13.247769745515862,1,1,1
246.5394097383404,145.54773711177614,0.0293957432347759,10.095247811523343,0,-7.10390485940874,0,1,0
383.9798501344724,137.44044039613203,0.0266650714167992,20.55730946320918,0,-1.4539424258936728,0,1,0
117.60075736983325,266.37909276463915,0.0227436080361175,-7.105740983196462,0,-0.2911198172024027,0,1,0
161.86571151587032,44.26495414603707,0.0232141566066047,6.600673906663914,0,-5.611275748800164,0,1,0
170.7819878494627,8.916276333592378,0.0235652659780817,22.346237117401323,0,14.698719537146374,1,0,1
194.76613561943208,23.984147769969383,0.0219183825306056,-4.969617515925052,0,-11.946697315689352,0,1,0
93.28204161645426,101.4840940029778,0.0216812837220711,-11.890913969521542,1,7.5066900369395775,1,1,1
417.52406191984977,324.2420203033955,0.0216954364782995,25.73347420494905,0,-10.091268737200696,0,1,0
316.47523518635427,101.0488267334955,0.0348489250917285,3.4002444592942,0,12.236037718421716,1,1,1
278.4477383848192,38.02749680153505,0.0318747505120347,-21.32095014872756,1,-5.167818783610995,0,1,1
116.17209788641946,162.27564049839975,0.0264249122235676,-37.85933205542903,1,5.225102052409248,1,1,1
290.38462964299595,174.21253175657648,0.0244684467617793,23.088655038678414,0,-10.81705008698211,0,1,0
341.4205333344273,51.03590369143137,0.0358750846578717,18.26274150343524,0,3.528777979240232,0,1,0
211.12418833422615,130.29634500020114,0.0405979343724567,-45.728997534218685,1,-3.120541060104296,0,1,1
77.05233629400477,134.07185204022142,0.0470196150356009,-3.4355583044746503,0,10.71527969893476,1,1,1
130.3417698830412,53.28943358903642,0.0415868811167392,74.27423023450551,0,-10.750345640836793,0,1,0
111.50972943525416,18.832040447787023,0.0426118428630583,-17.461579894247947,1,10.17097431311496,1,1,1
107.71514282880572,3.794586606448448,0.0355919380111391,-46.1565465154052,1,-9.64823481101449,0,0,1
152.7677744823648,45.05263165355906,0.0364390130706749,23.3614912280931,0,16.173282692009163,1,1,1
70.73817809091405,82.02959639145074,0.0415161311552227,-20.125536143764077,1,-10.539478563570505,0,1,1
159.0374846232569,88.29930653234284,0.035359705901676,-14.66174937121443,1,-5.795811956573738,0,1,1
150.7223810499095,8.315103573347386,0.0347064076095721,30.51261827733496,0,-1.6955925835840624,0,0,0
117.88265800171916,32.839723048190336,0.0330308651579011,20.535328517333724,0,5.752242069109171,1,1,1
91.751856836274,26.130801165445178,0.0360565542791667,24.45952685085413,0,11.239277408611278,1,1,1
242.2667410250594,150.5148841887854,0.034112776939348,-14.743528243052763,1,-14.951425246843849,0,1,1
331.49226021530995,89.22551919025057,0.0356387676330218,-43.175721734619216,1,12.940338111943523,1,1,1
190.9554336907791,140.53682652453085,0.0263110479667838,8.485895214111856,0,-7.469204779883965,0,1,0
270.74671124512736,79.79127755434826,0.0236899083366267,14.749489970681708,0,7.711120443900997,1,1,1
427.6437789896744,156.89706774454703,0.0188890743692913,-26.34460776051697,1,1.4272699622015388,0,1,1
295.8916124502937,131.7521665393807,0.0209011848496382,51.33383269843264,0,2.470524175170734,0,1,0
292.9742851291512,2.9173273211424657,0.0188166119616882,-53.19847287776983,1,-18.59240161947472,0,0,1
288.20381565310095,4.770469476050266,0.0153611737202952,9.760650568370806,0,14.56207568184121,1,0,1
184.99931041730792,103.20450523579302,0.0180919853270853,23.010209678335755,0,-14.532247539549475,0,1,0
278.5848028085519,93.58549239124396,0.0171195627763467,-36.35013075695089,1,4.902076560615935,0,1,1
71.30701352919499,207.2777892793569,0.0171928606022563,40.11127279646293,0,6.62879085724364,1,1,1
176.98011730820213,105.67310377900714,0.0179304836317383,25.5688208609797,0,-3.9788763925864696,0,1,0
202.1118804077373,25.131763099535192,0.0241827213689947,-20.21514654387853,1,2.359368805137425,0,1,1
88.37008122119181,113.7417991865455,0.0252395814921527,9.699897703484282,0,8.01870491315636,1,1,1
96.384326476618,8.014245255426204,0.0259313964250931,-29.94321601451013,1,-2.950707254210545,0,0,1
139.9469462640749,43.562619787456896,0.0262025700852134,-5.85417133716286,0,-9.099744020704378,0,1,0
88.55794702089047,51.38899924318444,0.0287360546828571,-2.9371647287434897,0,4.725501552349758,0,1,0
251.2944995589098,162.73655253801934,0.0355631430084938,26.54899876211568,0,-11.029232135223912,0,1,0
187.19677426888848,64.09772529002132,0.0381260401123546,-11.354359672525092,1,8.088304182078424,1,1,1
98.61205673976428,88.58471752912419,0.0429518652608239,-3.6973008709204223,0,3.109965965046472,0,1,0
167.71851626881707,69.10645952905278,0.0427472605906456,-29.72586608789154,1,2.1264118789325828,0,1,1
17.26478432811238,150.4537319407047,0.0320735575727521,45.81016493994284,0,3.736003188803654,0,1,0
176.94243822528662,159.67765389717425,0.0402676699886602,4.160781167550283,0,-12.369181105057288,0,1,0
282.97695482973955,106.03451660445292,0.0397642927957149,-42.3347702434004,1,12.382243998902156,1,1,1
332.83064380529834,49.85368897555878,0.0506719379935489,45.08056657865369,0,-4.81303834814223,0,1,0
356.5745681253996,23.743924320101257,0.0427840189192803,9.575093402813536,0,-11.677455875696822,0,1,0
209.0082034192381,147.5663647061615,0.0480796956104571,-56.38162178744162,1,6.05374323302047,1,1,1
239.77766637147965,30.769462952241557,0.0409598264185828,22.193433050121392,0,1.9252446961407903,0,1,0
79.04865313774332,160.72901323373634,0.0365184196263883,33.93148011538636,0,-2.482157059564911,0,1,0
310.37088859700015,231.32223545925683,0.0359621564548342,-31.110971267695675,1,-4.730951912775955,0,1,1
253.66059918240492,56.7102894145952,0.0317977204099577,26.236453112037267,0,8.712897853325012,1,1,1
101.4008153652329,152.25978381717204,0.0267201326737653,-47.96006447485999,1,-8.396622663931439,0,1,1
189.86555125185137,88.46473588661847,0.0304561300327096,-12.145732674451343,1,15.665475536629389,1,1,1
23.97551330270767,165.8900379491437,0.0321731935222929,-0.3571514136628373,0,-0.9954829122928892,0,1,0
313.346954615962,289.3714413132543,0.0245654971734692,73.03116224689514,0,-7.800748042315302,0,1,0
115.64633601860612,197.70061859735583,0.0273030789196457,-64.61108510472141,1,-8.149340251854285,0,1,1
239.307093839892,123.66075782128588,0.0192107449232354,56.013870308559,0,9.689135271594456,1,1,1
204.48822775764728,34.81886608224471,0.020904157094273,-43.9330076228717,1,0.8006260255706206,0,1,1
369.5438967635319,165.05566900588457,0.022636706541688,-22.051203638138933,1,5.923721771179435,1,1,1
101.3844150103574,268.1594817531744,0.0232287382568476,16.07109856164698,0,-16.418105649728002,0,1,0
42.09867953239016,59.28573547796724,0.0265818136273625,21.161217631514265,0,12.491745115615831,1,1,1
92.28557143089762,50.18689189850746,0.0270173862677388,-31.897654083954905,1,-2.585997626169972,0,1,1
204.15817292744137,111.87260149654377,0.0261062760712225,65.23132201997075,0,-7.760607156535922,0,1,0
89.08602388504598,115.0721490423954,0.0313052363974281,-1.7822648686982774,0,-1.0608217199613734,0,1,0
167.1570996666014,78.07107578155542,0.0353209860693923,-60.0590054008733,1,11.444347657119843,1,1,1
177.3616521630824,10.204552496481,0.0459187941139344,47.0368718422273,0,-7.082599044495085,0,1,0
140.0470100764961,37.3146420865863,0.0430433255732615,-22.112004504772507,1,13.20237635473491,1,1,1
377.43286872016927,237.3858586436732,0.0435461730001054,41.71350352994039,0,-2.118730730594006,0,1,0
232.97833548153605,144.45453323863322,0.038811456154011,-74.137825522518,1,-6.56571372420359,0,1,1
20.506668015794308,212.47166746574172,0.0328491297698321,33.25042425720942,0,1.52028224874379,0,1,0
219.30253032564428,198.79586230985,0.0362535425003366,-14.844922505876674,1,-9.656900462100898,0,1,1
101.6189565508317,117.6835737748126,0.0337349100415313,35.272425428937275,0,14.702362760003997,1,1,1
92.42685802159008,9.19209852924162,0.0295324344658982,-49.21952990137513,1,-8.701418525871338,0,0,1
316.6082628202652,224.1814047986751,0.0357618475789047,41.357954362627375,0,1.2484045056337705,0,1,0
310.1369414593032,6.471321360961952,0.0258571399419518,25.59605297554025,0,7.035501729926558,1,0,1
201.72807449242396,108.40886696687927,0.0319694138388483,-39.53431381031261,1,-17.33757513276411,0,1,1
214.55483466503927,12.826760172615394,0.0313731699733685,0.0280184575616857,0,9.76192542389742,1,1,1
321.70759676683457,107.15276210179525,0.0347170621791891,3.3177323220600883,0,2.648401044973028,0,1,0
186.96702209618985,134.74057467064475,0.0318279637393167,-6.399527409217384,0,-9.349132967561925,0,1,0
297.001736517694,110.03471442150416,0.0308728508917146,2.541417446949403,0,-1.8201920204583288,0,1,0
373.7252478091082,76.72351129141424,0.0351742256539535,1.2610194038596134,0,9.33267466349475,1,1,1
240.39078028578348,133.33446752332475,0.0336849304202261,42.78617950594344,0,0.2518984165534181,0,1,0
98.58207694446862,141.80870334131487,0.0335566052718921,-70.5303923634537,1,-4.34557103105673,0,1,1
182.97227646406688,84.39019951959826,0.0349907226306268,13.510831561447688,0,11.039615421125468,1,1,1
85.66409453072414,97.30818193334274,0.0297290482069575,-5.962726543132668,0,-11.622933811027536,0,1,0
315.54635708639915,229.88226255567503,0.0300005275686192,26.67205356287259,0,4.307897763487179,0,1,0
9.9234828001261,305.62287428627303,0.0293097024864362,-43.31032520486133,1,-6.595288713405643,0,1,1
77.13459809556339,67.2111152954373,0.0329580190256654,73.46317619308323,0,-3.5110946700827683,0,1,0
186.34767953298976,109.21308143742635,0.0305378858155259,-31.19821897600356,1,8.297350964311663,1,1,1
211.9692191401756,25.62153960718581,0.0311992328962617,29.196504250880324,0,2.018410391365439,0,1,0
34.76306252978941,177.20615661038616,0.0320442600603135,-44.08895912697864,1,4.754629661197512,0,1,1
324.3199413802615,289.5568788504721,0.0349984689863982,-15.602823399475582,1,-6.318156640543595,0,1,1
232.93003285410543,91.38990852615608,0.0404852917393953,3.3890104199081392,0,-3.4007968908443846,0,1,0
202.087934766555,30.842098087550426,0.0398652035150201,22.275186694691044,0,6.5100898410403385,1,1,1
404.97438319727,202.886448430715,0.0383906754790627,-34.43707856688524,1,-4.461230013152195,0,1,1
149.15194363539072,255.8224395618793,0.0430040439118858,59.322816280580255,0,-2.9550089475344192,0,1,0
95.65109999852356,53.50084363686717,0.0434451932381857,0.7065982022328683,0,13.538465252350194,1,1,1
147.35000172847495,51.6989017299514,0.0396831299041165,-7.094524523307626,0,-7.47314386490954,0,1,0
143.12546995700123,4.224531771473721,0.0407877982652968,15.55078296807602,0,-6.7242704428778,0,0,0
283.13067947803256,140.00520952103133,0.0317049065870268,-27.74900445489668,1,9.408681265450102,1,1,1
155.01657895298675,128.1141005250458,0.0327131744342093,-5.612622475905681,0,2.6433255931776465,0,1,0
203.0814843131716,48.06490536018484,0.0311521233759415,3.988502695979797,0,-0.8908771691092294,0,1,0
162.60250687372982,40.47897743944176,0.0385169563356173,-27.777767332064805,1,-3.179926888742584,0,1,1
178.83554875500394,16.23304188127412,0.0440016758403283,26.42700723359481,0,-1.5983155341915545,0,1,0
108.9630831914104,69.87246556359355,0.0549456020676962,2.3572606585656075,0,5.154040974656668,1,1,1
209.52950442332013,100.56642123190974,0.0366427690425677,17.826626710388688,0,-1.384029579033788,0,1,0
385.10014227840907,175.57063785508893,0.0366702018707378,-33.33363177853788,1,-2.732901717455686,0,1,1
294.29472298646823,90.80541929194084,0.0391865729073488,-20.455389616521348,1,1.724868930360218,0,1,1
384.9224848106062,90.62776182413796,0.0372440063031351,40.41883353650292,0,-9.781894405768648,0,1,0
186.60591151606604,198.31657329454012,0.0364215884734657,15.23966256488596,0,-2.973846125214,0,1,0
362.3941627549061,175.78825123884008,0.0422771221545657,14.528114173566324,0,18.224051291022818,1,1,1
330.83063321732,31.56352953758613,0.0407142792347589,-70.34441186799884,1,0.0829718486713524,0,1,1
373.22883137546654,42.39819815814656,0.0437022944228922,52.487726316390585,0,-2.9462782842403694,0,1,0
246.2574387211536,126.97139265431292,0.045750395281986,-12.040886550176223,1,-8.313331569502687,0,1,1
278.52031207239827,32.26287335124465,0.0385824628075697,-46.44023051390452,1,-4.431070124116692,0,1,1
358.7747522505264,80.2544401781281,0.0374922422924975,56.23235383712738,0,4.13162849515316,0,1,0
449.3258542852341,90.5511020347077,0.0347363770825466,-55.36322807480195,1,7.378026913988867,1,1,1
36.87279997064182,412.4530543145922,0.0335021947546976,60.72439246814362,0,-7.820670031726649,0,1,0
100.97818756266308,64.10538759202126,0.0318849235121501,-5.114717397166828,0,9.214259558059805,1,1,1
362.7855663544049,261.8073787917418,0.0318751461891978,-2.6721681958059804,0,-2.4579927712624112,0,1,0
100.50031719989312,262.2852491545118,0.0306395714019169,-45.43391365170852,1,-0.8606738579478357,0,1,1
132.88528028965882,32.384963089765705,0.0318927193252418,63.92294304472541,0,6.005144700908117,1,1,1
177.35880467264838,44.47352438298955,0.0277356437403981,-1.6095895550433283,0,-0.7364111294230575,0,1,0
57.57748375995816,119.78132091269022,0.0219365268018849,0.1078321826542634,0,-3.635016466491905,0,1,0
173.009302209825,115.43181844986684,0.0239820953187916,-43.19188806847167,1,-10.248358670230086,0,1,1
118.43827133633091,54.57103087349407,0.0214994462739919,10.544846174157442,0,14.793533827400784,1,1,1
224.6565627358074,106.21829139947648,0.0211835581098186,-30.18221040089957,1,-14.236035463083788,0,1,1
129.54025285999597,95.11630987581142,0.0157475614974374,-5.103998298079816,0,2.909214074950901,0,1,0
143.78735381156935,14.247100951573373,0.0162654470280475,0.6145689434414479,0,9.083960401085644,1,1,1
283.74776550108385,139.9604116895145,0.0174705818733367,40.79937122438007,0,-12.362481351937728,0,1,0
28.19446758362353,255.55329791746036,0.0222502857455563,-19.78931646262899,1,8.598922646966836,1,1,1
54.701511994360445,26.50704441073691,0.0343203027581252,20.65219706070241,0,-3.6153371957764495,0,1,0
18.48709237607063,36.21441961828981,0.0350449332620181,1.0486988167002096,0,3.323938572030306,0,1,0
107.2361474781419,88.74905510207127,0.0459296394743771,25.15184148847571,0,6.680349241097067,1,1,1
106.211243558397,1.0249039197449008,0.0450786744281994,-1.982329839205633,0,-2.993729841712785,0,0,0
80.86670928784947,25.344534270547527,0.0459118794985569,-13.095981538755822,1,-10.250832856658988,0,1,1
174.11631011540163,93.24960082755216,0.0430166166755532,7.993590282422005,0,-4.770967385560317,0,1,0
69.19929324065347,104.91701687474816,0.0508485759377834,-65.2274974121528,1,18.1954013217968,1,1,1
81.3983067483479,12.199013507694431,0.0509102103340127,0.9900397459506252,0,-7.637438128306439,0,1,0
148.42557439151338,67.02726764316547,0.0415160460772079,35.4441740547275,0,-8.241345741099487,0,1,0
115.25761707267748,33.16795731883589,0.0419934508737636,15.608511944203642,0,9.08007071131983,1,1,1
94.86854727373176,20.389069798945727,0.0433543830780767,11.231239636388551,0,-11.697844395403942,0,1,0
205.80352466837908,110.93497739464732,0.0376617548183733,-27.745378142145903,1,2.90611085855484,0,1,1
232.93365967507503,27.13013500669598,0.0570876335755643,39.43202711049173,0,8.902168445162541,1,1,1
182.27595890759372,50.65770076748132,0.0570413852293193,-10.014564611689709,1,-4.603062146061577,0,1,1
317.000346755625,134.72438784803126,0.0543632449233873,-56.97837057856688,1,-1.5477117184319198,0,1,1
199.45646797656772,117.54387877905724,0.0380983839560394,26.99381610834732,0,6.608058454889564,1,1,1
173.91299113709775,25.543476839470003,0.0446217715164646,44.37599156214243,0,4.21817733762186,0,1,0
250.94083282690508,77.02784168980733,0.0410001943047076,-46.79491045720103,1,-3.756248350345654,0,1,1
182.17250694115864,68.76832588574646,0.0400029199443375,-1.893764013375261,0,-4.303013173384032,0,1,0
113.54758782580438,68.62491911535423,0.0394326399611057,-7.375154942969139,0,3.9084678094366714,0,1,0
191.45545880019807,77.90787097439369,0.0395333803791175,15.39269160458612,0,0.735767693255907,0,1,0
96.5466024567148,94.90885634348328,0.0336064455723817,19.469448964682307,0,1.5879680898157051,0,1,0
165.169059668323,68.62245721160821,0.0291978070893364,-54.59081596732538,1,-9.360044730853048,0,1,1
196.6121855849057,31.443125916582687,0.0307707319873031,63.05965638982099,0,-3.8522936884221193,0,1,0
113.8398196221438,82.77236596276188,0.0299260439516665,6.548959191566596,0,11.348927218882752,1,1,1
260.0464196607465,146.2066000386027,0.030402744026133,-10.918964236499988,1,-11.215905704268202,0,1,1
250.24521588198095,9.801203778765512,0.0252586168204741,10.76338575290643,0,6.8185969423148345,1,0,1
161.91172537233422,88.33349050964677,0.0300794262069329,-65.65843206754664,1,-4.626259781062624,0,1,1
86.6032091452358,75.30851622709842,0.0384118193179979,28.416251076047992,0,2.027388202514606,0,1,0
354.99150934138754,268.38830019615176,0.035802513846367,-30.325212780703342,1,2.7710712887625366,0,1,1
241.4669062917412,113.52460304964634,0.0387702159444737,61.26348022396942,0,8.51104050177801,1,1,1
246.29047380540828,4.823567513667086,0.0402049388497712,9.25686414319108,0,-4.315058684860501,0,0,0
68.3752916234102,177.9151821819981,0.0472164821250219,-52.38364403555176,1,-10.17574007737528,0,1,1
147.64536645911798,79.27007483570777,0.0392802544617445,19.01147480923917,0,14.156214746535422,1,1,1
199.49960337294252,51.854236913824565,0.0336031743202466,-19.01753252634548,1,-7.578088542012505,0,1,1
200.12550127252916,0.6258978995865903,0.0462273964064521,6.495762105740859,0,-5.9257803775342754,0,0,0
246.7500869196704,46.62458564714126,0.0437536992765745,7.814808694176563,0,6.463683680946684,1,1,1
196.20766373695915,50.54242318271125,0.042902902400817,25.13958944318845,0,-6.730249940834391,0,1,0
217.91813394091625,21.7104702039571,0.048753260686758,-51.50440063182408,1,3.5279885844594583,0,1,1
206.14091257137127,11.777221369544977,0.0526482396536088,0.8045455053528165,0,8.763975024084479,1,1,1
211.63412610464744,5.49321353327619,0.0558163599837748,3.58462102985839,0,-2.938166207568744,0,0,0
188.13606958065623,23.49805652399121,0.0311939212502877,-11.896792274716203,1,-3.6134719326631535,0,1,1
118.27859639636436,69.8574731842919,0.0331162514771158,47.22502075993354,0,-5.030052101284445,0,1,0
259.63432201758894,141.3557256212246,0.02065938422506,-36.288050817293424,1,1.114601405720128,0,1,1
226.0898740838805,33.544447933708454,0.0135284911913568,19.813896233720577,0,13.92133995709248,1,1,1
366.898796318652,140.8089222347715,0.0236276814156364,19.84418744089887,0,-12.705992928862855,0,1,0
228.4304203645625,138.46837595408948,0.0197548624028566,-18.93149433459218,1,5.463815752941814,1,1,1
305.8071465430345,77.37672617847198,0.0199434818873775,36.56563530232477,0,-2.3275872609327948,0,1,0
176.5509020361099,129.2562445069246,0.020152592983777,-10.947915518804493,1,-9.532881999674306,0,1,1
247.36831333484832,70.81741129873842,0.0199145008936296,-39.691677250249725,1,18.431414155634567,1,1,1
63.043124842849,184.3251884919993,0.0155035818944574,-11.408986327700608,1,-17.134910670146617,0,1,1
322.2001407981588,259.1570159553098,0.017137313996133,61.122235345300425,0,11.41556964386921,1,1,1
258.31887194240534,63.88126885575349,0.0230008160609482,-39.80241051148349,1,3.04633023999768,0,1,1
215.32894927780097,42.98992266460437,0.0297640078957185,-1.1516671688510982,0,-1.2457912644681617,0,1,0
141.18554807182602,74.14340120597495,0.0306353314025977,34.19937990137723,0,1.210312493789834,0,1,0
60.078962801248274,81.10658527057774,0.0220301573014574,-64.05194292397206,1,-1.3906059411306284,0,1,1
176.79832316873467,116.7193603674864,0.022928469096894,35.340599692889704,0,-5.882957070873271,0,1,0
106.2294829317616,70.56884023697306,0.0252826644718424,21.05662245759187,0,9.014048501682655,1,1,1
194.9938675893808,88.76438465761915,0.0297583890670813,10.749311807861917,0,0.3233299353380694,0,1,0
178.5273352544468,16.46653233493396,0.035255963335223,2.921791219645684,0,-9.509724218559947,0,1,0
47.17870080263274,131.34863445181406,0.0355513619609842,-33.56229480688173,1,0.9564294353556164,0,1,1
324.94347450398334,277.7647737013506,0.0372039395789602,30.562191051606952,0,0.0174009460640789,0,1,0
256.5528586587344,68.39061584524893,0.0317945447679924,-64.95566370451269,1,-4.134871552971879,0,1,1
211.35594651490865,45.19691214382576,0.0318001606173174,21.573103579126105,0,-3.279323899829221,0,1,0
58.98081703962382,152.37512947528484,0.0305220663306135,-23.594180231729112,1,2.9408579719273225,0,1,1
327.7878020780798,268.80698503845593,0.0286699212094731,12.402165667278105,0,11.642485711046287,1,1,1
150.6029614511742,177.18484062690558,0.0281812231643063,44.73647185316595,0,-6.0209516117910375,0,1,0
227.2857041801133,76.6827427289391,0.0296129607532187,-57.624568958534894,1,6.142838417007042,1,1,1
177.69987436868206,49.58582981143124,0.021764003557093,41.49050683964474,0,-2.100724224597629,0,1,0
248.9936002910904,71.2937259224083,0.0217586555902188,-8.72554752120476,0,-7.930948457860964,0,1,0
69.3236564739066,179.66994381718376,0.0227180028857348,-23.289228830456445,1,-3.266040283079497,0,1,1
140.35000412828774,71.02634765438114,0.0205391332281445,45.021079458899045,0,7.638146237364474,1,1,1
84.04180808140521,56.30819604688253,0.0216779123190569,0.5991664770695309,0,7.372737866315592,1,1,1
65.52527202689562,18.516536054509587,0.015493624345333,2.6579741323932358,0,-1.9288299770686024,0,1,0
59.73512470691517,5.7901473199804485,0.0143785558613483,3.116720699222526,0,-1.5115942835432126,0,0,0
234.74735895707303,175.01223425015786,0.0208382513039368,-36.0252506648555,1,0.0067717838800316,0,1,1
153.719564794879,81.02779416219403,0.0206717344446224,54.33098976262399,0,-4.728415727798904,0,1,0
25.85537359264255,127.86419120223646,0.0350645517460654,-73.69404395053333,1,-7.164538532818774,0,1,1
182.4583803814417,156.60300678879918,0.0370216512766124,45.97933024417446,0,2.3203638342149224,0,1,0
400.6120234862941,218.1536431048524,0.0308293728699458,25.84637837584603,0,5.846965566246552,1,1,1
402.6756676750144,2.063644188720275,0.0275717937470828,-59.71717086321675,1,-5.230788276721066,0,0,1
158.05628933092288,244.6193783440915,0.0305670952062216,4.30515734994006,0,9.304266681595571,1,1,1
174.61953319588716,16.563243864964278,0.0285761360046222,23.828200792140294,0,-8.166999957724045,0,1,0
107.66776729676548,66.95176589912167,0.0257501854244398,16.422412685883913,0,-5.186405628969746,0,1,0
186.33136783936516,78.66360054259964,0.0273367655720048,-36.18484911904892,1,13.372957466821385,1,1,1
148.6866353884,37.64473245096514,0.0307322328903175,40.62625445950512,0,-1.6882833952074066,0,1,0
232.1094477243772,83.42281233597723,0.0443466451064702,-47.65851018438196,1,-8.899466596352038,0,1,1
179.7173039321669,52.39214379221031,0.0320214283878845,50.6658319198521,0,14.55916752502581,1,1,1
206.89603942712705,27.178735494960137,0.0324443962013722,-49.713084896523405,1,-11.5585141220185,0,1,1
269.9115512127417,63.01551178561465,0.0352092710237239,29.158562522880167,0,5.545422997978792,1,1,1
121.93590416066606,147.97564705207566,0.0389099773402576,-20.77151540252015,1,4.599755335207643,0,1,1
38.91789444172361,83.01800971894244,0.0360690981498346,-2.877208063008084,0,-15.0890370390143,0,1,0
92.55593603694062,53.63804159521701,0.038951992322664,2.57355656438434,0,14.460504047127673,1,1,1
208.56529081255223,116.0093547756116,0.0441123827300379,11.6164676039335,0,-3.5021785244341945,0,1,0
262.4698364237199,53.90454561116769,0.0456304015101867,27.667773772610325,0,-10.72700180986366,0,1,0
339.34716048911486,76.87732406539493,0.0411011375594901,-6.858428046637442,0,9.93898816211346,1,1,1
268.40269070132626,70.94446978778859,0.0388048417925008,-24.798187981587297,1,4.201268713668192,0,1,1
271.73242569195526,3.3297349906289924,0.0294471524422757,-13.37444775268228,1,-1.5112041952143151,0,0,1
162.53413187712655,109.1982938148287,0.0406328875277173,45.771255329593686,0,-0.7681687093662877,0,1,0
129.33519706725966,33.1989348098669,0.0422788429097199,1.2707224712959118,0,-11.985416483651118,0,1,0
96.21805709647516,33.11713997078449,0.0459841618189207,-33.32069689887277,1,0.5857592438496777,0,1,1
135.45694213972965,39.23888504325448,0.0447780408926187,19.373564613116955,0,7.141846889185544,1,1,1
118.92662304673816,16.53031909299149,0.051020253447799,-26.12658355081561,1,0.6485912333269113,0,1,1
312.6653258039258,193.73870275718764,0.0542621887632152,-17.61327067064411,1,7.269560939343375,1,1,1
304.18082554464155,8.484500259284232,0.0481995689541089,13.79081778587022,0,-9.498854579239593,0,0,0
500.924433860129,196.74360831548745,0.0498652364419635,28.84811325830423,0,-3.32357454790367,0,1,0
307.04323971920576,193.88119414092324,0.0459962241073565,6.986027597046345,0,-2.2345939206150085,0,1,0
80.15315377664699,226.8900859425588,0.0364801206407564,6.57965836247827,0,-2.732039107094233,0,1,0
155.0186617376858,74.8655079610388,0.0400022454393721,-66.71541543941143,1,0.2896523710984278,0,1,1
82.70132718270762,72.31733455497817,0.0316790057905711,37.49547433179851,0,10.110267038943643,1,1,1
247.02610821644157,164.32478103373393,0.0245080026688462,-16.99872151244739,1,-7.958099365904062,0,1,1
278.47424550704375,31.448137290602205,0.0289826611638436,32.80299229193323,0,13.507102746360438,1,1,1
251.82373928113975,26.650506225903968,0.0270661718650317,-35.09025428151093,1,-5.102905512188368,0,1,1
151.8051836674618,100.018555613678,0.0294528001820744,25.67590969736697,0,5.368294761216621,1,1,1
142.87254886622063,8.932634801241136,0.0313797656521363,11.654595663583038,0,-8.748494511854851,0,0,0
242.35530308224932,99.4827542160287,0.0315096830933692,4.648181374459739,0,3.36630325484467,0,1,0
251.39585452832785,9.040551446078496,0.030961012322547,-40.04773035111702,1,-1.4069738371863387,0,0,1
435.28068130729457,183.88482677896675,0.0327655086916913,-14.530891504595864,1,9.224968930418154,1,1,1
38.29608505946741,396.9845962478272,0.0277707217494388,10.470497683025002,0,-3.79713712840096,0,1,0
311.5056826411042,273.2095975816368,0.0234074481821925,30.433443700386974,0,-4.028396220961815,0,1,0
169.18828231377103,142.3174003273332,0.0241358393070907,-44.69457824862356,1,0.2237181422883889,0,1,1
253.3465207967092,84.15823848293815,0.0220399745280669,9.473019931292622,0,-7.155685533044321,0,1,0
38.44062786645465,214.9058929302545,0.0211820008513741,66.92902343009084,0,9.719024615247475,1,1,1
188.55154830500965,150.110920438555,0.0236728393719126,-49.05146328255033,1,4.9615983909840295,0,1,1
39.83030519190908,148.72124311310057,0.0150883398719568,9.135587019609815,0,-17.068031148449787,0,1,0
227.9979711537897,188.16766596188063,0.0257643150428878,-38.84152894126652,1,10.15659784845244,1,1,1
239.5848101455702,11.586838991780496,0.0350389001796227,46.472050328058174,0,-2.387597528976098,0,1,0
131.2336124828157,108.35119766275452,0.0364252889139492,-21.32872858107408,1,6.6505974234155065,1,1,1
350.05484382888494,218.82123134606925,0.0399847168014919,16.39156360337151,0,-17.007286457989267,0,1,0
245.74973017353136,104.30511365535358,0.0378067542219797,-0.3259908844421133,0,2.7307603522401225,0,1,0
98.22126903795689,147.52846113557447,0.0383813516383518,35.30712846531334,0,-1.9902420256944309,0,1,0
158.30738389881589,60.086114860859,0.0389345541812413,-55.93603605688917,1,2.517209645021332,0,1,1
299.9274006341979,141.62001673538202,0.0404791917714859,24.174073758232204,0,10.900060239175833,1,1,1
203.93714891462636,95.99025171957156,0.0460177523063706,-15.110425926321652,1,-11.365297118928613,0,1,1
261.40021403225194,57.4630651176256,0.0390023045095774,3.235777084076723,0,9.65319254029338,1,1,1
147.63026792261928,113.76994610963266,0.0457724226179603,-29.31525979176161,1,4.917494126464865,0,1,1
202.4582227025992,54.82795477997991,0.0445610372588378,50.63151601026237,0,-16.67164399569679,0,1,0
313.4811076395308,111.02288493693158,0.0422537241107472,-39.4534083817842,1,-0.1567428411052929,0,1,1
274.4456875658065,39.035420073724254,0.0388706282319301,21.85628019014318,0,19.26123716855367,1,1,1
200.23726340919285,74.20842415661366,0.0296219484335014,-2.737542060910272,0,-6.331474175078746,0,1,0
307.15332415210605,106.9160607429132,0.0329782295066293,2.7097185516038067,0,-10.651586876229278,0,1,0
142.38926884617936,164.7640553059267,0.0332328649789092,-7.407609638492126,0,3.3199353634395097,0,1,0
179.01062972885697,36.62136088267761,0.0325668764109871,-10.652846500458274,1,13.566263267172705,1,1,1
301.3687284583019,122.35809872944496,0.0322596577103225,16.506291058343407,0,-15.15577158438166,0,1,0
140.76331721565168,160.60541124265023,0.0356983481277605,-32.19956223761863,1,10.512199821483373,1,1,1
95.24416109217242,45.51915612347926,0.029068990223804,15.688242203845263,0,-10.232889759649648,0,1,0
153.82542521286445,58.581264120692026,0.0319762077795706,43.40206552334541,0,3.1457110667663057,0,1,0
123.6112730279024,30.21415218496206,0.0352242666914154,4.637761329785647,0,9.644732425254372,1,1,1
184.09941047155868,60.4881374436563,0.0407397760191962,-10.2008840014487,1,-17.045306210098254,0,1,1
130.89990351364645,53.19950695791224,0.0450337476496187,-6.619624569837214,0,5.575924362939939,1,1,1
28.541739929066853,102.3581635845796,0.0412414192177831,14.29613826235321,0,3.5991509802380683,0,1,0
270.7218131388951,242.1800732098282,0.034892042718459,-54.67478677741881,1,2.766040588523955,0,1,1
141.80156811091723,128.92024502797784,0.0346908193856172,31.793857075115213,0,-11.945061657306065,0,1,0
370.4999418301184,228.69837371920116,0.0385649197134052,-32.715079057668234,1,7.64858622954242,1,1,1
56.69415577351679,313.8057860566016,0.0332485703978865,52.92403402340226,0,-1.327675690672013,0,1,0
157.5475411417042,100.8533853681874,0.036004580031474,-20.584775176329764,1,-6.348411599733518,0,1,1
127.6815161773944,29.866024964309787,0.0357565700788001,23.157479982702093,0,6.570022176979862,1,1,1
179.61954097690472,51.93802479951032,0.0360386777494517,-0.8769168091822763,0,11.526411566982803,1,1,1
133.84674893530493,45.772792041599786,0.0364056969030053,-26.628083858496595,1,-13.141196927662508,0,1,1
161.0976710463743,27.25092211106937,0.0357579632279095,2.452953435215896,0,6.219257095683281,1,1,1
421.12387037829103,260.0261993319167,0.0356154911336005,-37.48854396690105,1,-5.749911802965388,0,1,1
180.3981468436554,240.7257235346356,0.0346129069998048,39.6196636144473,0,-3.8285917347715657,0,1,0
356.67500518782583,176.27685834417042,0.0412186220825316,12.316118855460276,0,3.661147188191432,0,1,0
305.0415814383491,51.63342374947672,0.0403058415768581,-35.5047262811094,1,3.620713177394935,0,1,1
204.61577883507888,100.42580260327024,0.0429228032788698,60.22971783553881,0,-3.4910148212717207,0,1,0
366.0645360168964,161.4487571818175,0.0404201816215995,-0.935863729551329,0,6.559218466152432,1,1,1
594.0808810967005,228.01634507980413,0.0265259215335968,-55.35986232622515,1,6.49838801655782,1,1,1
373.12123536246486,220.9596457342357,0.0225171707394687,34.411412932800694,0,-17.59634315929719,0,1,0
101.91857042885404,271.20266493361083,0.0297997288115842,-54.63772706413481,1,12.954655933144773,1,1,1
120.08914575167984,18.1705753228258,0.0346273313078958,50.86008340826358,0,-14.31495907160036,0,1,0
237.79211516120083,117.70296940952102,0.0257800865576228,-3.3388978562911973,0,-0.0046981608753804,0,1,0
119.313116537539,118.47899862366184,0.0275014271316777,15.85145375741385,0,2.6379571131958346,0,1,0
95.2679059777421,24.0452105597969,0.0296476578390379,-41.423566292121066,1,6.940222989666278,1,1,1
28.492787136989417,66.77511884075268,0.0284997519207243,45.89160575499285,0,-8.638529385576318,0,1,0
52.236949566186375,23.74416242919696,0.0398098416043642,-1.6028100552457545,0,13.482954656931366,1,1,1
140.65298492688137,88.41603536069496,0.0388742009728736,-15.069765348640487,1,-13.857404452773253,0,1,1
240.76060330458924,100.1076183777079,0.045663807317955,-15.781447304904198,1,9.323004592076236,1,1,1
337.80261020471613,97.04200690012688,0.0336321290769107,11.685309801790927,0,3.613337258542808,0,1,0
301.625919594817,36.17669060989914,0.0397271656292469,8.924602198577745,0,-8.770960633214834,0,1,0
112.711920569911,188.913999024906,0.0355662232310021,19.623409662945026,0,6.834950622518798,1,1,1
33.06764261853231,79.64427795137868,0.033533773854497,-68.28185588077912,1,-6.350334443059952,0,1,1
167.70424513785005,134.63660251931773,0.0348743340966269,15.30756717384071,0,-0.9536830855983248,0,1,0
85.98656432698326,81.7176808108668,0.0378538987101082,37.41148258134711,0,12.08584307333119,1,1,1
196.9695571058068,110.98299277882356,0.0383758092674986,-29.722903261873235,1,-9.709521461437916,0,1,1
116.65446387836845,80.31509322743837,0.0289422210775028,21.063995924822382,0,9.621324513738989,1,1,1
337.0027064321942,220.3482425538257,0.0269153380586198,-43.148959769308576,1,-11.941403103780726,0,1,1
202.07863427740224,134.92407215479196,0.0213933140506724,46.08349034730155,0,2.779123174782705,0,1,0
525.7549591477097,323.67632487030744,0.0224298696526358,-2.807822798859249,0,-5.064135137159407,0,1,0
91.0929867499636,434.66197239774607,0.0225035116096803,-7.059500151937556,0,7.876831492690859,1,1,1
71.74469875374245,19.34828799622113,0.021695362396431,14.353431873045436,0,-2.2981219179873724,0,1,0
202.13838115621547,130.39368240247302,0.0217768537640342,9.189941382501884,0,-7.512753454721266,0,1,0
183.8797331571499,18.258647999065573,0.0208595407202385,-4.064770051682089,0,9.177970160719244,1,1,1
13.055631102553212,170.8241020545967,0.0203435530552923,-56.138280911261816,1,-7.808809824940727,0,1,1
235.18152040769704,222.12588930514383,0.0144406856503924,49.34554201250705,0,15.250828186449736,1,1,1
264.8849089718442,29.70338856414716,0.0280629533688044,-23.570314359371597,1,-6.86525742886432,0,1,1
300.81282950028543,35.927920528441234,0.0275458658151128,-9.2706098099638,0,3.9271504439313087,0,1,0
285.46287172766995,15.349957772615484,0.0257602428658281,43.66142138420736,0,2.621705981940071,0,1,0
362.625597978858,77.16272625118808,0.0241858420856406,-25.60290809105122,1,-15.399161797406832,0,1,1
140.03561448701646,222.5899834918416,0.0269038072923,-4.670280210606947,0,5.720396902049966,1,1,1
108.13574446706193,31.899870019954548,0.02757383955395,22.669169644007724,0,-6.241598478212566,0,1,0
302.2287650744637,194.09302060740183,0.0293046432369937,-18.503264530550368,1,0.4901751805525435,0,1,1
253.2533409687516,48.975424105712136,0.0329724917920974,24.375923149989877,0,-0.2358826946537907,0,1,0
266.1835453582376,12.930204389485992,0.0395571255156909,-60.40853054140405,1,8.80148179929472,1,1,1
127.81791862838608,138.36562672985156,0.037626402412445,53.85856886957684,0,-0.544569872723411,0,1,0
77.57890041651088,50.23901821187519,0.0351683743106172,-48.98387795707514,1,-7.788752028652976,0,1,1
172.18797595626674,94.60907553975586,0.0312830088708843,4.911740433102743,0,4.022560404372308,0,1,0
274.1255854503951,101.93760949412834,0.0317263957821072,-3.6623859630372095,0,-0.3575454168964116,0,1,0
241.8076577745627,32.31792767583238,0.0255953230561109,4.717586494651506,0,1.042478771712684,0,1,0
113.7691117932848,128.03854598127788,0.0218270129897549,39.4727475731126,0,6.882945293928543,1,1,1
144.30165287372728,30.53254108044247,0.0196039658215001,-6.119918750543249,0,1.1260974686948035,0,1,0
145.91167832184937,1.6100254481220873,0.0176207382237642,-34.044033423857115,1,-7.159916847469403,0,0,1
53.187629035934265,92.7240492859151,0.0202556319336368,3.231491381631109,0,8.983184158811735,1,1,1
102.71612396755754,49.52849493162327,0.0128615921022259,-13.670465933451212,1,-7.407409235675239,0,1,1
101.20814226274186,1.507981704815677,0.0119475047406979,25.21131276770526,0,2.090850296764508,0,0,0
197.9806255934529,96.77248333071104,0.0147321889476417,-2.868028727900956,0,-7.537061808513174,0,1,0
226.34011938732385,28.35949379387094,0.0192808230655064,-18.6215497479861,1,1.7469168729294453,0,1,1
108.1611660630746,118.17895332424926,0.0319157349592147,55.10473996892424,0,9.893195827098422,1,1,1
297.0480947855539,188.8869287224793,0.0351571333718803,1.4376006235484482,0,4.989740021975855,0,1,0
206.8599764236694,90.18811836188448,0.0351388114328835,-59.48385977521147,1,-5.447773617795981,0,1,1
352.0403544433245,145.18037801965508,0.0433014072808727,12.585532142725526,0,-13.009103396156066,0,1,0
312.5101846700039,39.53016977332055,0.0420909358603144,37.57784381343335,0,1.773859347566345,0,1,0
14.748148583965223,297.7620360860387,0.0332663112715364,10.710215227840976,0,6.057743774677084,1,1,1
96.38731778420842,81.6391692002432,0.0313769105003274,-63.863496216277504,1,5.735886419173809,1,1,1
117.49026778853094,21.102950004322523,0.0321306260946777,66.45578666678003,0,-11.332808098875836,0,1,0
221.33564619672865,103.84537840819767,0.029600057376061,-67.25865337278518,1,11.697773572867325,1,1,1
144.6460573270439,76.68958886968471,0.0373578754609761,45.77174437116047,0,-3.899708252663876,0,1,0
239.8916584496265,95.2456011225826,0.0525610472051493,-48.936705924435856,1,4.374149096025107,0,1,1
127.02035728022314,112.87130116940337,0.0604580164924204,72.49519091326938,0,-4.338111292952796,0,1,0
182.30346253105887,55.28310525083573,0.0695446036211778,-45.965949789566025,1,0.8977112762385318,0,1,1
440.5506867963833,258.2472242653244,0.0673436637096544,23.608994081687143,0,-7.0755222379981415,0,1,0
288.7167922404727,151.83389455591055,0.0610426205605132,-37.13447010522472,1,9.428853418057438,1,1,1
224.54541174878295,64.17138049168975,0.0561859218047325,10.93065735387762,0,2.4764926264894207,0,1,0
187.79164496422865,36.75376678455433,0.0517524908141381,34.08344529691851,0,0.5455287913304616,0,1,0
291.9964657841777,104.20482081994903,0.0480538024239366,18.055792361850365,0,-16.836755104024213,0,1,0
316.6684988235651,24.67203303938737,0.0462959639522119,1.5245923096528031,0,11.902894966971562,1,1,1
292.36375341779234,24.30474540577273,0.041885488784073,-14.589901956897634,1,7.298810664347842,1,1,1
201.67693769817112,90.68681571962122,0.0351954382437027,3.0010818844764486,0,-8.052453552613843,0,1,0
338.480223947901,136.8032862497299,0.0401934637152497,9.776865633873186,0,-8.312932980485394,0,1,0
286.5072820247368,51.97294192316417,0.0463463311066035,-74.32697362869172,1,14.12678166559072,1,1,1
36.8570645769931,249.6502174477437,0.0458232441290165,10.386700577309108,0,-12.266033519151764,0,1,0
228.7691907274376,191.9121261504445,0.0430000345157267,-9.397813477244636,0,-4.385859105787165,0,1,0
122.31335205478656,106.45583867265104,0.0398826832303714,35.87866998155032,0,7.710090165263577,1,1,1
158.89024125509675,36.57688920031019,0.0430739948208895,36.58624733723647,0,-6.604905488177118,0,1,0
186.96632420599275,28.076082950895994,0.0386340811849617,-30.084244648370387,1,0.2993918684406922,0,1,1
152.4042591820969,34.562065023895855,0.0362249959177072,-2.1625656839272693,0,6.960937211697887,1,1,1
263.51218631503383,111.10792713293694,0.0371028327749836,21.70257886488649,0,2.987885293068992,0,1,0
250.2981500538177,13.214036261216108,0.0278782036357067,8.181002412625148,0,5.854172991656434,1,1,1
240.1900597842082,10.108090269609534,0.0249611753543176,-18.431492023548884,1,-4.002782552924295,0,1,1
122.17499382342248,118.01506596078572,0.0261931560765761,15.745771120995885,0,2.747004352208052,0,1,0
147.65408042583778,25.479086602415308,0.0291082421093948,-57.612887323419,1,-8.616374741662568,0,1,1
282.44011249003927,134.7860320642015,0.0326991846695703,26.255260230291327,0,-1.8638543878649283,0,1,0
364.8205960034342,82.38048351339495,0.0515558605151225,-11.10415954241912,1,5.4849714334337145,1,1,1
181.76430918399276,183.05628681944148,0.058786726654318,-2.566698752578503,0,2.0531860121673557,0,1,0
133.32090066349386,48.44340852049888,0.0561648317868601,-9.4616802914776,0,-2.5449824515025607,0,1,0
225.7715696763821,92.45066901288826,0.0584674312067631,54.37970266733565,0,-6.074583418900728,0,1,0
110.97995350454023,114.79161617184188,0.0631797069841042,-35.490189098718,1,2.104052308639384,0,1,1
54.20020343831258,56.779750066227656,0.0442376297071506,6.390784408423926,0,1.5716163343500789,0,1,0
253.86014130757857,199.659937869266,0.0343085737588801,-20.315466205008505,1,-8.683056039212103,0,1,1
211.4630214287241,42.39711987885451,0.033143637247621,54.923215718486055,0,17.313737626559572,1,1,1
55.19110232013044,156.27191910859364,0.0267134659940987,-28.13127119064916,1,-7.368572312492402,0,1,1
105.09219974982156,49.901097429691134,0.0198504352274713,-48.84126595484744,1,4.792395548380743,0,1,1
142.94042523622744,37.848225486405866,0.0154341864191539,21.375862875705344,0,-11.582372983232553,0,1,0
46.90999075589848,96.03043448032896,0.0134022009818756,58.516410141760026,0,7.694647867281868,1,1,1
385.8526503333737,338.94265957747524,0.0134464611944516,-1.9658214184996865,0,7.38974960196785,1,1,1
312.57089115865045,73.28175917472328,0.0155332370157645,-34.4126677797194,1,-14.23708771908878,0,1,1
99.38651279310852,213.18437836554196,0.0183192862304008,1.560063479041048,0,2.631588305121684,0,1,0
163.57631570918852,64.18980291608,0.0186900636606807,26.997698128403957,0,0.8493394066061288,0,1,0
380.4501553899657,216.8738396807772,0.0230027107149087,-15.441804498572123,1,-0.1003911920685984,0,1,1
208.0279821308928,172.4221732590729,0.0203232506077014,17.892035665288617,0,4.346379652345647,0,1,0
97.8313951749402,110.19658695595258,0.0184892269385383,-36.24667295169652,1,-4.137046951529529,0,1,1
302.15099086478915,204.3195956898489,0.0179525834414199,39.74141941325113,0,5.605684998103625,1,1,1
93.2417237650558,208.9092670997333,0.0192522785869085,-34.908074572349605,1,-3.789883363861792,0,1,1
147.7949756717693,54.55325190671349,0.0287108557199304,8.423134748758898,0,-6.538688032994751,0,1,0
121.8219085461857,25.9730671255836,0.0283898337406503,-44.981768666095135,1,15.818846176425165,1,1,1
172.85517783799273,51.03326929180703,0.0445336799072027,42.32505873358758,0,-14.18103784048294,0,1,0
138.5305074052639,34.32467043272882,0.0475879837413371,12.491668112579989,0,6.459071689537581,1,1,1
86.81664464018247,51.71386276508143,0.0556060196658792,-26.277728012776716,1,-10.03551780594808,0,1,1
22.415136167922576,64.4015084722599,0.0482013232323694,5.050709087116431,0,17.15855284899316,1,1,1
110.0343409198064,87.61920475188381,0.049388747254826,-8.728863103238709,0,0.1874881331944848,0,1,0
286.19731094829893,176.16297002849254,0.0401290261456845,46.05712689084664,0,-11.269043255837406,0,1,0
149.83124986991058,136.36606107838836,0.0366712621946678,-39.39338167618762,1,-4.871275256465513,0,1,1
93.11834554486347,56.71290432504709,0.0301817475823765,-28.033031369436063,1,12.980079105889924,1,1,1
276.48469618662034,183.36635064175687,0.0303076727321958,-7.787132909121784,0,-10.154628803829697,0,1,0
406.4176412724691,129.93294508584876,0.0274859909650728,59.48776113848895,0,8.767259223858675,1,1,1
176.21726142886754,230.20037984360155,0.0242654304884724,-17.983707890648013,1,4.290651194062027,0,1,1
183.8480782838144,7.630816854946829,0.0301297497771566,-43.59218744566581,1,-6.498198172052163,0,0,1
500.4747972303305,316.6267189465161,0.0271766398541886,30.380170559910603,0,5.419984449849483,1,1,1
352.1974218570711,148.27737537325942,0.0314811257500841,42.52213062361077,0,-12.731781174922949,0,1,0
47.72463228187686,304.47278957519427,0.0198790328678847,2.6964524713876017,0,13.715645983035891,1,1,1
60.1317265682413,12.40709428636444,0.0195697408055802,-71.5356542165232,1,-13.675723988276884,0,1,1
225.8965211180506,165.7647945498093,0.0186674480603225,5.589053228234047,0,-0.0168887871782281,0,1,0
317.1894463744143,91.29292525636367,0.0278199343379703,-9.484165493183871,0,13.08137540782776,1,1,1
93.16645498020875,224.02299139420552,0.0293191934994517,69.10426937817317,0,-6.499307976785351,0,1,0
197.730459258346,104.5640042781372,0.0297237962980026,-63.822998914834734,1,4.890762594781004,0,1,1
344.3953259024308,146.6648666440848,0.0324573866445499,2.96111411155016,0,0.0609426519820601,0,1,0
295.02415611548986,49.371169786940925,0.0397728324577313,9.577799788386931,0,-3.110548531733011,0,1,0
325.72886428857646,30.7047081730866,0.0416648850421782,55.17015216564816,0,-9.157751950202025,0,1,0
353.6636297440218,27.93476545544536,0.032061000042367,-18.32124354870821,1,10.060406251845793,1,1,1
250.5851611566068,103.07846858741505,0.0318755679937335,-5.708211801522651,0,-12.569187365290936,0,1,0
325.04022937785584,74.45506822124906,0.0325103661504438,13.422043672455745,0,2.740667588091292,0,1,0
273.578431918468,51.46179745938781,0.0232839341990153,-7.309792642449835,0,8.844875724013637,1,1,1
189.75796037980956,83.8204715386585,0.0230723470728656,4.211385843092913,0,5.297959290602689,1,1,1
296.6463095931058,106.88834921329628,0.0228933509554672,-53.78163055865763,1,-2.722339745266888,0,1,1
148.71471077820152,147.93159881490428,0.0249169853457043,41.28870861944264,0,-8.784701023870042,0,1,0
159.2850316121646,10.57032083396308,0.0240962593508082,13.07535926519057,0,9.824880444596715,1,1,1
10.33264889952767,148.95238271263693,0.0252445631950486,-15.00389335380666,1,2.857910232366553,0,1,1
125.75910190708989,115.4264530075622,0.0226360374795841,-44.30909975750173,1,-12.69293902343134,0,1,1
239.3830921127928,113.62399020570294,0.0259011917532239,15.946001289468416,0,-2.9024981877286704,0,1,0
145.29765013510251,94.0854419776903,0.0236776305994684,60.142408606728914,0,0.2137804992498142,0,1,0
123.7245057402628,21.5731443948397,0.0244443681263284,-20.656428491667757,1,4.056183322986168,0,1,1
243.0873627712235,119.36285703096068,0.0251752106813455,-1.2951792032731504,0,-6.960004301405943,0,1,0
130.68371715218436,112.40364561903914,0.0278996383925406,-2.2601967249536585,0,8.708678734024438,1,1,1
192.90055114387607,62.21683399169172,0.0226849462951643,-42.59555533080663,1,4.890823895824495,0,1,1
251.10547702041367,58.2049258765376,0.0213069735194797,-9.898017535302577,0,-4.036779988946542,0,1,0
255.2213803387117,4.115903318298024,0.0216287632873841,34.925562966385485,0,8.791814132041258,1,0,1
240.16043716677316,15.06094317193856,0.0241119833392741,0.2937669418838595,0,-10.166988992657531,0,1,0
239.61828751525547,0.5421496515176614,0.0270865883852958,29.398483705819302,0,-8.968839032934659,0,0,0
15.153520628074684,224.4647668871808,0.0274034090358371,-50.41903478485382,1,9.137310191031949,1,1,1
371.5413299536991,356.3878093256244,0.0407242687888554,7.483491739343592,0,9.19515603381856,1,1,1
171.99430174344278,199.5470282102563,0.0368980825916209,-15.749506512784432,1,-16.680416055999082,0,1,1
163.82259469868995,8.171707044752822,0.0331408288629197,25.730616287887653,0,2.542122058977872,0,0,0
10.22365869452803,153.5989360041619,0.0318811089312484,-11.510822943624234,1,9.851836199525374,1,1,1
240.4698771970499,230.24621850252183,0.033065221675545,0.5524876527579821,0,-8.429171619265844,0,1,0
149.12038764851636,91.34948954853354,0.033706243087911,-0.7074205626814702,0,9.42280467221768,1,1,1
303.4607554739082,154.34036782539184,0.0364431954470283,-1.8027662375819349,0,-6.918333633269098,0,1,0
220.2217975991021,83.23895787480609,0.0360909922583168,7.061961691396405,0,7.534857746583366,1,1,1
285.98186144625976,65.76006384715765,0.0324893434974026,17.35177075924794,0,-4.890683786557197,0,1,0
109.69634433005626,176.2855171162035,0.0347179477004547,-7.9183910109453635,0,-9.381286043528029,0,1,0
54.74093628015343,54.95540804990284,0.0280012376035397,-29.941065273556475,1,6.073352429199097,1,1,1
213.76918973171504,159.02825345156162,0.0267102243779384,28.993032202731747,0,-1.0577584943543012,0,1,0
161.66222713085307,52.106962600861976,0.0235632817905565,33.63347126022511,0,9.536657324205123,1,1,1
199.34554518046417,37.6833180496111,0.0222082750449996,-59.64593096362968,1,-3.704057776167725,0,1,1
140.72170255006213,58.62384263040204,0.0199401886338899,67.49259854915526,0,3.050450020853974,0,1,0
153.2839569091054,12.562254359043266,0.0220666622974025,-50.86169828533343,1,-8.10502099182037,0,1,1
6.814584286474169,146.46937262263123,0.0222173310833207,-23.52437930907878,1,6.391870007726453,1,1,1
189.20829114793176,182.3937068614576,0.0190230020982824,19.08959597302516,0,-12.53017744401852,0,1,0
284.21513141665616,95.0068402687244,0.0258422959731374,-14.6796766807691,1,-0.5702185893649303,0,1,1
155.1701413899725,129.04499002668365,0.0238119081523066,39.73773804015749,0,5.014888376996192,1,1,1
209.9734994544133,54.8033580644408,0.0260667774363282,-20.00449748048979,1,9.724626014522835,1,1,1
217.85828747781352,7.884788023400205,0.0339357174513204,39.24411890992967,0,-4.792234005309343,0,0,0
251.79716462296275,33.938877145149206,0.0326986673389207,-5.940122064073478,0,-2.505313725048591,0,1,0
214.1179676772574,37.679196945705314,0.033376022507109,-21.12229029095809,1,9.756256754989607,1,1,1
113.02861602012676,101.08935165713063,0.036456798780611,7.360412108362283,0,-7.985460495278357,0,1,0
120.48715005951334,7.458534039386578,0.034594795705126,3.853439211177261,0,2.3205508024651724,0,0,0
96.68720888504934,23.799941174464,0.0342214261097191,-27.04519308684201,1,7.4487894025297425,1,1,1
53.98200654827145,42.70520233677789,0.0408867563448181,-10.506265136104602,1,-9.268732867602916,0,1,1
95.47331060383289,41.49130405556142,0.0263005788136914,18.97139542881353,0,5.222212881374011,1,1,1
145.29330177701942,49.81999117318655,0.0299393701988609,-22.532901595230133,1,-7.393541181663171,0,1,1
96.9872759181325,48.306025858886926,0.0268114146139344,17.600466343312686,0,-7.54970259965326,0,1,0
20.832643592683517,76.15463232544899,0.0271407433609613,19.0191028297862,0,15.962632893362168,1,1,1
55.727888889844,34.895245297160486,0.0331152062509158,-0.9991709316999008,0,2.198650474817889,0,1,0
384.47733184578,328.74944295593605,0.0347841455199085,-33.55993197537693,1,-10.200451391394983,0,1,1
130.940600260026,253.53673158575404,0.037743803266272,-8.981941954819824,0,1.385084883800994,0,1,0
238.06510299009085,107.12450273006483,0.0302163009756029,6.448356954931224,0,-1.5899673594516894,0,1,0
113.95855260238253,124.10655038770832,0.0270906864012525,-4.223481599182435,0,11.455358319500691,1,1,1
198.1830958640191,84.22454326163657,0.0277918557489493,29.14550779651337,0,-1.8708952602269344,0,1,0
291.9889750461864,93.8058791821673,0.0283704748702429,-0.8574962587832076,0,-17.2451921310595,0,1,0
238.4292736219718,53.55970142421461,0.0334129507393028,-11.85078566943288,1,14.75834446359784,1,1,1
165.60241370146943,72.82685992050236,0.0337943065197806,-2.0936724511779303,0,-3.563638510910714,0,1,0
112.66944783907424,52.93296586239519,0.0318032548239663,14.478036543483752,0,-11.513900817431203,0,1,0
335.87597085154147,223.20652301246724,0.0387587635271387,-24.787707058852767,1,8.391411482703575,1,1,1
394.2684824834362,58.39251163189471,0.0302910608378557,10.218843741797542,0,-5.90001387679631,0,1,0
162.6476087674713,231.62087371596488,0.0312419530732147,15.310622388747383,0,14.466723430644306,1,1,1
234.40882053819087,71.76121177071957,0.0314908540778332,-24.86895924887839,1,-17.206979976590024,0,1,1
170.4501497899526,63.95867074823826,0.0440899531738094,59.67870068488256,0,17.208141016791554,1,1,1
81.59372677832529,88.85642301162731,0.0304303800416431,-13.183613987827016,1,1.3546668206921773,0,1,1
241.40196470107009,159.80823792274475,0.0297002275138431,-23.43193992882361,1,-17.357093643099358,0,1,1
248.9561866153537,7.55422191428363,0.0291837859944866,-18.61767516940826,1,12.937061321035024,1,0,1
141.11027199682582,107.84591461852789,0.0301670963139982,3.50312021118878,0,-3.418906802827326,0,1,0
229.1117563683646,88.0014843715388,0.0240872736195175,-5.927818169679224,0,8.107690563551603,1,1,1
124.45267868186156,104.65907768650304,0.0255412566740653,3.1995394020631416,0,-3.122540793045399,0,1,0
79.03906271156117,45.4136159703004,0.0234802354788442,20.994424935729768,0,-2.074712723413681,0,1,0
159.1271865532489,80.08812384168772,0.0231365604322981,-14.147957895107652,1,4.621913518021545,0,1,1
87.58210775683646,71.54507879641243,0.0287195296289038,51.11310492639315,0,-15.30319979034987,0,1,0
337.81844087621926,250.2363331193828,0.0186880364745392,6.1080202538380775,0,4.312205138143579,0,1,0
237.76538755794448,100.05305331827478,0.016798915169541,-21.565094923444605,1,9.3396374230413,1,1,1
155.02482589827963,82.74056165966485,0.0279746829809528,9.391685276459214,0,-14.82712804120065,0,1,0
213.44688386790216,58.42205796962253,0.0335027697017232,-44.29132590942089,1,16.677237838713584,1,1,1
168.0292120067384,45.41767186116377,0.0295483280418327,32.79235508632014,0,-3.805837750438302,0,1,0
176.24687278620613,8.217660779467735,0.0325611697100585,-48.56202569775964,1,-6.116450563088575,0,0,1
55.16568200917563,121.08119077703049,0.0421316119922345,72.17739458982945,0,-2.0122313446125144,0,1,0
31.03101356551865,24.13466844365698,0.047257039912148,-23.200729600164337,1,-3.822299260191529,0,1,1
121.2346155768413,90.20360201132266,0.0354876119911157,-28.268463506716685,1,-1.0786575652718255,0,1,1
77.70979187945075,43.52482369739056,0.039486567770569,36.49523098487387,0,6.59842108124971,1,1,1
96.56931807534156,18.859526195890822,0.0333535161128205,-60.579368766393394,1,8.390078270126565,1,1,1
394.74559667205074,298.17627859670915,0.0239912735682137,28.83494289491377,0,-6.2249590963523325,0,1,0
102.25737817696982,292.4882184950809,0.0287079929032865,41.55372220592073,0,-1.614035162691355,0,1,0
300.8953088731534,198.6379306961836,0.0261953723557806,-50.59665599089505,1,-2.642125219512703,0,1,1
80.21690047813726,220.6784083950161,0.0222632133670285,32.37717992006649,0,-3.241852144409631,0,1,0
32.89549082430313,47.32140965383413,0.0167064842635473,-24.62485037434965,1,16.66298767037167,1,1,1
173.72272885402018,140.82723802971705,0.0247552498584441,2.5808522629601143,0,-19.28733403637412,0,1,0
231.66355134579345,57.94082249177325,0.0254441776434129,28.285817157423203,0,5.721666174337374,1,1,1
105.7358999216351,125.92765142415831,0.0251411295788553,13.14151584339433,0,9.151270865855,1,1,1
202.8856489641988,97.1497490425637,0.0301425990050469,-59.47899801852029,1,-4.976425775698866,0,1,1
121.3741947862406,81.5114541779582,0.0252741952763664,8.813886863210982,0,-4.134065108587105,0,1,0
139.37429074319942,18.00009595695883,0.0267463874413301,16.871445909366933,0,13.5776880975903,1,1,1
34.19270664259372,105.1815841006057,0.0287663260840422,10.082470662798215,0,-7.471393233644838,0,1,0
72.41322348008859,38.22051683749487,0.0313521104856594,-11.682316249616832,1,-6.480277217109167,0,1,1
68.15593378229637,4.257289697792217,0.0307414143716951,27.01932657157937,0,11.055947200910367,1,0,1
14.035804161858222,54.12012962043815,0.0306417785470061,-2.994704825391537,0,-13.955779828683562,0,1,0
150.12503753827798,136.08923337641977,0.030555194051419,-29.028157006332343,1,6.268198461033887,1,1,1
302.87368809871265,152.74865056043467,0.032817262326248,-29.17048395000449,1,7.520294428585304,1,1,1
200.2969245247,102.57676357401265,0.0238581543946332,12.31076049254728,0,2.8813851222858844,0,1,0
150.77665499518145,49.52026952951857,0.0218723698470428,23.396501631349278,0,-12.01200919751162,0,1,0
35.13739309172248,115.63926190345896,0.021711915002176,35.24488859622572,0,-4.898958673682438,0,1,0
227.5005040173,192.36311092557756,0.021588785989979,-28.795541584821763,1,8.576397225158482,1,1,1
383.1375109632205,155.6370069459205,0.0248598756584241,-2.973966432673976,0,7.541270361679953,1,1,1
73.66363875126935,309.4738722119512,0.0267432884499287,15.48601094877104,0,-5.567626038528294,0,1,0
247.47444102467816,173.8108022734088,0.0284848516311186,-45.73400761172648,1,-1.2690439377079308,0,1,1
107.15745877502373,140.31698224965442,0.0382643854291185,-0.4301184014151822,0,-5.857351249822081,0,1,0
319.299953310597,212.1424945355733,0.0312938221437732,15.878136506447706,0,5.940956859840121,1,1,1
231.33554177548777,87.96441153510924,0.040809511047668,51.95659656616804,0,5.566763552703504,1,1,1
101.86363555668468,129.4719062188031,0.0484540341597711,-9.512863923762724,0,-10.183040173524482,0,1,0
124.22092011031933,22.357284553634656,0.0526532650906131,-15.6662345651675,1,-2.669446696972444,0,1,1
48.97749940282512,75.24342070749421,0.0501293499871978,-23.116718205746807,1,4.778078360849792,0,1,1
163.4095236773607,114.4320242745356,0.049663735665813,13.081522585101652,0,-2.095395553250245,0,1,0
17.306662898931165,146.10286077842954,0.0552105363318674,-20.089586981414968,1,1.8747639835068528,0,1,1
62.795179941272295,45.48851704234113,0.058505854078732,29.660231542159835,0,-7.483927068834591,0,1,0
233.2362298454428,170.44104990417048,0.0563099413483507,-20.43690805028575,1,4.809607187166767,0,1,1
200.25445801645176,32.981771828991015,0.0436111199701143,-23.890381385221108,1,9.8067561495585,1,1,1
119.14789020470236,81.10656781174941,0.0384297727716046,7.589764788467416,0,-8.524533953597388,0,1,0
280.26897678002297,161.12108657532062,0.0383714209970407,31.488386979097733,0,11.351479837019912,1,1,1
148.2765635931307,131.99241318689226,0.0308172071749037,6.869752908338256,0,-5.181005797321692,0,1,0
219.2725930433725,70.99602945024179,0.0361814175350011,-47.88344304454787,1,-6.856164493105478,0,1,1
339.6112507117994,120.33865766842692,0.0370746151630154,56.9855449950388,0,-2.287457960589677,0,1,0
92.94408843787556,246.66716227392385,0.0325725038448306,1.2805127074221758,0,8.674085971555215,1,1,1
218.6649736296607,125.72088519178511,0.0264438857258276,-8.101237731031858,0,-7.658429942277346,0,1,0
236.06021321749975,17.395239587839086,0.0257955954241654,-3.1594703864747373,0,12.488926597587982,1,1,1
192.76359124781865,43.29662196968116,0.0217071941707557,-36.13759587377244,1,-16.2111387696168,0,1,1
82.64405323492043,110.1195380128982,0.0217928709656699,55.02027011117124,0,-1.7519109361064644,0,1,0
165.24340676296302,82.59935352804258,0.0239673005806532,-52.08387257956462,1,3.845728817608105,0,1,1
236.3635236161928,71.12011685322975,0.0233850159823824,-6.885513268124797,0,7.711847156983886,1,1,1
165.10372134605174,71.25980227014102,0.0248772944408668,36.48235179091926,0,4.566857375418413,0,1,0
217.09307547458508,51.989354128533336,0.0206297248190306,-21.95437934067768,1,-13.29667864256652,0,1,1
231.3559465372101,14.26287106262498,0.023213360239088,45.51390317731742,0,8.291895781252215,1,1,1
154.2949240635629,77.06102247364717,0.0296855354309109,-37.82227809628762,1,-8.811395180429681,0,1,1
222.8761703556514,68.58124629208851,0.0310260969214715,-23.722485232575732,1,8.380510966912448,1,1,1
347.5573697856505,124.68119942999913,0.0388310358305529,63.50480834749578,0,-10.899927404365432,0,1,0
208.78922826414325,138.76814152150726,0.0331719902250765,-35.367578696174874,1,10.792496206134752,1,1,1
129.0623089304507,79.72691933369254,0.0356885175205149,0.2500008900211412,0,-0.7206250090772119,0,1,0
419.1449662893368,290.0826573588861,0.0285828169098019,-10.620498877885424,1,-9.578557974080026,0,1,1
199.7359766974364,219.4089895919004,0.0313049347129824,36.01528689470749,0,12.93137903799055,1,1,1
283.6928169230037,83.95684022556733,0.0300656937469535,-43.86801234737568,1,-2.343246788372696,0,1,1
445.2531698250192,161.5603529020155,0.0261181317198529,-21.914713023657857,1,1.0168545461963523,0,1,1
95.48458244985892,349.7685873751603,0.0270524262666044,38.68545752158397,0,-1.866466650704469,0,1,0
208.5469665521194,113.0623841022605,0.0290560964167287,34.28871877857493,0,3.844393512595156,0,1,0
98.00474194353684,110.54222460858256,0.0398163734912827,-52.20961800783179,1,-3.939795156648044,0,1,1
119.51964974177628,21.51490779823945,0.0364018402125143,-0.5568999880739014,0,7.945318092254437,1,1,1
124.78438593989684,5.264736198120559,0.0510565762431262,37.74355542004809,0,0.424791280745179,0,0,0
214.94627053014096,90.16188459024411,0.0451545058092751,2.994676369610417,0,-4.336676827204563,0,1,0
126.70535647757978,88.24091405256118,0.0428907260225013,-27.1981437103228,1,3.701730121217025,0,1,1
316.4670716557306,189.7617151781508,0.0367314635631138,31.84693867503107,0,0.2278564859301326,0,1,0
361.8694069619217,45.40233530619111,0.0402857553254717,-52.9368149695482,1,-13.223127164547344,0,1,1
133.7501223803154,228.1192845816063,0.0393260316577267,15.607383148581086,0,14.638624286714766,1,1,1
269.23412899406856,135.48400661375317,0.0323054996866619,2.9802033564660206,0,-14.529856983298254,0,1,0
406.0108760579138,136.77674706384522,0.0329804844300936,-7.3185617688383005,0,-4.977952415874912,0,1,0
258.02325316889727,147.9876228890165,0.0328775541741891,-7.604667534971952,0,18.87371510528957,1,1,1
95.8195974499581,162.20365571893916,0.0258299999957848,9.632958393851888,0,-14.770138424701717,0,1,0
263.0230823998218,167.2034849498637,0.0223704403383557,-25.61170763252279,1,7.208056422444958,1,1,1
114.71503576838924,148.30804663143255,0.0206528350346156,54.82774809794488,0,7.730945884250415,1,1,1
136.6913997898328,21.97636402144357,0.0218295862192608,-1.5512640183805215,0,-18.424355243109307,0,1,0
123.11617136118387,13.57522842864894,0.0304185591876586,-18.69928978559831,1,4.397231166712056,0,1,1
169.92132102000815,46.80514965882428,0.0347206352533046,-10.184202267571976,1,6.790240378970427,1,1,1
44.26292460928978,125.65839641071835,0.0430759040969705,8.89423616294124,0,3.074681679589945,0,1,0
114.4487449802886,70.18582037099883,0.0402952705469811,40.19418240691768,0,0.8961678053759812,0,1,0
65.51258737066934,48.93615760961927,0.0422226374611137,-26.636477367174862,1,1.5295786074801685,0,1,1
221.44796455899493,155.93537718832562,0.0486463532423959,10.223397353507591,0,-14.30818703488386,0,1,0
280.6031344758169,59.15516991682193,0.0479317166360177,-40.147245640542565,1,4.032026107309237,0,1,1
257.18197803667795,23.42115643913894,0.0487932157477339,-10.780701838885516,1,6.884338383095285,1,1,1
59.17394774225467,198.0080302944233,0.0455009326313505,-0.9258430092889044,0,0.0211157602211731,0,1,0
129.3331748594358,70.15922711718115,0.0525130294569352,31.10671350955742,0,-8.145107182325635,0,1,0
181.504409275128,52.17123441569217,0.0305075443222731,19.57339874659585,0,-0.0766328052968479,0,1,0
155.8208706165882,25.68353865853979,0.0290188815697794,4.594723574641748,0,0.3283794983542547,0,1,0
34.20235566802895,121.61851494855924,0.033446784972987,-4.296846048323587,0,11.428763521159098,1,1,1
411.12399068627457,376.9216350182456,0.033462656321757,15.388214452652846,0,0.3486114616082396,0,1,0
295.3558240478501,115.76816663842447,0.0364183773143103,-68.86080334047872,1,-17.893665742063167,0,1,1
164.55845305129114,130.79737099655895,0.031273136417857,64.26696341381154,0,6.203778320076263,1,1,1
193.48588218881005,28.927429137518917,0.0225021289218146,-15.57303143686866,1,1.3403827118317269,0,1,1
469.4203577638466,275.9344755750366,0.0223303901211588,-38.81251868810732,1,11.806999162487864,1,1,1
409.6943961515495,59.72596161229711,0.0219308476686726,40.54884982679974,0,-0.7643533143926149,0,1,0
38.11889210557754,371.5755040459719,0.0237253505155775,-13.649693976004484,1,-6.316854095634339,0,1,1
31.58140952255368,6.537482583023863,0.0147776545328046,-12.217465088269584,1,-11.650396270129374,0,0,1
24.292844470398126,7.288565052155555,0.0134757846191177,-8.886646989466975,0,2.9082350679839286,0,0,0
55.15447514133663,30.861630670938503,0.0183213812044491,17.295698246309463,0,4.859784107931247,0,1,0
339.2840451957869,284.12957005445026,0.0251447432703774,-18.001739364441853,1,10.496587296104243,1,1,1
91.3025536154826,247.98149158030432,0.0268803925388958,-12.502844898006078,1,-17.2866247121896,0,1,1
115.276235967109,23.973682351626397,0.0296848596871345,61.06183795646832,0,13.932959256813628,1,1,1
165.59851277653289,50.3222768094239,0.0288273915821102,-20.26264612510357,1,-12.003210782943333,0,1,1
172.9269525435379,7.3284397670050225,0.0298662216268211,-18.333385877428995,1,6.333185891685552,1,0,1
71.48805708270977,101.43889546082814,0.0212427560358696,6.64082577955395,0,5.1823941827674,1,1,1
188.3740044368886,116.88594735417884,0.0227615616910789,33.45179095815469,0,-1.4895093733715807,0,1,0
164.99434466023675,23.379659776651863,0.0259411310538622,-43.59870896830644,1,1.665049426599209,0,1,1
78.63864773310458,86.35569692713217,0.0302795402138755,4.826363355931761,0,0.7568974268348612,0,1,0
283.6537988280685,205.01515109496395,0.030859611904409,30.872589066137763,0,-10.15700531855286,0,1,0
275.6309488251341,8.022850002934376,0.0354634156963602,-45.24462398947966,1,1.1657634112857949,0,0,1
410.112781595586,134.4818327704519,0.0303118701402509,36.69919531387049,0,9.034241581926794,1,1,1
267.7005928172288,142.41218877835723,0.0251020274000917,-17.995099750185844,1,-15.541991252422026,0,1,1
86.73069610957633,180.9698967076524,0.0272902113519994,5.266780811001553,0,9.516231714797511,1,1,1
143.13943562613497,56.40873951655864,0.0315354303844534,22.93772720191932,0,8.118998355221803,1,1,1
122.34664475680472,20.79279086933026,0.0320369078561086,16.50017605553083,0,-0.708012449747212,0,1,0
253.25603240530347,130.90938764849875,0.0259033041065374,-12.92963458363721,1,-1.6140011038870448,0,1,1
268.82787350665126,15.571841101347786,0.0313695766569203,-53.6774366125493,1,-15.65510198735382,0,1,1
165.40315597816064,103.42471752849062,0.0357353680480673,5.120629510222749,0,17.322764799583133,1,1,1
81.49141277118207,83.91174320697857,0.0296610237245397,14.830291351895577,0,0.4795377654507504,0,1,0
162.91950334758732,81.42809057640525,0.031259274160835,24.74368342095545,0,-4.959878117979722,0,1,0
207.9197662658404,45.00026291825304,0.0314940335817722,-16.788428366463584,1,-7.295123247968768,0,1,1
267.855591273841,59.93582500800065,0.0544512096544556,31.39436079482048,0,3.820269462366704,0,1,0
382.9420595166063,115.08646824276524,0.0534522905436832,-68.25001559061633,1,5.453840988484677,1,1,1
400.5778709287157,17.635811412109376,0.0381149391534213,16.787319875217115,0,1.0081851604306635,0,1,0
119.1758889851023,281.4019819436133,0.045351786611073,-3.139630910574411,0,-9.39369386616362,0,1,0
212.5120736211021,93.3361846359998,0.0407282248456012,41.99194840628503,0,-0.3455371217687926,0,1,0
211.6803503477809,0.831723273321245,0.032375019873341,-22.351951945607333,1,8.202281713532017,1,0,1
187.36622790978564,24.314122437995223,0.0357580402149629,-35.98068059892982,1,-0.996506661760412,0,1,1
329.241441960119,141.87521405033337,0.0387893671117953,60.67389693809341,0,-3.463173465030182,0,1,0
203.76404513775725,125.47739682236175,0.0322890016701897,-32.93068770609294,1,-1.858734910346989,0,1,1
82.34250596911797,121.42153916863928,0.0317216438384703,-8.107423811231236,0,4.737985597056564,0,1,0
188.30328619773408,105.96078022861612,0.0301159201372962,-6.2194141106022585,0,-12.49452845450735,0,1,0
13.9331362146386,174.37014998309547,0.0252407536210822,61.06356037166528,0,0.8651251093190384,0,1,0
239.6505245105602,225.7173882959216,0.0290358567346773,-0.3179327268881167,0,9.947943576511562,1,1,1
185.28580014936335,54.36472436119681,0.0330027146941557,-69.23881115662007,1,-7.2561602778028735,0,1,1
111.92207436485816,73.36372578450522,0.0289441962562841,12.497157717696268,0,11.290105089429128,1,1,1
116.29868519394329,4.376610829085109,0.02889883977047,33.0681569943941,0,-0.0484004121517518,0,0,0
247.3462290043169,131.04754381037367,0.0324002646524911,1.944426903637435,0,-1.2480378797501857,0,1,0
241.063492460576,6.282736543740953,0.0289113326285115,-20.22023316272002,1,3.872812100520264,0,0,1
231.65453966115933,9.408952799416651,0.025552338321288,12.067049117432036,0,-15.2553549497549,0,0,0
283.2786884374923,51.62414877633296,0.0217426242978233,10.729658031795736,0,2.3681079855782565,0,1,0
179.2534215671064,104.0252668703859,0.0220632630153835,19.830289668696395,0,-0.1388212966114288,0,1,0
182.8533094734636,3.5998879063572247,0.0285912880640444,-18.0319842241268,1,10.601788069683874,1,0,1
134.27701219951024,48.57629727395337,0.0264068547601543,-49.18710162487173,1,-5.220880357074838,0,1,1
104.14321451446486,30.13379768504538,0.0284755845203476,48.60607865735392,0,-5.373377362699925,0,1,0
294.53354165148886,190.390327137024,0.0295528832080487,-52.00962285069341,1,-2.324972965561321,0,1,1
352.0583855757622,57.52484392427334,0.0307356745642238,34.78247267748786,0,15.131783856858666,1,1,1
316.10784363608866,35.95054193967354,0.0342160076184786,1.9510403132122391,0,-4.017745758869156,0,1,0
299.00133391469274,17.106509721395923,0.0338377926573931,20.10955718265442,0,-3.2720811020361307,0,1,0
193.96229674459653,105.0390371700962,0.0346808398251149,-61.33648450406714,1,8.738917517945172,1,1,1
116.78024169007078,77.18205505452575,0.0460790590144602,69.05547341560288,0,-2.3175983573161325,0,1,0
131.43501851107254,14.65477682100176,0.0489150330590191,-16.869386991379116,1,-13.429391478337308,0,1,1
124.98186465780564,6.453153853266912,0.0394051819139819,-50.61551037806738,1,6.600184360378741,1,0,1
366.92532163402433,241.9434569762187,0.0387309794512077,10.307154076847349,0,-0.4410388432759493,0,1,0
481.4723114835061,114.5469898494818,0.0355856923797178,-9.641019677274166,0,7.164155385477878,1,1,1
114.07468785362462,367.3976236298816,0.0385328312445952,58.11376563796427,0,-13.903966988384274,0,1,0
151.39244160082498,37.31775374720036,0.0316596194569482,-47.60276064341938,1,6.053963320259625,1,1,1
296.7277451983991,145.3353035975741,0.0459907014531077,-10.024408699371314,1,3.695086317621156,0,1,1
86.4599101896891,210.26783500871,0.0454621988572141,7.391019852675051,0,6.174281226857486,1,1,1
254.24902073855165,167.78911054886254,0.0461239498442764,33.7255417676789,0,-0.9197935951549248,0,1,0
165.49173028278872,88.75729045576293,0.0309935273072183,-5.125638292396779,0,-7.308341301581063,0,1,0
283.56653419152093,118.0748039087322,0.0338165126912515,-19.938333782005323,1,1.457458415719545,0,1,1
329.7673735579999,46.20083936647899,0.0452036084570733,55.73423421945671,0,4.913611049925491,0,1,0
274.70438651686067,55.06298704113925,0.0408786881665452,-7.0501132039053545,0,-2.160261558262931,0,1,0
177.10860751827434,97.59577899858633,0.0412703734205897,-43.227834085073184,1,2.6989468782226105,0,1,1
210.5734644847218,33.464856966447456,0.0416542740428443,12.80887938797283,0,0.3319001041524743,0,1,0
94.83020306032144,115.74326142440036,0.0383768323527726,3.3801008242911337,0,-1.2668918860542142,0,1,0
203.3573624649742,108.52715940465276,0.0294426690006812,19.14820661113871,0,-16.464156202703577,0,1,0
66.1623611932588,137.1950012717154,0.0315274985351939,-26.258337605890944,1,6.03111326154242,1,1,1
186.50623108605524,120.34386989279643,0.0287438829073665,9.481936838708329,0,1.8516622912744165,0,1,0
202.4755383650184,15.969307278963129,0.0274968400293469,-10.7124160836319,1,5.487966255371303,1,1,1
234.23755392044453,31.76201555542619,0.0501319208192986,28.02041975614885,0,-7.421086375506344,0,1,0
34.47069388575251,199.7668600346921,0.0460553146418937,-16.550946011448517,1,0.3339429906876301,0,1,1
173.47704931567114,139.00635542991864,0.0417443732220339,21.747729924466757,0,1.532898170163441,0,1,0
151.26161243180204,22.215436883869103,0.0515201783959058,-61.9235857131296,1,11.10261121730526,1,1,1
153.54456510235644,2.2829526705544083,0.0474139529568777,68.0456457622669,0,-10.363515077828282,0,0,0
162.61451505546086,9.069949953104413,0.0469092502482552,-6.793273262482529,0,-5.929712469704579,0,0,0
119.70081252516891,42.91370253029193,0.0441895500297707,-0.0708599065936539,0,-2.686328327644374,0,1,0
151.00947698248385,31.30866445731492,0.0473951788699674,-54.25566854556264,1,4.605137088788963,0,1,1
179.86707025956656,28.857593277082717,0.0512355667160042,9.85312284180132,0,14.043964651102268,1,1,1
167.6872045087484,12.179865750818152,0.0501229660501383,57.34310006701291,0,0.3236328389337224,0,1,0
218.80265302213792,51.11544851338951,0.0384711198164897,-2.398925276247681,0,-8.519823593397987,0,1,0
289.2589396998386,70.45628667770069,0.0370563928162035,-57.89843092341791,1,2.347239776763944,0,1,1
275.9679912792099,13.290948420628697,0.0319044619923799,16.508639757359063,0,2.991093301893363,0,1,0
327.185950678178,51.21795939896805,0.0331572609838004,-22.15676501081209,1,-14.800607693388596,0,1,1
350.3726544351916,23.186703757013618,0.0268867403023814,8.535605149585002,0,6.368393477630995,1,1,1
371.3920225582462,21.01936812305462,0.0305004694390169,-6.2327742916300295,0,5.358800068086882,1,1,1
167.69963905420303,203.6923835040432,0.0289475907848607,-8.303316936839217,0,5.120122537457764,1,1,1
172.74285761093827,5.0432185567352406,0.0358982010975978,39.88334674902848,0,-3.42847736468314,0,0,0
214.27779215828411,41.53493454734587,0.0247601377266282,-27.095453852110182,1,-7.535361906553074,0,1,1
76.0037372170571,138.27405494122706,0.0460513729856273,60.11638081754364,0,11.198417051550816,1,1,1
90.73604775618996,14.732310539132868,0.0397777027880911,-38.14405616285655,1,-4.907257402705213,0,1,1
227.2220407228519,136.4859929666619,0.0428601759972133,-12.507634439337536,1,3.3123167570314145,0,1,1
112.04553217374684,115.17650854910504,0.037716672275042,44.3254280771398,0,-8.894554885406443,0,1,0
144.18025854927126,32.13472637552442,0.0370536226605748,-23.39327954842311,1,-7.666974021647355,0,1,1
95.68510655696532,48.495151992305935,0.0286198891114624,-39.4933886304277,1,3.2801950648733085,0,1,1
257.4632879256114,161.77818136864607,0.0295001736358831,29.659330987615128,0,15.220176465520018,1,1,1
315.9476010624529,58.484313136841536,0.0267040181207297,-4.539304459992181,0,-17.881067670419874,0,1,0
290.82008530647954,25.127515755973377,0.0269710800584056,25.924233411662563,0,11.258304523732734,1,1,1
401.8273967445611,111.00731143808156,0.0224930814349845,-5.70835173648598,0,-3.738235063209487,0,1,0
103.44743827031829,298.3799584742428,0.0117557478053125,-25.838908181691764,1,0.4090235141250922,0,1,1
45.36061891270385,58.08681935761442,0.0124990653770711,7.895040123718147,0,-0.5752066669343456,0,1,0
23.976236893575383,21.384382019128463,0.012569916592284,3.944699399694272,0,-6.667850414030779,0,1,0
275.51439349438584,251.53815660081045,0.0165340118540597,-7.706170570279539,0,1.0980933548555805,0,1,0
23.60058007531086,251.91381341907496,0.0161849288692589,-25.179164585061223,1,-1.1878229456459932,0,1,1
356.7833172611953,333.18273718588443,0.021320073394275,63.81796045791653,0,-0.1806297950224067,0,1,0
537.4862482043112,180.70293094311592,0.0254415940385461,-18.63087107691236,1,0.6340548813272706,0,1,1
215.1209089676443,322.3653392366669,0.0265095778831321,-16.227179407166716,1,12.220131771538783,1,1,1
72.45252254465356,142.66838642299075,0.0384378111482654,7.989335769255135,0,-11.64823983124349,0,1,0
220.0196358246721,147.56711328001853,0.0415937318525467,-28.51386628443133,1,2.9457573096227274,0,1,1
72.72458151964435,147.29505430502775,0.0410575406508325,25.391417241072,0,7.90912236303676,1,1,1
274.3882304204305,201.66364890078611,0.0469924101000673,17.237715593458837,0,-10.893670422199769,0,1,0
168.63869298234982,105.74953743808068,0.0462838280197661,-16.988273054664333,1,15.959811716116754,1,1,1
329.57757780301296,160.93888482066313,0.0469157961124272,-4.240719348551295,0,-8.6554414110107,0,1,0
234.6528483223641,94.92472948064886,0.0523744308240289,-1.4623761731402212,0,9.711466246747747,1,1,1
119.4625344394708,115.1903138828933,0.0557888475011862,23.938969817946465,0,-15.410935034411231,0,1,0
22.566185475332173,96.8963489641386,0.0619379234287122,-0.6626498903498543,0,-3.237727027577486,0,1,0
175.29906508776617,152.732879612434,0.0542993202453626,-0.2615553315409613,0,11.193140416341503,1,1,1
270.8867806712695,95.58771558350332,0.0521276472650915,-40.31201840246766,1,-5.230860416068839,0,1,1
79.41314406414376,191.4736366071257,0.0570169140318339,29.737997596241456,0,4.873043097401937,0,1,0
146.8716238696827,67.45847980553894,0.0536266387908767,12.880987611564848,0,-1.9748074280878944,0,1,0
20.12697720570053,126.74464666398217,0.054539829398059,-17.361043491688605,1,-0.3298800732251017,0,1,1
266.0948096486615,245.96783244296097,0.0469314505285722,17.3666463257005,0,7.880429344933812,1,1,1
126.41406940190636,139.68074024675516,0.0373134941064159,6.034083990686497,0,-13.186872606907166,0,1,0
289.09812506246686,162.68405566056052,0.0410794425464839,-54.441067100636864,1,6.156018212983145,1,1,1
361.26192706161504,72.16380199914818,0.0277639965629313,10.59606127938487,0,-1.6726130602614724,0,1,0
253.98339044907047,107.27853661254456,0.0307099285936474,23.59750547213488,0,5.15530319164842,1,1,1
28.03547114256233,225.9479193065081,0.0289763361388191,-24.930500608628748,1,-12.472735089179446,0,1,1
186.13873601510923,158.1032648725469,0.0351039559479163,52.13655931393308,0,9.58575550500118,1,1,1
153.35571374813955,32.78302226696968,0.0360178370955985,-59.78009102711566,1,-1.017595708771335,0,1,1
101.51008398681957,51.84562976132,0.0317501534187206,13.02509903662922,0,9.900799097112188,1,1,1
239.77631044422697,138.2662264574074,0.0320977753968174,50.9886659742702,0,-4.355175911714797,0,1,0
139.05499143655013,100.72131900767684,0.0307557533916472,-64.40996451962131,1,-12.01686394178012,0,1,1
124.49213543483728,14.56285600171286,0.0380910881998178,20.770876958784548,0,7.0847164039020205,1,1,1
150.4898921147717,25.997756679934422,0.0369840884665108,-10.802832745128017,1,5.490449666807047,1,1,1
173.1732799684247,22.683387853653016,0.0363440750198106,39.68135134445191,0,-5.183351134611174,0,1,0
188.50353566281984,15.330255694395134,0.0427406990490895,-40.452156080212525,1,-3.357371907161304,0,1,1
239.11361614172927,50.61008047890948,0.0417358680837181,-11.417462800374558,1,0.3990921264199087,0,1,1
189.7407886689163,49.372827472813015,0.0401222740834538,61.73649406570452,0,-0.1930286121322133,0,1,0
80.53646483113091,109.2043238377854,0.0432536276280427,-49.25862033453159,1,-6.940989401645703,0,1,1
151.58699453749958,71.05052970636866,0.0341793218975457,33.94761235072108,0,14.21283340756107,1,1,1
275.991495304846,124.40450076734638,0.0381955275421533,-36.09438442521926,1,-2.394247741355347,0,1,1
201.53611130296096,74.455384001885,0.0400267776455701,-8.958887501517907,0,-6.8441247393397004,0,1,0
207.9946583555907,6.45854705262974,0.0301602427784934,49.90644408672985,0,7.226917022551748,1,0,1
137.45587500518488,70.53878335040582,0.0271012899563872,-59.74641562098169,1,-6.42587984405186,0,1,1
11.0852095698889,126.37066543529598,0.0242068238363312,22.111269578584796,0,-1.306960615263189,0,1,0
42.83990696805117,31.754697398162264,0.024637752078184,35.84870484369847,0,9.955430754003416,1,1,1
60.12381215482083,17.283905186769665,0.0256262294022888,-21.435531679056943,1,1.359134436541769,0,1,1
195.1572965100937,135.0334843552729,0.0277170365769174,14.19490367610792,0,-3.668019692729484,0,1,0
318.00367571061344,122.84637920051972,0.0318630988413197,-49.82055282581759,1,3.1687600362465425,0,1,1
339.08290035201406,21.07922464140063,0.0356318508635607,54.63944669947518,0,-8.368930257449767,0,1,0
209.41886644987835,129.6640339021357,0.0226683996378812,-46.22956682930744,1,-5.877926455523583,0,1,1
232.1995820330845,22.780715583206188,0.0215589659367629,50.94109044388591,0,10.66163633759218,1,1,1
169.1679975693655,63.03158446371904,0.0277670152569847,-19.56234527596702,1,-6.978187182785703,0,1,1
163.15793549393692,6.0100620754285785,0.0261076111047667,13.998967827599586,0,10.430061947146172,1,0,1
120.36861013416504,42.78932535977188,0.0166972958189792,-42.10633012224153,1,-8.387435826242704,0,1,1
217.46435189834807,97.09574176418305,0.0122674558046542,14.607425193883238,0,6.251309676134102,1,1,1
109.78821297534806,107.676138923,0.0136164709934777,32.531506081302105,0,-2.3561384370778864,0,1,0
127.18329324135787,17.395080266009828,0.0170869166867731,8.698812947917105,0,5.292373420563761,1,1,1
210.6253474135411,83.44205417218322,0.0174425601060936,-54.73858392057108,1,0.2964126719907618,0,1,1
353.18453275048176,142.55918533694066,0.0173109918675611,45.34571717383427,0,-15.280153694726948,0,1,0
189.9612803130791,163.22325243740266,0.0163110915239985,-54.78707852851454,1,4.53635841527735,0,1,1
186.943437859348,3.017842453731077,0.0137818146553847,25.375478652608464,0,11.515269597053864,1,0,1
125.5506092020815,61.39282865726652,0.0135331765092985,41.03768039939344,0,-9.33779015704086,0,1,0
132.6088158831382,7.058206681056689,0.0144639063163058,0.5133455339278754,0,2.217594273750157,0,0,0
108.591753629442,24.0170622536962,0.0133596970016898,-51.87634269184615,1,-6.630511128260924,0,1,1
234.801042601152,126.20928897171,0.0144880802206753,-8.301503636600373,0,7.386849613391218,1,1,1
289.3843097493175,54.58326714816548,0.0148888989698704,-3.4741628894710743,0,-5.761426712911701,0,1,0
257.45139259669696,31.93291715262052,0.0258795204640566,26.511110648594126,0,11.292372919803409,1,1,1
292.03512579387467,34.58373319717771,0.0339580404770069,-31.10387418838622,1,-12.579777269256294,0,1,1
239.91549765920772,52.119628134666925,0.0318707506835567,21.18209809911825,0,3.192209846439624,0,1,0
264.795637520943,24.880139861735245,0.0358848677848824,-27.1873548687974,1,-5.2956244897195015,0,1,1
134.39969844591798,130.395939075025,0.0508209822891762,19.390959551129995,0,9.858162016407237,1,1,1
153.49579011526745,19.09609166934945,0.0543626134996063,51.27030327291717,0,7.079799622892345,1,1,1
342.95981820667663,189.4640280914092,0.0512121690699232,-36.26388068502698,1,-15.376323009477732,0,1,1
279.0304254384366,63.92939276824001,0.054899402689048,-29.858635808001328,1,-3.0683748878525097,0,1,1
150.74614277358071,128.2842826648559,0.0511627905856297,45.8473073702416,0,8.054519297766525,1,1,1
173.13186394927777,22.385721175697057,0.054200358591969,24.70374182642128,0,6.519040527038163,1,1,1
498.1575431389432,325.02567918966537,0.0526082011920598,-39.378074870839725,1,4.533709646157943,0,1,1
529.4692851353531,31.31174199640992,0.029871134400246,12.87041885616351,0,-18.47643150975982,0,1,0
288.814053895382,240.6552312399711,0.0292374538684056,23.610411705588035,0,14.693656389913471,1,1,1
130.6898887748243,158.12416512055765,0.0202887466682568,-40.02548663452814,1,-8.345756288065965,0,1,1
71.49636629927146,59.19352247555285,0.0198245399992196,19.638990550546005,0,-4.298851504017449,0,1,0
238.0083675080979,166.51200120882646,0.0177558494848618,-17.910602519976152,1,0.7714731850047429,0,1,1
328.2001201829683,90.1917526748704,0.0343629944767131,41.71413617980882,0,14.631572115830402,1,1,1
292.1483678713573,36.05175231161098,0.0386817623860598,-36.66635228428342,1,-2.290524550674782,0,1,1
261.1177080323878,31.03065983896954,0.0383153576510097,30.5481057429823,0,-9.952569159204334,0,1,0
91.83380634595146,169.2839016864363,0.0402032767655041,-30.276351705154102,1,12.569223768908714,1,1,1
46.11506442165952,45.71874192429194,0.0378678671058226,12.895006747994266,0,-16.698739191039813,0,1,0
317.88825936339896,271.77319494173946,0.0229314994016629,-22.579567648273404,1,4.345662746728198,0,1,1
232.1671667616992,85.72109260169975,0.0217105086947176,42.51308636277677,0,6.607694516668138,1,1,1
141.459567146784,90.7075996149152,0.0219973456285558,-21.64903357902645,1,6.929958147735693,1,1,1
29.85613140301165,111.60343574377237,0.0220090005861051,-50.1623853683853,1,-10.675547187255928,0,1,1
343.60405727455515,313.7479258715435,0.0229392309674962,-0.3416925093870198,0,6.901463426597077,1,1,1
411.1012365308552,67.4971792563,0.0238555581452811,52.842907590199545,0,2.1030200809185224,0,1,0
267.4536126553958,143.64762387545937,0.0251105213934166,-44.95269249008257,1,-18.124749372698023,0,1,1
200.68511170631533,66.76850094908042,0.0282191875701525,48.15164403457315,0,5.586246093815467,1,1,1
223.6344716930316,22.94935998671625,0.0272870886443724,-31.531810633243808,1,-3.771619509871471,0,1,1
183.7913008603514,39.84317083268019,0.0272763154852855,17.35223186457781,0,13.514009920293278,1,1,1
162.0789870277036,21.712313832647823,0.027872265254854,-29.161607244634773,1,-4.180196442985512,0,1,1
300.97880433790647,138.89981731020288,0.0268046506214119,5.745776869683006,0,-9.429809662865129,0,1,0
391.9484415743352,90.96963723642877,0.0233204669327724,15.255676235193796,0,6.503288627288523,1,1,1
314.9822286746961,76.96621289963912,0.0336659226987254,18.2847860701976,0,1.8648999416180576,0,1,0
243.08782123271985,71.89440744197626,0.0340149392626962,-40.77967524675624,1,3.675641415518978,0,1,1
228.22698921781068,14.860832014909164,0.030068439329591,10.044119931924977,0,1.6346558542247251,0,1,0
297.29926428601885,69.07227506820817,0.0285241767266945,-5.945658711659625,0,-13.832240674697026,0,1,0
34.9813049381171,262.31795934790176,0.0282048714401185,52.45695255116415,0,7.9954678757221425,1,1,1
140.8881115528576,105.9068066147405,0.0299296289636332,-17.1734252254368,1,-6.530443197260862,0,1,1
181.01381592981716,40.12570437695953,0.0357292291587238,-14.360860528353946,1,11.842642383894496,1,1,1
137.5525814108493,43.46123451896781,0.0378879995096773,38.27578538865718,0,-1.9117344231291025,0,1,0
296.1026557765028,158.55007436565347,0.0452530141587349,-16.889340705854565,1,1.3066424044510985,0,1,1
274.88406924415125,21.218586532351537,0.0413365562392906,15.711985462947112,0,-12.960133936720185,0,1,0
93.51589444225768,181.3681748018936,0.0416236116948185,-26.77065227633497,1,8.70660711310708,1,1,1
250.1354112290512,156.61951678679353,0.0420187784921525,-36.76288391476347,1,6.605120812204479,1,1,1
67.91255359492165,182.2228576341296,0.0343809424208549,42.98961561232112,0,-2.5447851003103565,0,1,0
90.29305656479846,22.38050296987681,0.0299877468471449,-37.91487566306973,1,2.968131609644136,0,1,1
172.97087884477943,82.67782227998097,0.0426020779083999,11.558194480870732,0,-13.11286888382394,0,1,0
321.69433898031235,148.72346013553292,0.0347316401624462,13.0919473716133,0,1.615922651394488,0,1,0
370.87172676152034,49.17738778120798,0.0370879835689091,-28.18015614009611,1,3.087568465570927,0,1,1
339.0810758803692,31.790650881151123,0.036900783323024,-10.926767936980196,1,1.6395610058632553,0,1,1
245.59851457889368,93.48256130147551,0.0356267508293569,24.50436456169999,0,-5.421885521760263,0,1,0
155.0705894015299,90.52792517736378,0.0456211023847082,39.7783863374203,0,2.581489795768192,0,1,0
417.6399966462615,262.5694072447316,0.0444817466137763,-64.71486463041438,1,6.116106989452701,1,1,1
258.41043852490145,159.22955812136,0.0369030270151704,7.524317758907312,0,-0.8332273139825599,0,1,0
99.59859297742317,158.8118455474783,0.0351244703217268,55.79367388336838,0,-10.698165033643932,0,1,0
91.0540349782455,8.544557999177655,0.0327763804955658,-40.08025230293553,1,17.504591113771006,1,0,1
220.35176891788896,129.29773393964348,0.0299754648233692,50.58894492247666,0,-8.459148417787036,0,1,0
88.08584373970442,132.26592517818457,0.0279420468047316,-44.637549719094736,1,-1.5836567088713576,0,1,1
52.10988606497215,35.975957674732264,0.0253742421728105,33.316782887372085,0,9.67369592879412,1,1,1
165.99472021362442,113.88483414865226,0.0258329078160889,-43.03312702578358,1,-16.53835481153447,0,1,1
25.2024620717766,140.7922581418478,0.0293051425763868,-15.756688227731807,1,8.066878217591444,1,1,1
214.49184787008292,189.28938579830637,0.0235615108506559,65.57785978389953,0,5.228084581329064,1,1,1
255.18612954124268,40.69428167115973,0.0249875109610027,3.659359194825953,0,-8.123477862154132,0,1,0
122.159174538719,133.02695500252366,0.0213614601834592,-17.535745412828575,1,6.748020064241806,1,1,1
264.0231724938185,141.86399795509948,0.0237328250391572,4.95745324855416,0,3.257165007508471,0,1,0
163.94394086360455,100.07923163021394,0.0237258690371197,-61.03521628033957,1,-12.75019710573163,0,1,1
346.33108762706274,182.3871467634582,0.0265543243856731,59.7356718054324,0,-0.4038608507773045,0,1,0
316.3807003987712,29.95038722829156,0.0372537766480921,-22.530170461678296,1,2.3845098162365588,0,1,1
101.76062564308384,214.6200747556873,0.0370894539509482,-1.5524745819655408,0,1.1551195155132277,0,1,0
260.74568223822274,158.9850565951389,0.0344968485895895,6.982357268493068,0,-6.147942801773365,0,1,0
107.2533695997787,153.49231263844405,0.0347006079066642,-21.508776340869744,1,2.404892745443732,0,1,1
95.24826168086996,12.005107918908736,0.0323879517516951,34.006267088108224,0,12.838780357022909,1,1,1
343.56170640700327,248.3134447261333,0.0349639758753318,-32.05597462271154,1,-6.132738906289141,0,1,1
245.766472788328,97.7952336186753,0.0290995762108015,21.041421275229787,0,-5.975415807973272,0,1,0
194.1233893583229,51.64308343000508,0.0446801515803896,-33.73435273246762,1,13.515489012593449,1,1,1
411.7007482750751,217.57735891675225,0.0427513418768567,43.05187250442128,0,-3.38567275780928,0,1,0
163.07734175223675,248.6234065228384,0.0479433186501779,-38.83702964494683,1,-8.2376150856498,0,1,1
218.14259642633837,55.0652546741016,0.0472833348809752,-1.535902304550376,0,8.060250329635219,1,1,1
107.42198327470508,110.72061315163327,0.0417583157240235,-11.690465870297537,1,-3.387811504426164,0,1,1
140.83446565975115,33.412482385046104,0.0418151400430442,7.800209072035841,0,1.7553215954384704,0,1,0
396.1734294663426,255.33896380659144,0.0316503075389791,8.862757544729448,0,-7.247381124122056,0,1,0
77.47490171562957,318.698527750713,0.0496978034794038,-0.820870751160534,0,-2.239077450936376,0,1,0
89.05277226576911,11.577870550139536,0.0592547352213955,8.428965487112514,0,0.88170419439128,0,1,0
340.1241291609101,251.071356895141,0.0561454645109517,-21.86040089609701,1,-3.396923823714633,0,1,1
261.764505813535,78.35962334737513,0.0439747644868756,70.4625280354251,0,7.746063163259782,1,1,1
45.15255905061807,216.6119467629169,0.0388205322369119,-65.2817711337799,1,-1.2960867110879235,0,1,1
245.70113442859144,200.54857537797335,0.0373291828236739,46.62303996914562,0,-8.073872200538425,0,1,0
324.39709713683294,78.6959627082415,0.0360210524915627,-13.351256728997662,1,17.076539891751366,1,1,1
128.12362474577262,196.27347239106032,0.0274961868024416,1.417250805168841,0,-3.4899489606104286,0,1,0
61.29478248354213,66.8288422622305,0.0215214217200257,-35.78175835147026,1,-4.702561341066051,0,1,1
179.70424953755762,118.4094670540155,0.0209524002252416,11.015849331255474,0,10.405601470628616,1,1,1
437.5388665922405,257.8346170546829,0.0184287381193956,42.93330818456793,0,-0.5295923038324872,0,1,0
244.1384301616784,193.40043643056208,0.0180109153694012,-25.295586895784275,1,-16.908893635099098,0,1,1
127.45607055499362,116.68235960668478,0.018562254445769,-0.5294912787358541,0,10.400846199742045,1,1,1
230.33494276745236,102.87887221245872,0.0203025503708049,7.107518293526155,0,4.037664892375345,0,1,0
238.31060306245288,7.975660295000551,0.0195099396212524,-8.968472595752175,0,-12.881412642314398,0,0,0
112.01285915391344,126.29774390853945,0.021682660753723,29.78640340417633,0,-0.8997955705348115,0,1,0
330.9697687107312,218.95690955681775,0.0200715770880061,-4.5944586538179095,0,2.636314132453323,0,1,0
399.722067037925,68.75229832719378,0.0223261628663529,-34.53607848220264,1,0.3978673268754988,0,1,1
395.7618656224831,3.9602014154419294,0.0177174075961308,39.60615170084188,0,13.70626933641432,1,0,1
170.666760445288,225.09510517719508,0.019068181294833,-23.47797463950276,1,-3.69014563235714,0,1,1
167.10058519591698,3.566175249371014,0.0211438176092459,8.730432248696701,0,-14.414788523832438,0,0,0
105.42266838495485,61.67791681096213,0.0265417007215575,19.075119892495096,0,14.534870293019676,1,1,1
163.9360514300266,58.51338304507175,0.0283959506260312,-31.21460661179281,1,-12.33683801368252,0,1,1
260.0556271850213,96.11957575499471,0.029177994988592,22.42136906459617,0,3.752048781486472,0,1,0
208.43085799583545,51.62476918918588,0.0348211165611274,-10.25384027582507,1,-0.7744469978709567,0,1,1
329.7453690367563,121.31451104092088,0.0349776746442993,-16.1073934245996,1,-0.9227607159434026,0,1,1
202.21426185224556,127.53110718451076,0.0461279930378681,28.98427400643225,0,0.7275292187243352,0,1,0
192.00468724672507,10.20957460552046,0.0325635504987172,-54.71113988061866,1,8.90886991882978,1,1,1
265.1251082126722,73.12042096594715,0.0290059301825217,38.084887955034304,0,-9.75295265443939,0,1,0
69.59495174413415,195.53015646853805,0.0291529139805127,-42.78475679485541,1,10.683404021005536,1,1,1
99.70471472013018,30.109762975996038,0.0270761902138013,8.780669630577425,0,-14.19414221452825,0,1,0
141.11811894383194,41.41340422370176,0.0270052148201551,35.41636077251675,0,10.083058502439938,1,1,1
65.89993613315147,75.21818281068047,0.0269387208414985,-23.301355264934607,1,5.356619228910478,1,1,1
263.2609741488988,197.3610380157473,0.0315068548324062,-3.6105366282483615,0,-15.67407406689104,0,1,0
135.20646974089195,128.05450440800686,0.0372469333571258,55.46909626584864,0,11.111811215576346,1,1,1
303.0822276110196,167.87575787012767,0.0219585459408779,-47.19464553445444,1,-2.465419569307148,0,1,1
264.5463067590815,38.5359208519381,0.0355390428642161,15.906867786962678,0,-3.5935123423344075,0,1,0
194.6285883474364,69.91771841164513,0.0334284337302566,-2.439415915835013,0,-4.625331938172003,0,1,0
132.73116914464916,61.89741920278723,0.0319012619100173,-37.778427851190834,1,11.516215171251218,1,1,1
173.51049421143512,40.77932506678596,0.0316951304679281,48.98058521780158,0,-7.342146639460047,0,1,0
227.2819277356375,53.77143352420239,0.0381095431131886,-12.909953495170484,1,0.5908214256417494,0,1,1
128.44890625250517,98.83302148313234,0.0412738928932926,-10.518736229808844,1,7.573473992470653,1,1,1
209.25914801251224,80.81024176000707,0.0435778958963626,-25.23202405856009,1,4.55521657359126,0,1,1
100.93023717075224,108.32891084176,0.0359866964716269,18.159773513636324,0,-12.234322388194778,0,1,0
147.30410315879735,46.373865988045125,0.0366011786536278,47.28651126554278,0,8.261912587060216,1,1,1
64.07881406353877,83.2252890952586,0.0406208975151074,-56.83072019988241,1,4.197519072256254,0,1,1
57.80999483988477,6.268819223653999,0.0399124831605491,3.649781315532138,0,-17.175641544160506,0,0,0
323.29660467074655,265.48660983086177,0.0388644927591617,-1.1231686945479566,0,8.627499980017621,1,1,1
334.618203439562,11.321598768815477,0.0443492461649742,54.84086305496497,0,-10.360752284177114,0,1,0
96.9132695453314,237.70493389423063,0.044634804465992,-15.264746923080535,1,16.28027391532204,1,1,1
125.81835077257584,28.90508122724444,0.0381914560247326,14.547806426918015,0,-10.76574658869237,0,1,0
294.5566274073474,168.73827663477152,0.034790049499341,2.552274945762477,0,0.917535847000031,0,1,0
316.6562234384533,22.09959603110593,0.0328323390629292,1.1376828226445213,0,7.090388890616763,1,1,1
150.33353129712157,166.32269214133174,0.0327245417149691,-35.38015378606759,1,2.037857520772068,0,1,1
19.659204490259576,130.67432680686198,0.0414836829851536,-0.7593409420385413,0,-7.783791261808563,0,1,0
137.25715582043065,117.59795133017109,0.0478786281122543,28.21591913585631,0,5.310596325547806,1,1,1
53.97085180014179,83.28630402028887,0.0529411069215964,-39.75969328838295,1,5.816686878505621,1,1,1
173.95322499316816,119.98237319302638,0.0565896523332893,-24.777243570564504,1,-1.3890423181406677,0,1,1
185.25227696621923,11.299051973051064,0.0424324504609998,24.74692699963175,0,-3.712163732549328,0,1,0
61.06451634202157,124.18776062419768,0.0372967071500573,30.78420907120189,0,4.835395608919367,0,1,0
92.27541404311744,31.210897701095867,0.0367408387301329,-47.418902303461984,1,-1.3425168194874395,0,1,1
180.8637745021593,88.58836045904182,0.0277678596245174,52.89334450294721,0,-2.9385795068084484,0,1,0
388.1784811555556,207.3147066533964,0.0257993747419526,2.455476763787175,0,3.7647737211519576,0,1,0
467.31900629533584,79.14052513978021,0.0175328081080145,-57.16495611295252,1,-1.9971458968215396,0,1,1
14.896270788170122,452.4227355071657,0.0190908651355552,-0.2458463667928647,0,-6.302727316024409,0,1,0
384.4559997396744,369.5597289515042,0.0220225640871771,8.077828806681492,0,0.0005560953315963,0,1,0
91.7521061041214,292.70389363555296,0.0213882274830191,12.60617973769986,0,-9.86982225535285,0,1,0
352.9095370894908,261.1574309853694,0.0218324273948541,14.107534027393848,0,0.4291788725423263,0,1,0
371.63534925756767,18.725812168076857,0.027757485913054,-3.775325643401153,0,14.319557218663016,1,1,1
287.6082193237662,84.02712993380146,0.0293440473402459,29.41011913103567,0,-3.8291738964074495,0,1,0
145.18496266765524,142.42325665611096,0.028304053615778,-56.87492000922266,1,4.123784391667293,0,1,1
296.62567255365667,151.44070988600143,0.0296658973450829,44.42725880974395,0,3.774093989303832,0,1,0
128.97884659988804,167.64682595376863,0.0300899199642277,-11.894890958413804,1,-9.942643272635433,0,1,1
50.62574950200415,78.3530970978839,0.0273300279077903,15.035059035506016,0,-7.281701092927891,0,1,0
238.4924241172737,187.8666746152696,0.0221902510299237,-31.590271706649453,1,10.762276828017775,1,1,1
123.631494331037,114.86092978623677,0.0211817760232059,10.354656151901928,0,-10.536512598806862,0,1,0
175.93948757606458,52.30799324502759,0.0237709385765094,-35.42293116334483,1,10.431383575077422,1,1,1
206.7915716442008,30.85208406813624,0.0221861827512587,7.001033591272968,0,-1.8712829442390968,0,1,0
213.20259913664825,6.411027492447431,0.0466783532364236,20.71117623078817,0,3.689565207637724,0,0,0
110.13480860600468,103.06779053064356,0.0506173833631471,8.50073033226316,0,-7.225150943800897,0,1,0
196.64384606424252,86.50903745823787,0.047707266108771,-31.640627844064653,1,-4.14195512272461,0,1,1
217.29748529910745,20.65363923486487,0.0502725994712267,59.139308485039415,0,1.846973893383752,0,1,0
173.4375394640613,43.85994583504612,0.0461732418397714,9.685129056502106,0,8.948477073938964,1,1,1
274.8172584455154,101.37971898145408,0.045564790061024,-27.97239075895841,1,-4.109375341829333,0,1,1
334.62927750763595,59.81201906212056,0.0398467955121559,-43.43964453039106,1,1.253037970866405,0,1,1
381.3551855889689,46.72590808133293,0.038187561815659,54.8339442416878,0,-4.356381167704901,0,1,0
239.02734224291677,142.32784334605213,0.0425976895311996,-41.733000956170855,1,10.274074915453552,1,1,1
152.14094388071166,86.88639836220509,0.0323843836667534,41.319038385366994,0,3.2550582283165888,0,1,0
258.1158822041021,105.97493832339045,0.0358645713876126,-23.944454157490654,1,-13.74497942609754,0,1,1
285.3508783851568,27.23499618105467,0.0441121422707904,-30.47354871114649,1,8.128910068586116,1,1,1
243.48876020504505,41.862118180111736,0.0394574624751737,18.025782632908992,0,-10.951027350400018,0,1,0
402.73779575546297,159.24903555041794,0.0368817475501099,11.862481677449225,0,11.42663383971185,1,1,1
319.4971707544306,83.24062500103236,0.0329279681054887,24.737630521534093,0,-6.231611303108879,0,1,0
151.02170582155978,168.47546493287084,0.0238213820201778,-48.25448478507377,1,3.48908638487,0,1,1
84.93906732785014,66.08263849370964,0.0225438339516978,12.314591639837616,0,-7.354901184991643,0,1,0
10.957447595138904,73.98161973271124,0.0245367232330058,-16.277151713931403,1,12.281922084130136,1,1,1
267.8490747497298,256.89162715459094,0.0247841237644542,42.581576565249335,0,-13.56642854611522,0,1,0
197.5739011184733,70.27517363125651,0.0229088929660656,-11.32283912333414,1,15.105402656164848,1,1,1
378.42589247667087,180.85199135819755,0.0217119176076986,36.378675715619245,0,-17.34714146259971,0,1,0
402.79750799056376,24.37161551389289,0.0206113228233546,-15.07615537596982,1,4.534663635737979,0,1,1
152.56674533217227,250.23076265839148,0.0215891170581983,2.986748751003603,0,5.499278965518878,1,1,1
193.9975981941056,41.43085286193332,0.0239939474688182,-49.0795829763368,1,5.910461720470945,1,1,1
221.4046345717248,27.407036377619164,0.0250541243032761,8.178395612475136,0,-5.628874539273353,0,1,0
109.61885709288404,111.78577747884071,0.025457684695705,19.72136182986021,0,-7.218223325543368,0,1,0
371.3088973741084,261.6900402812244,0.0271897773773745,-39.97240340015365,1,12.858393920542166,1,1,1
201.15589346729053,170.15300390681787,0.0260851508840442,68.53149141748109,0,-5.257425514156925,0,1,0
189.6219531587752,11.533940308515383,0.0355916094791683,-7.391020928694772,0,-7.276302819787432,0,1,0
250.8004355793961,61.17848242062093,0.0343516262814367,-57.58405574389081,1,6.589931843478544,1,1,1
87.60898440729368,163.1914511721024,0.03520883910095,63.28753814223165,0,2.2691139943445293,0,1,0
313.2745838198072,225.66559941251356,0.0354060296883143,-67.56366377239627,1,0.1045638687215131,0,1,1
393.6664043804208,80.39182056061355,0.035293736201346,8.77849629760237,0,0.8695430763717322,0,1,0
416.6491721002081,22.98276771978732,0.0336314004291,-4.70838124643981,0,3.434668583201578,0,1,0
179.3681648650337,237.2810072351744,0.0310216378386115,33.90363031064139,0,-1.418319777624724,0,1,0
138.24339409468078,41.12477077035291,0.0243434469560654,24.39118784625495,0,-4.342500949161007,0,1,0
263.8771761644448,125.633782069764,0.0282256580897915,-48.440849446432345,1,-11.510631926083065,0,1,1
152.76257613506613,111.11460002937866,0.0378730937989054,47.43578394378687,0,14.347139261787994,1,1,1
125.266963225986,27.495612909080137,0.0338424883194724,-46.92493431801664,1,4.508741082299235,0,1,1
142.78293161167255,17.515968385686563,0.0469822669890947,64.44892459016367,0,-13.387856029843114,0,1,0
190.5223263262519,47.73939471457936,0.0491918624154175,-10.964944419008177,1,6.026639914206124,1,1,1
145.7725821476233,44.74974417862862,0.0462196990406484,-9.303020838157964,0,3.2353598450281336,0,1,0
103.631120168466,42.1414619791573,0.0420549711396094,-11.639868058523618,1,-2.5915525932100536,0,1,1
74.60605407890999,29.02506608955601,0.0314924006403816,-27.93121809226036,1,5.669198291255256,1,1,1
78.24076806260545,3.6347139836954634,0.0357665363572966,-9.86244599648057,0,-8.984178687044537,0,0,0
324.9324315522694,246.69166348966397,0.0318694440960664,27.283130401806208,0,1.1701363317462317,0,1,0
256.58422406393834,68.34820748833107,0.0306729249193385,-4.61171982129607,0,-9.872067717783498,0,1,0
299.8752168148483,43.290992750909936,0.0348179805833502,21.745653503039684,0,17.239558436638653,1,1,1
232.3966789178101,67.47853789703817,0.0341510577266703,-40.351293734923104,1,-12.75877000646778,0,1,1
248.9908181540825,16.59413923627241,0.0304769550471203,31.3630972555205,0,14.322765248376369,1,1,1
597.8450446679077,348.8542265138252,0.035149971147929,10.49773976929626,0,-15.526294245053446,0,1,0
357.9910852023964,239.8539594655113,0.04086705123367,-31.55071643549705,1,1.0269863276822493,0,1,1
284.34307429945125,73.64801090294515,0.0445861919568859,38.48384099002821,0,4.623399113220181,0,1,0
316.60550914478546,32.26243484533421,0.0350903461327539,-27.853711804852864,1,3.5174888536607654,0,1,1
141.59358382685787,175.0119253179276,0.0298541961575869,-21.53694221148818,1,-4.3967093802241095,0,1,1
105.55974281579569,36.03384101106218,0.0288909008270801,2.571116087231971,0,-1.7769615235958014,0,1,0
391.4192606088541,285.8595177930584,0.0300410849714167,6.730269194822625,0,3.765408923306007,0,1,0
168.7444545519577,222.6748060568964,0.0236614382255451,-9.661771403338484,0,8.364226806000845,1,1,1
244.04256495073523,75.29811039877757,0.0253117010650121,32.38346378999798,0,0.0730735636614348,0,1,0
364.90501003089406,120.8624450801588,0.0316245968715324,30.89772859668345,0,-12.678144152975582,0,1,0
96.42524458250524,268.47976544838883,0.0318978728216964,-4.245447596908747,0,7.042277049240884,1,1,1
234.2360220669668,137.81077748446154,0.0303935983475663,-45.78552762002957,1,0.8350731190216454,0,1,1
392.61422452773314,158.37820246076635,0.0379608001805676,43.273227019771895,0,-1.369903374603295,0,1,0
155.1555925188324,237.45863200890076,0.0353453040534951,7.1482911775571125,0,-10.808137480714382,0,1,0
171.0978870000942,15.942294481261795,0.0333077137344837,-52.78846568935487,1,8.529307948882362,1,1,1
258.68734567370706,87.58945867361285,0.0390414613222546,48.88941917079876,0,4.475519118912022,0,1,0
461.9157476511361,203.22840197742903,0.0462603822815451,7.371534749821862,0,-11.248841022662395,0,1,0
139.3782034299149,322.5375442212212,0.0437873220606149,-15.980580387442728,1,2.9479854781049664,0,1,1
244.42047536717868,105.0422719372638,0.0464115371132548,-32.595879161494885,1,-2.8881678279080703,0,1,1
430.6269049020419,186.2064295348632,0.0458950221444101,17.465462769205693,0,13.662562309275078,1,1,1
359.2277229407408,71.39918196130111,0.0422300859145659,-19.548396436687824,1,-0.5679387680373118,0,1,1
80.55840661025015,278.66931633049063,0.0381068467020073,50.54197073744946,0,-13.786569914562998,0,1,0
188.11026169002648,107.55185507977632,0.0397162010017536,-74.24864365193129,1,11.826942289174085,1,1,1
66.49325731863365,121.61700437139282,0.028335080549661,66.0181669892038,0,-7.931483338636695,0,1,0
139.97408324376863,73.48082592513498,0.0239245982378768,-65.48257534617447,1,6.443898318507347,1,1,1
267.4477761889938,127.4736929452252,0.0474356435782294,-2.588024833475039,0,-3.8560567541550217,0,1,0
278.6699988777469,11.22222268875305,0.0443786223071859,71.81933549676098,0,-0.4277842322096266,0,1,0
171.80573655953037,106.8642623182165,0.0389496679446416,-5.812606326260379,0,8.186117558340083,1,1,1
142.8017496540692,29.003986905461176,0.03809805541565,-40.457615373799406,1,-4.886410936039036,0,1,1
220.92687412937917,78.12512447530995,0.0342069249760776,47.67763544281477,0,-8.023926456192225,0,1,0
245.8543853737431,24.92751124436396,0.0264676067396119,-7.654024852350375,0,-2.5001797016578298,0,1,0
254.30171368398055,8.44732831023748,0.0259749985398052,3.210079847349391,0,16.45295770657997,1,0,1
55.35846879449705,198.94324488948357,0.0306942164160102,-24.54939115974776,1,-15.600417829462868,0,1,1
287.4741710756504,232.1157022811533,0.0307902955039439,29.057043996718637,0,11.613810407752489,1,1,1
235.44056917936587,52.033601896284495,0.0306143351090183,-11.899706278325354,1,-4.764539095860704,0,1,1
79.23662388501852,156.20394529434736,0.0266207536121605,10.429652215881674,0,-7.115682687809569,0,1,0
312.88140295329464,233.6447790682761,0.0241632593405274,-52.67535400184206,1,12.731804496958976,1,1,1
183.97109324502927,128.91030970826537,0.0284614682640931,20.046930553518894,0,2.556578571249579,0,1,0
31.357546391184144,152.61354685384512,0.0311950028285668,26.845220945252265,0,-15.659558573792388,0,1,0
300.25909548668693,268.9015490955028,0.0378574882709952,-23.034703062557853,1,-1.0883555876568218,0,1,1
226.37349873429824,73.8855967523887,0.0386625404700986,17.709545534716753,0,15.655222464665282,1,1,1
157.46676737749237,68.90673135680589,0.0406762419793354,13.759888605822894,0,-6.977930247209475,0,1,0
215.06042169892115,57.5936543214288,0.0407360001335541,-13.482730680796848,1,3.4716363614789127,0,1,1
307.86357789283926,92.80315619391811,0.0418621019844375,-39.13625708014479,1,-4.6610983956897325,0,1,1
213.84081807224803,94.02275982059123,0.0476275779831086,-15.732818479797562,1,-0.5810416161602703,0,1,1
115.30839051868634,98.53242755356167,0.0428819855304535,12.323794893361056,0,-2.2553824242489675,0,1,0
38.9859046850247,76.32248583366163,0.0442254142226099,31.203543665461662,0,5.265380410283264,1,1,1
87.0631874104681,48.0772827254434,0.036862021844628,-52.14774082277351,1,-8.06240496060995,0,1,1
44.98645079185255,42.07673661861556,0.0399008797569898,14.30194926248086,0,11.148457240455093,1,1,1
362.606825180636,317.6203743887835,0.0390615860522626,10.974713443898125,0,-3.3560204093722152,0,1,0
349.4695400414161,13.137285139219898,0.0350601054026562,43.865783878689136,0,5.961821935635495,1,1,1
234.8125689555272,114.6569710858889,0.0200902207933229,-65.93766361925799,1,1.469865294449033,0,1,1
236.04269092175988,1.230121966232673,0.0231790552765486,-0.085439085085806,0,-0.4085469413117266,0,0,0
335.38509831086554,99.34240738910566,0.0272786431225145,40.14771108363468,0,-5.98711698168643,0,1,0
329.32996249910207,6.055135811763478,0.0308222937954243,-29.9213036930892,1,-5.6499321903072754,0,0,1
129.80775993312028,199.5222025659818,0.0325438008976093,5.15591423625672,0,0.7687067192943839,0,1,0
225.61567140281497,95.80791146969467,0.0412416446328796,-4.638326334364514,0,5.907328463916869,1,1,1
26.05196863743914,199.56370276537584,0.0430752163885716,31.78968292940656,0,1.1886207389361747,0,1,0
60.87758377669192,34.82561513925278,0.0512112913960442,-42.08475103922082,1,-11.013631323131523,0,1,1
275.2524366389658,214.37485286227383,0.0498834125603721,70.75618232183103,0,16.733276033264342,1,1,1
271.1548582749852,4.097578363980574,0.045838283444321,-65.34893145733832,1,-17.808924753936306,0,0,1
212.32074507819289,58.83411319679232,0.0468876196526564,66.27656933994285,0,9.991782765887764,1,1,1
351.4389339657583,139.1181888875654,0.0439629710804616,-13.877317735828044,1,-1.5213708602723963,0,1,1
108.44925019747036,242.98968376828796,0.0285910154574921,3.990948460947891,0,1.1992896714362562,0,1,0
335.63096663980457,227.18171644233425,0.0317446745984988,-52.41661213924085,1,-1.1444662877866243,0,1,1
230.3900088792219,105.24095776058266,0.0249237838074671,39.7471081975192,0,-9.517094812070027,0,1,0
252.47339876432903,22.083389885107152,0.0233796022847165,11.794005147349182,0,18.760305924383,1,1,1
38.10605294039376,214.3673458239353,0.0300124659632924,-20.72292889968601,1,-0.2929675589286198,0,1,1
278.7218605741017,240.615807633708,0.0316106651614459,-0.556866571679052,0,-9.13850189228513,0,1,0
330.3980058184496,51.67614524434782,0.0240419698175102,-31.332909712283083,1,-6.320060987510196,0,1,1
55.17824690024463,275.21975891820495,0.0284928728500799,20.38553304821693,0,-0.5081361582514465,0,1,0
73.28729907942873,18.109052179184104,0.0281254703331132,-21.095403158154618,1,-2.5178711410669496,0,1,1
361.4840187381847,288.1967196587559,0.0333111936846781,65.78542388669082,0,11.096208456437134,1,1,1
256.3729931512339,105.11102558695076,0.0389943818871204,-23.040620006384717,1,-2.6724480954329195,0,1,1
238.5628534535413,17.81013969769259,0.0382776309132546,-50.91424663196766,1,-1.2384953323154129,0,1,1
105.14976470811132,133.41308874543,0.0422918837987944,34.26767901460136,0,2.1780311502093284,0,1,0
219.04554576591133,113.8957810578,0.0507386011933248,12.895698929644505,0,6.952791712427288,1,1,1
145.8862568802061,73.15928888570522,0.0448460819343757,-43.38590153620318,1,-16.042685508931054,0,1,1
328.186091611386,182.2998347311799,0.0490548339114338,45.5478555598784,0,9.467412324087368,1,1,1
259.06925117818514,69.11684043320088,0.044617510230268,-39.01466636070162,1,3.138552549325105,0,1,1
45.06021820919043,214.00903296899472,0.0431982410498943,18.44593272312843,0,5.393438424677409,1,1,1
216.96300155347373,171.9027833442833,0.0350616655181088,17.413972032919233,0,-4.619933255005858,0,1,0
248.38593892475384,31.422937371280117,0.035695217732568,-20.839994737449143,1,-3.83155220507714,0,1,1
47.348958118564376,201.03698080618943,0.0441299808073393,1.266406112043704,0,4.373083573143379,0,1,0
58.18290568217054,10.833947563606166,0.0529499084181102,37.01848818484289,0,4.605790108415453,0,1,0
61.066779246923616,2.883873564753074,0.0566750632935974,-42.74803664756166,1,-2.1664774235204582,0,0,1
163.27134150814152,102.2045622612179,0.0309794707668127,27.674358580293656,0,-15.992761482794776,0,1,0
277.84512804492675,114.57378653678524,0.0442373086569284,15.516666905852771,0,9.714633368020143,1,1,1
214.61985519071536,63.2252728542114,0.0499539455465223,-55.72027819565243,1,4.232924106698025,0,1,1
229.4172118188196,14.79735662810424,0.0411502627862999,-8.537696303905296,0,-2.2919734630635507,0,1,0
98.05252292894616,131.36468888987343,0.0410472941984894,62.36848518225146,0,-5.098152395121183,0,1,0
403.14250962581366,305.0899866968675,0.0336428626113771,-21.95226017211752,1,-1.8904697696133572,0,1,1
424.2476128264738,21.105103200660157,0.0311672467267702,22.1256405819784,0,6.091211205481679,1,1,1
252.58125302877036,171.66635979770348,0.0319200051932239,-49.173253193105445,1,-4.292724175584624,0,1,1
522.3690047557535,269.7877517269832,0.0322649661552755,49.5677271142632,0,-0.407423874910874,0,1,0
168.66865288831494,353.7003518674386,0.0321848215963579,-58.9857447202869,1,8.894885891403051,1,1,1
313.4316752116183,144.76302232330335,0.0280494229233781,63.03140961866994,0,-10.421728069105155,0,1,0
300.7694839252552,12.662191286363113,0.0290079507195911,-4.853549700990953,0,6.585370277156583,1,1,1
260.6975063256708,40.07197759958439,0.0391981398963011,-20.4159143951366,1,4.5701900193964615,0,1,1
335.6745861664424,74.97707984077158,0.0381268384278985,3.28041280420166,0,-5.033230481049307,0,1,0
524.6722162746311,188.99763010818867,0.0340648479914301,-20.999655699278627,1,-2.5796908328968517,0,1,1
264.2694559687569,260.4027603058741,0.0328131864495228,-11.538243391839082,1,-9.149693363093307,0,1,1
78.35512801077476,185.91432795798212,0.0327259498301972,20.30575502838387,0,12.925397004274084,1,1,1
317.3962348229724,239.0411068121976,0.0330312532581093,16.16112180608782,0,6.319069458166563,1,1,1
168.2105394155442,149.18569540742817,0.0364455408352234,27.28101960829106,0,-3.78190947953452,0,1,0
296.62788902368925,128.41734960814506,0.0352389812271275,-14.496943519417826,1,-3.4792873390376187,0,1,1
215.48851290373287,81.13937611995632,0.0412642970702621,-30.635618339324765,1,-3.306433686078467,0,1,1
248.7633555598676,33.274842656134695,0.0404734880204917,24.71520129612924,0,-4.896406098697141,0,1,0
402.4953212705645,153.73196571069687,0.0350698596752794,-50.81602801385179,1,9.355700034128343,1,1,1
110.82023510818742,291.67508616237706,0.0408147558168557,24.55908354125911,0,-10.2961456261994,0,1,0
303.2843898209497,192.46415471276225,0.0390074420292761,0.7910828070534706,0,14.194930662391316,1,1,1
299.3701238748892,3.914265946060482,0.0406168785277201,45.91193833363877,0,-10.66119726763859,0,0,0
267.3110991114439,32.05902476344528,0.0301089887040035,-48.62470778164394,1,0.9161564440595082,0,1,1
119.98910046072012,147.3219986507238,0.0275054403080093,-24.618668883434133,1,-3.6750959914621175,0,1,1
128.62525616964436,8.636155708924235,0.0348025553069698,-1.2842921187071994,0,5.312414830507641,1,0,1
216.904668311075,88.27941214143064,0.0287100040671572,50.4925146812451,0,3.975842774946541,0,1,0
203.4080057213934,13.496662589681591,0.0249864000609891,-32.743303626806295,1,-7.553506398276637,0,1,1
188.55867400265944,14.849331718733993,0.0238645403733965,46.385628644861,0,7.98116848673928,1,1,1
46.16255873981689,142.39611526284253,0.0184075409722647,-30.8772603202841,1,-1.6251076111337888,0,1,1
313.1229778823693,266.9604191425524,0.027235734817334,-12.206024723963914,1,-4.96387880381449,0,1,1
134.90349430313285,178.21948357923645,0.0286411564218881,34.299369211983944,0,-1.191681252027843,0,1,0
121.86639741190542,13.03709689122742,0.0282087178985806,-27.326559062083103,1,10.970502833251148,1,1,1
172.96698393804573,51.100586526140304,0.0278335226353268,25.58806527985024,0,-16.987886876922712,0,1,0
228.96589990978163,55.998915971735926,0.026580939527447,-1.8633117166460664,0,14.07941405820283,1,1,1
155.7334303603527,73.23246954942894,0.0369715249534903,0.7295606338790321,0,-5.97303692634568,0,1,0
217.45638493812612,61.72295457777344,0.0395664244753782,10.712834667639896,0,6.008758132518913,1,1,1
303.53529068568844,86.07890574756229,0.0365118158782616,-0.6977979827386633,0,-4.203574978293583,0,1,0
431.9139088700102,128.37861818432174,0.0363597918231935,-14.703291770934412,1,-8.473047719562912,0,1,1
225.5745538464511,206.33935502355908,0.0412418861696241,23.38828972530841,0,17.963834240874387,1,1,1
135.22593180456838,90.34862204188272,0.0294568305510509,-74.89875063542821,1,-17.92013615984957,0,1,1
112.69721756349352,22.52871424107485,0.0285794377359765,72.77563375576459,0,1.4477861329097808,0,1,0
226.1407133235645,113.443495760071,0.0233798031401904,-62.573559248248685,1,5.238008648926915,1,1,1
152.93315291317546,73.20756041038905,0.0222718255221661,5.071171868655018,0,10.485762086149482,1,1,1
63.867647487200855,89.0655054259746,0.0235819650814015,48.46047842610309,0,-13.031022964895214,0,1,0
65.40564187881152,1.5379943916106669,0.0227417698649245,-33.35708530734406,1,5.51179808032586,1,0,1
78.24017616945686,12.834534290645337,0.021102516236479,1.9899967641248464,0,-0.9445137576467406,0,1,0
262.407989837302,184.1678136678452,0.0241571271302105,-13.126678489489224,1,-3.82577862868086,0,1,1
244.15411488777423,18.25387494952776,0.0213930988930177,-2.9428612954871696,0,7.323698252474486,1,1,1
113.9617625979534,130.19235228982086,0.0166058059447912,-9.456059207235334,0,-3.897402063849759,0,1,0
132.39992200695715,18.438159409003745,0.0165466526260311,7.24246125100953,0,1.5364859415950782,0,1,0
276.2742513320372,143.87432932508003,0.0202397446295277,29.598010158737225,0,-7.362624130036653,0,1,0
442.52911149841367,166.2548601663765,0.0240996131145526,11.189002782182754,0,14.327872786051508,1,1,1
247.97048190063228,194.5586295977814,0.0259562025067617,2.578431526756887,0,-16.319560194943058,0,1,0
229.45677204468365,18.513709855948637,0.0192530716165452,-29.49728646148293,1,11.593963581725331,1,1,1
133.5864810843686,95.87029096031506,0.0185511015663771,44.14652646216764,0,3.912537613179389,0,1,0
140.02022810786465,6.433747023496039,0.0216124555189746,-47.45813757359568,1,-16.037509183179573,0,0,1
334.236381452763,194.2161533448984,0.0250385087584846,-17.40731305989639,1,-1.105372554706725,0,1,1
182.4805537083101,151.75582774445286,0.0239720033973476,66.72689004909137,0,6.08803442934502,1,1,1
433.8860966558233,251.40554294751317,0.0222508196822273,-32.36365022114738,1,9.135883762197924,1,1,1
115.64273643149689,318.2433602243264,0.0206952834019228,34.45592646943827,0,-1.4516283152702163,0,1,0
283.1785725645662,167.53583613306932,0.0233296071662967,-46.21677351461261,1,2.0958113588980147,0,1,1
206.37038890588036,76.80818365868586,0.0208938235257008,29.09813841757142,0,-8.493170808208138,0,1,0
14.629646428806028,191.7407424770743,0.0255792054028534,-51.7965245334542,1,11.92520946588274,1,1,1
171.9599489917997,157.3303025629937,0.0267745244368221,59.5313923886916,0,-12.553058266243276,0,1,0
217.68423645879457,45.72428746699484,0.0295762697320664,-54.670346091366994,1,8.78554192683354,1,1,1
245.0777103493157,27.393473890521165,0.0294919455280037,-8.161658603462584,0,-9.09153558633679,0,1,0
157.41142190305695,87.66628844625879,0.0340521209418922,2.325935907625322,0,-2.647253013045602,0,1,0
70.78402441179057,86.62739749126638,0.0245877522967967,36.7697856898543,0,2.3645060333781034,0,1,0
64.10056669491942,6.683457716871146,0.0335858250680562,-21.24016418511632,1,-2.879826171578306,0,0,1
174.4759278021749,110.37536110725549,0.0435641305695295,53.52646260105461,0,-1.2713431581133028,0,1,0
300.10137557572864,125.62544777355372,0.0422824687430672,-8.662218453081152,0,4.697066016128828,0,1,0
185.4592271802904,114.64214839543828,0.0326329602167028,-3.949507566784348,0,-4.343394438002048,0,1,0
251.67288889153437,66.21366171124399,0.0350069779597346,0.5064574747551092,0,7.110691921037785,1,1,1
317.7103324877333,66.03744359619901,0.0324856471019809,6.483108921826769,0,-9.338331106890092,0,1,0
173.22370697327457,144.48662551445878,0.0360911345782934,-2.037377426252476,0,7.918310638961966,1,1,1
154.18421939019353,19.03948758308104,0.0347349927963901,5.039796251964972,0,10.533555265292948,1,1,1
108.27992974652774,45.90428964366579,0.0343797787239717,0.4927007900616758,0,-11.983212186864051,0,1,0
201.7837225047137,93.50379275818597,0.0320299500384361,-50.88359979389289,1,-4.424071588231247,0,1,1
333.75788753731257,131.97416503259888,0.0342400715694661,-6.300572465714978,0,3.351107954302361,0,1,0
279.0193658072127,54.73852173009988,0.028544934993178,33.88271691324693,0,9.721623659384376,1,1,1
103.97071775129156,175.04864805592112,0.0249013948767978,-41.58135329814374,1,-9.552376348893285,0,1,1
120.88234250180038,16.911624750508807,0.0267940644478731,7.025111904570803,0,1.396736821199999,0,1,0
293.1256046320547,172.24326213025432,0.0302708046640839,44.94492468957719,0,8.105811591531978,1,1,1
248.36943200044132,44.75617263161337,0.0263465942013626,-9.88969956752976,0,-10.564520447345512,0,1,0
291.9971460897019,43.62771408926056,0.0192756878852967,0.1213222024154276,0,4.354603724796884,0,1,0
276.5200136882626,15.477132401439292,0.0202296534689756,23.982923271812083,0,-8.302445881345445,0,1,0
138.6072231903999,137.91279049786272,0.0188078606637763,-22.64112278505459,1,2.218043919576611,0,1,1
231.65400861869523,93.04678542829532,0.0200394571244646,-18.945385078191137,1,0.7075345310871755,0,1,1
80.80232930768693,150.8516793110083,0.0232834191280459,-12.037977107877168,1,5.082685749831544,1,1,1
189.1559637686509,108.353634460964,0.0231840910301551,4.657835856566706,0,7.147975671229265,1,1,1
200.2597036594867,11.103739890835756,0.0270767007325163,-4.859351861627332,0,-9.329404380511235,0,1,0
219.27427860599403,19.014574946507334,0.0332156385187155,-19.42603351223695,1,0.5195519399183519,0,1,1
263.1007324333747,43.82645382738065,0.0327346121611471,18.126876576161543,0,-1.5896498536739667,0,1,0
433.1840712093907,170.08333877601603,0.0322079425568731,45.90368365434461,0,0.3897157905709258,0,1,0
245.893285829164,187.29078538022677,0.0345518051558028,-8.571286014779048,0,1.6602669128821042,0,1,0
167.7829280682197,78.11035776094428,0.042877065075865,-8.511259511173591,0,9.917977669077958,1,1,1
137.02597055482215,30.756957513397538,0.0457372220272479,22.429369381420457,0,-17.500543063927847,0,1,0
117.33923611109608,19.686734443726067,0.0475250579449791,-51.046425927812,1,12.004183981541784,1,1,1
130.17388717045307,12.834651059356986,0.035782062524868,25.08475189840835,0,5.261951506253771,1,1,1
191.4565539910857,61.28266682063267,0.0371446872898048,-43.70864131422293,1,-9.414456308176383,0,1,1
393.82045539961706,202.3639014085313,0.0355954587406633,68.85440968810785,0,4.679070391114575,0,1,0
350.5595399674351,43.260915432181946,0.037922518289986,-35.541567944780546,1,-1.30398058929495,0,1,1
376.7102086788337,26.150668711398566,0.0367045749413001,-21.589241297632668,1,-4.941661683972658,0,1,1
332.21253828979223,44.497670389041446,0.0369329042720099,4.915615021921767,0,-4.02427297324834,0,1,0
135.49414112075982,196.7183971690324,0.0393150550905102,48.71379684995114,0,1.643987492400696,0,1,0
267.7180171043308,132.22387598357096,0.0394120250349985,-59.154633202549086,1,-3.243441747301523,0,1,1
158.11656447479325,109.60145262953752,0.0476853488853186,65.31172645842227,0,14.14564638803529,1,1,1
150.73161026295892,7.3849542118343265,0.0393511588340832,-44.1392070589252,1,-4.638406122405486,0,0,1
196.5132249299832,45.781614667024286,0.0371932435584107,-9.790191274331711,0,5.056528524658145,1,1,1
282.85110321151905,86.33787828153584,0.0420182235497247,6.46187431059743,0,-9.90873824853913,0,1,0
200.0155454538136,82.83555775770546,0.042439830244878,6.169962086129225,0,10.289509564479944,1,1,1
126.03346182281004,73.98208363100353,0.0368278668270634,11.130392726447823,0,-9.909355110397916,0,1,0
89.76740073014639,36.26606109266366,0.045100913771492,3.09554923101382,0,-3.757408669346207,0,1,0
224.82880885113065,135.06140812098425,0.0373933434942673,-11.119057536266808,1,8.249535563643926,1,1,1
490.12261722316975,265.2938083720392,0.037559585297593,-0.1164293748088951,0,8.229696592052587,1,1,1
204.7223456375692,285.40027158560054,0.0333131698433819,-12.885129767471234,1,-10.618030183527782,0,1,1
47.26338804192251,157.45895759564667,0.028439452663396,7.880797914838439,0,2.019892097069903,0,1,0
142.15273156946338,94.88934352754087,0.035992747013215,6.666286241288965,0,-1.2819848400932037,0,1,0
212.2889010011516,70.13616943168822,0.0490281066998683,10.435974864248216,0,0.1229077925794914,0,1,0
237.7115651265438,25.422664125392203,0.0341824548909189,-37.35105156457016,1,-4.861590065249446,0,1,1
158.0971713551084,79.6143937714354,0.037098568266462,50.66191324935953,0,4.162541451297635,0,1,0
230.4986977195084,72.40152636439996,0.0380583844453198,-6.6722051138052905,0,1.4883719911515492,0,1,0
51.80460806694598,178.69408965256238,0.0424567361674478,-30.54427047330155,1,4.959150032441789,0,1,1
140.47409430460303,88.66948623765705,0.04184410872205,12.846087398037357,0,-12.100532799772228,0,1,0
163.74798376367474,23.27388945907171,0.0411420933999268,39.00680312561734,0,8.635641717133478,1,1,1
124.29407604048669,39.45390772318807,0.0427557448076319,-74.11612793512354,1,1.8115841153616508,0,1,1
339.7581019325883,215.46402589210163,0.0372575780142554,63.26993730589068,0,-5.588009345493193,0,1,0
119.89350355083636,219.864598381752,0.0387381128446233,-23.970151477226885,1,3.3274343289011075,0,1,1
206.13670951646407,86.24320596562777,0.0427085207335921,8.567022956454956,0,3.231553575743634,0,1,0
93.7445733136044,112.39213620285972,0.0507085792003401,5.257605461043497,0,-4.912816808484568,0,1,0
106.68711917654151,12.942545862937124,0.0324654188033206,-18.28098967169843,1,-2.635005809396775,0,1,1
321.0998126766267,214.4126935000852,0.0288869542759053,-21.13284699350596,1,9.827046035677872,1,1,1
311.70248248961764,9.39733018700906,0.0310604262612833,57.41847704362152,0,3.2822731746421745,0,0,0
356.55676157472425,44.85427908510661,0.0285905799282238,-13.551984703815492,1,-15.4436265682588,0,1,1
270.12713258809185,86.4296289866324,0.0266616434365318,-14.448084630330824,1,13.455183891581516,1,1,1
311.25709778912875,41.129965201036896,0.0269530634890319,-8.890664715585011,0,-6.879317665138007,0,1,0
172.05505923583968,139.20203855328907,0.0233142487496963,4.070019122401035,0,-1.9501120331880732,0,1,0
113.77500148067692,58.28005775516274,0.0301688956709812,25.936526373969265,0,8.904797573110102,1,1,1
130.56300122568538,16.78799974500845,0.0328794396093196,-64.88278409355821,1,0.3435144963380487,0,1,1
248.13871227983907,117.57571105415369,0.0350301335977992,68.2265269779588,0,-12.753642169614205,0,1,0
153.2320429541861,94.90666932565296,0.0354849305223562,-65.48664167585274,1,1.7143102820518612,0,1,1
289.85693448902043,136.62489153483432,0.037236250199743,45.53288746631812,0,9.871039402109435,1,1,1
83.56023118483931,206.2967033041811,0.0334643266182304,-22.623239518609488,1,-7.221994228409594,0,1,1
183.23572206511597,99.67549088027664,0.0366856405766295,27.60909655137194,0,-4.0559167185090645,0,1,0
108.87762027218888,74.35810179292704,0.0384149777387292,-47.41546907566848,1,13.482944595607536,1,1,1
113.59212229239743,4.714502020208542,0.0376335034085206,37.655170358598895,0,-14.902756820239915,0,0,0
88.58597829171687,25.006144000680564,0.0376232774689443,23.92013376645936,0,7.865982558151613,1,1,1
376.66554494545767,288.0795666537408,0.0469069842090117,-28.84770860181565,1,-3.6484158156614246,0,1,1
118.7759935621688,257.8895513832889,0.0428002835325562,-32.8233006495407,1,0.4677025929485836,0,1,1
222.472720171404,103.69672660923518,0.0477656474184682,-3.757454167692881,0,-6.906267562248975,0,1,0
289.7798807288628,67.30716055745881,0.0468417513245919,46.70583392441039,0,3.023002672831708,0,1,0
117.49591572316322,172.28396500569957,0.0475732830248235,-44.13366181488516,1,-1.802824249772626,0,1,1
169.70959839296478,52.21368266980156,0.0516790144575289,0.1406636787180275,0,11.652555541783542,1,1,1
172.7897644343959,3.080166041431113,0.0627400092508054,28.332050712208964,0,-1.0376094194510692,0,0,0
158.13598700578513,14.653777428610766,0.0562368828634167,-17.274494993695754,1,1.9271909405304903,0,1,1
121.134754025286,37.00123298049914,0.0495949626537206,-0.4249939586257198,0,-1.8968213247692705,0,1,0
236.72485392131097,115.59009989602498,0.0598064745428888,22.142425667116783,0,-11.411049440761,0,1,0
351.64069340442984,114.91583948311887,0.0598451037892684,-16.01395900993939,1,16.997631449677385,1,1,1
111.0542438027504,240.58644960167945,0.0561305597572848,-4.922818648787427,0,-15.8015035151105,0,1,0
238.4667847390552,127.41254093630478,0.0549151755963965,23.611839526229225,0,3.238657280165381,0,1,0
80.60530552255437,157.8614792165008,0.0407147505108212,-17.882459924038827,1,7.128551876371459,1,1,1
198.91781254553132,118.31250702297696,0.0381417288136616,-16.853064313806012,1,-11.328566681856584,0,1,1
109.15991905819575,89.7578934873356,0.0365381778136619,48.20149082325382,0,0.6011455355341999,0,1,0
182.7008967282317,73.54097767003594,0.0350025881364845,-7.770484005597424,0,14.12137878207123,1,1,1
249.16813934879656,66.46724262056486,0.026469254554818,-29.879270515613108,1,-10.891203881257322,0,1,1
66.68131387643373,182.4868254723628,0.0296069194792532,29.61034082847535,0,6.671385908925749,1,1,1
373.31553923026456,306.63422535383086,0.0323799417979823,29.86746092204787,0,3.863284926874286,0,1,0
306.06009699239735,67.25544223786721,0.0317164789792772,0.0711111795066585,0,2.2890447432674605,0,1,0
78.207302266541,227.85279472585637,0.0330974559239373,-33.96289123142216,1,-15.258300762820175,0,1,1
247.1817256110166,168.97442334447558,0.0344260792567112,-34.71301554332929,1,-1.7471515656964076,0,1,1
373.5674775615198,126.38575195050322,0.0330594616453914,28.812465013893668,0,12.35617666513714,1,1,1
328.8035135373408,44.76396402417902,0.0341482538596572,-34.49617160439597,1,-11.050702407458909,0,1,1
246.82064425357024,81.98286928377053,0.0326471435820808,31.05743170588136,0,7.839767544812117,1,1,1
370.8158812667646,123.99523701319436,0.0339761568245388,39.53740440496904,0,-0.9509007079167322,0,1,0
307.3370706021836,63.47881066458109,0.0322354209106902,-35.35801154373215,1,0.5455626588816997,0,1,1
209.20054708245615,98.13652351972736,0.0306036299075303,6.643495191888874,0,1.7973908019982527,0,1,0
256.7228477006874,47.52230061823121,0.0298118895784517,-31.396070249152416,1,4.021984713641576,0,1,1
37.29121383864369,219.4316338620437,0.0301983915695692,-11.390868023413816,1,-11.581479872095189,0,1,1
137.7876888014695,100.4964749628258,0.0331380214846495,78.21866692267454,0,5.668505112954136,1,1,1
70.00094540926594,67.78674339220356,0.0340311462926314,-52.41013702155272,1,-4.371166242570792,0,1,1
60.81004832523097,9.190897084034964,0.0401261762017497,-4.712583480052047,0,-0.3590196487588963,0,0,0
339.66397139269424,278.85392306746326,0.047355849689559,23.354533658268387,0,-5.966289869338308,0,1,0
339.9940578160445,0.3300864233502807,0.0409516654241767,13.922950383867844,0,11.579657859256834,1,0,1
138.38325513308283,201.6108026829617,0.0453742168661158,-39.51285880201747,1,7.462062335962555,1,1,1
238.6933510430351,100.31009590995228,0.0498522852142992,21.81728415132597,0,-4.224984617207134,0,1,0
182.76137066191933,55.93198038111578,0.0540498028309013,-15.31905794826114,1,-10.369253985770928,0,1,1
86.68208612952428,96.07928453239504,0.0474350268550704,11.866390571815458,0,9.466623823306945,1,1,1
273.3329882234006,186.6509020938763,0.0489408878626266,-25.57244751278188,1,-8.37638718227084,0,1,1
32.030925238652806,241.3020629847478,0.0508051529521722,27.904669288353183,0,9.126877796002676,1,1,1
268.63403048923936,236.60310525058657,0.0492918199604161,-37.02170217155543,1,2.0256602583186982,0,1,1
249.8561083768072,18.77792211243215,0.04640353510491,63.41202648327975,0,-10.41205821252779,0,1,0
157.2321641359449,92.6239442408623,0.0377973843305537,-16.987014971973522,1,-6.642853153018702,0,1,1
214.6317393363627,57.399575200417786,0.0375954654562787,25.106462737877862,0,6.056613502127799,1,1,1
318.08821513775905,103.45647580139637,0.0275333025559586,-27.34068131220596,1,-1.9832218583383727,0,1,1
187.37223508636288,130.71598005139617,0.0299590623949973,-33.40526641703925,1,8.255164055815628,1,1,1
74.12252623574622,113.24970885061666,0.0274876012058207,24.150774038780437,0,-6.570833952500605,0,1,0
78.53208921501304,4.409562979266823,0.0247734928337816,14.451573368557549,0,-5.080531707146434,0,0,0
353.05983895716946,274.5277497421564,0.0182091196896285,-23.237766824710704,1,9.905765616841618,1,1,1
164.2712186088125,188.78862034835697,0.0187471631172043,14.274107106264069,0,6.867021920726362,1,1,1
287.44029009416283,123.16907148535034,0.0166393229414372,-31.19689353763045,1,-8.466933213052753,0,1,1
193.4820910295797,93.95819906458313,0.0193128438462322,49.15485178365184,0,-1.5008308711134273,0,1,0
135.86729356925355,57.61479746032617,0.0201765081763232,10.59246484137654,0,-3.955623488604743,0,1,0
195.6244008493723,59.75710728011876,0.0151956419927993,-47.572271256405394,1,4.177319261281314,0,1,1
140.27275705651422,55.35164379285808,0.0157624152697417,38.27638481236577,0,-1.129265878427533,0,1,0
156.61108074116052,16.338323684646298,0.0161985122116202,-56.11086892893232,1,13.280080122543469,1,1,1
151.72951530774273,4.881565433417791,0.0161599813762684,12.380717079768754,0,-19.28906933128013,0,0,0
254.89495178481053,103.1654364770678,0.026312049165431,17.213246094753124,0,4.167577445703969,0,1,0
527.7345684142726,272.8396166294621,0.0285653901608954,-6.037035386073526,0,-3.4043876939808366,0,1,0
276.990486509566,250.74408190470663,0.0343764522424664,18.657492941059267,0,15.775786377513066,1,1,1
79.43810757786927,197.5523789316967,0.0474592186493006,-4.531263192046154,0,-8.802178202262919,0,1,0
145.24435501447718,65.8062474366079,0.0453442533700335,-38.05704087602332,1,7.579207062754207,1,1,1
200.66259154068808,55.41823652621088,0.0350129997367607,3.5537936676099697,0,-2.0823131992809625,0,1,0
399.8177445313009,199.15515299061283,0.0334906687627171,-6.398622282073227,0,4.717549728058716,0,1,0
228.61904171000955,171.1987028212913,0.0401055170150656,72.0716071040881,0,-18.085346785123583,0,1,0
341.82745383175853,113.20841212174898,0.0344348334832137,-24.58099773420851,1,3.6716118442076486,0,1,1
247.00729715125053,94.82015668050798,0.0291659963194055,16.81921207475439,0,9.893759169244229,1,1,1
85.9368824083293,161.07041474292126,0.0319534010240219,-25.145641039359788,1,-2.336180127789712,0,1,1
145.80381448557284,59.86693207724355,0.029982934202369,-27.79405561185273,1,2.1887292778525183,0,1,1
390.159590210495,244.35577572492215,0.0356153644440754,34.621015397365845,0,-2.383610507444301,0,1,0
157.36274261958573,232.7968475909093,0.0456182044184812,-9.700955972294778,0,0.1108297786870515,0,1,0
230.61242253584385,73.24967991625809,0.0351160081067207,-7.771727570908553,0,7.0310562701567605,1,1,1
66.59118460380647,164.02123793203737,0.0352895153756212,-2.91096433686716,0,-0.2256358901122617,0,1,0
321.65668577226,255.06550116845352,0.0300607295737006,22.26169905912075,0,-17.665911162428916,0,1,0
334.52113198072163,12.86444620846163,0.0287378683895972,-2.585189319154466,0,7.513437126492983,1,1,1
282.71433151165667,51.80680046906497,0.0290280520422031,-37.29565559645731,1,1.9380418214217665,0,1,1
402.60948075446896,119.8951492428123,0.0295991748631603,53.17248766364375,0,-3.053322891994604,0,1,0
104.77747179951892,297.83200895495,0.0305402011885321,-14.410464708550265,1,-6.166921149100097,0,1,1
190.5786368996957,85.8011651001768,0.024420452562213,-8.022622285619043,0,8.454798303281915,1,1,1
49.377454830730784,141.20118206896495,0.0243588215354372,17.048724309537626,0,10.067960908077469,1,1,1
46.59986509912108,2.7775897316097016,0.0221450797438795,-47.62009228429971,1,-18.06970199414077,0,0,1
275.6696615669576,229.06979646783643,0.0191229558960166,61.283983928317234,0,14.88934291991028,1,1,1
254.8134648280867,20.856196738870864,0.0165257445982397,-51.93031689542351,1,-12.420517150794351,0,1,1
154.7350278844621,100.07843694362457,0.027169786693721,-0.6263865258297159,0,7.622847490072653,1,1,1
130.6328497794955,24.10217810496661,0.0269565200390098,44.171614261203466,0,-3.795284792939251,0,1,0
122.4814140685359,8.151435710959603,0.0267596935933555,-38.47290769362238,1,-0.7604489663874681,0,0,1
117.82208511556702,4.6593289529688775,0.0309146551926158,39.73736128968604,0,10.428106963458772,1,0,1
204.31141408299865,86.4893289674316,0.0359105868998118,-40.21586770995764,1,2.061222966227305,0,1,1
32.34354216142087,171.96787192157774,0.046592377436566,17.814248726113412,0,-11.736152652277596,0,1,0
155.64419133215412,123.30064917073324,0.0527856109626,-25.58744329534353,1,5.075525066249025,1,1,1
150.2807593887869,5.363431943367232,0.0484821024320492,40.05403422453845,0,-1.680592465353003,0,0,0
389.6714810057503,239.39072161696336,0.048194304651837,-45.16634134236324,1,-9.589842952297738,0,1,1
378.7483296593159,10.923151346434397,0.0538453264381006,58.59923058249368,0,-0.715214204051835,0,1,0
49.368530946630365,329.3797987126855,0.0369278258376056,-42.22261245375876,1,14.64488073969422,1,1,1
138.21884625765006,88.8503153110197,0.0357016710914299,7.994052097423243,0,-7.577413480687853,0,1,0
22.4385511711493,115.78029508650076,0.031792225512633,-35.80420702436043,1,-1.7392022118041313,0,1,1
129.60814902517535,107.16959785402604,0.0325340379741239,76.14144577991331,0,13.560172445238942,1,1,1
168.04304350972583,38.43489448455048,0.0290667555300088,-13.009171705386803,1,-18.007055360819347,0,1,1
26.207951211141364,141.83509229858447,0.0331729686936025,-29.29331300003128,1,3.676651071444334,0,1,1
118.06173265491924,91.85378144377788,0.0342689267912341,37.86019454475717,0,11.75478241527184,1,1,1
423.5818102295444,305.52007757462513,0.026208696701401,0.8638637396209674,0,-8.836058292254581,0,1,0
92.57828824445588,331.00352198508847,0.0211249876296876,-31.840601135553506,1,3.384966814536256,0,1,1
229.8272773791169,137.24898913466103,0.0199831010906762,-23.936106412391943,1,-10.717298487698192,0,1,1
182.0427936040313,47.78448377508565,0.0254747320802108,20.260763453606582,0,17.438194592929875,1,1,1
19.839193252763295,162.203600351268,0.0289973147806694,-12.984938203942122,1,-15.66746359365727,0,1,1
44.14713737389968,24.307944121136384,0.0271736611760634,9.854961753313674,0,1.528947438438768,0,1,0
241.83869390128712,197.69155652738743,0.026883562828666,37.07251214219824,0,-1.1313976124938585,0,1,0
439.9957587733719,198.1570648720848,0.0306943693414215,-50.36459558871985,1,6.814086667323501,1,1,1
345.3441253631275,94.6516334102444,0.0317505496903626,44.570576700509065,0,6.387066454150522,1,1,1
287.27545123097764,58.06867413214985,0.0422497973250991,7.706740758913384,0,-10.998621012771254,0,1,0
324.9564050390649,37.68095380808728,0.0340427199914357,-10.419861330142597,1,-2.4920475949129344,0,1,1
258.83672451105707,66.11968052800785,0.0429523508774015,-22.22395551249588,1,5.3520238505271465,1,1,1
73.14269987237434,185.69402463868272,0.0408423325991948,2.937917478517008,0,11.434668988309587,1,1,1
125.674365772401,52.53166590002667,0.0428186446395357,20.45261468796909,0,-19.411940087428047,0,1,0
125.8845747962286,0.2102090238275877,0.0407258738290455,-62.01073457970799,1,9.858797481079272,1,0,1
235.6343627143104,109.74978791808176,0.0401985302017023,55.31433418505858,0,3.307403463684384,0,1,0
226.0314874181896,9.602875296120745,0.0416926335621251,-16.56500020857547,1,2.7470525801054304,0,0,1
333.2398249818992,107.20833756370956,0.0383006091441,-10.538403620095458,1,-1.2105985289014978,0,1,1
139.09148722833942,194.14833775355976,0.0366490505525456,29.58321902035025,0,-13.435263716497357,0,1,0
331.7381818773479,192.6466946490085,0.0278865959440349,-40.05443623943617,1,7.748856045155479,1,1,1
330.67617785866565,1.0620040186822737,0.0310546727345399,50.34292000197523,0,-7.66241731289681,0,0,0
167.95916285545783,162.71701500320782,0.0226066048798655,-16.563675952042175,1,10.822114848613936,1,1,1
72.62476707589884,95.334395779559,0.0243362841370512,-6.266575094301899,0,-10.856475453793616,0,1,0
169.62456598083648,96.99979890493763,0.016470827131105,-6.962823634913228,0,-0.572334825247156,0,1,0
188.67149393799903,19.04692795716258,0.0169920503728183,-24.829010845467195,1,5.152266730792531,1,1,1
99.12706202952964,89.54443190846942,0.0199008790653921,32.33498407200286,0,12.656073710569183,1,1,1
237.0983438710396,137.97128184150992,0.0281011766495437,8.637521665753766,0,-4.576705911366739,0,1,0
209.5181345709511,27.580209300088452,0.0300618109593473,-57.0579409991126,1,-14.119411015640448,0,1,1
221.70164351625385,12.18350894530272,0.045102892712655,28.3783543842914,0,5.614040397363223,1,1,1
153.05711243461295,68.64453108164085,0.0475304181928862,37.28359596963617,0,-5.344602160146165,0,1,0
132.68117914662892,20.37593328798405,0.0429860154609206,-16.020264308069713,1,5.536260922081654,1,1,1
121.5337392514565,11.147439895172424,0.0375250512267718,-1.3552284010379196,0,7.82362468900496,1,1,1
202.3277158599136,80.79397660845711,0.0494827123312984,-30.932620264093984,1,1.4857299131755486,0,1,1
64.51053488267397,137.81718097723964,0.0464411477744977,32.278083868311754,0,0.8865827211559765,0,1,0
181.9990557888556,117.48852090618163,0.0472808473357046,12.32490670551836,0,2.1176457807658906,0,1,0
161.7427430494031,20.25631273945251,0.0451800690073482,-30.751494594639865,1,-10.883937233597647,0,1,1
290.5624424085335,128.81969935913042,0.0456097542485775,-17.573139161557194,1,9.936089637178574,1,1,1
179.97073831536932,110.5917040931642,0.0446146114733801,-8.385430963825513,0,-2.6985797567145102,0,1,0
193.72741977081265,13.756681455443328,0.0429262929194116,34.27371265225656,0,-3.798257607151994,0,1,0
260.9615024482811,67.23408267746848,0.0282112028791248,14.253034136121734,0,8.337498228731441,1,1,1
142.95450340532992,118.0069990429512,0.0249711120238058,-41.69754657761607,1,-0.1377965468148012,0,1,1
249.51169773780015,106.55719433247026,0.0236098767839088,20.70434912199224,0,-1.0027330384256778,0,1,0
34.382396005015686,215.12930173278448,0.0219212747629771,11.775966735177278,0,-13.907539177286734,0,1,0
127.21862194372702,92.83622593871132,0.0244126063535983,-33.02278281928055,1,0.1131885367792833,0,1,1
91.7139851257956,35.50463681793141,0.0289075251697711,9.122522336478298,0,13.8623240562452,1,1,1
14.462027175181666,77.25195795061394,0.0316882711341149,27.08187463814288,0,-10.061796016462022,0,1,0
224.30344903419152,209.84142185900984,0.0282202827222434,9.328844362592534,0,7.990622185910601,1,1,1
422.4820484824086,198.17859944821703,0.0263897708498371,-7.122442902131368,0,-2.210072806416038,0,1,0
245.79750600876665,176.68454247364193,0.0237618560466907,6.211264640678053,0,1.5083234509177146,0,1,0
244.10570192450948,1.691804084257171,0.0230503740206331,-10.570378678028618,1,-14.721659192397164,0,0,1
145.86225003899185,98.24345188551764,0.0211133520600411,20.34627460070446,0,8.073665693095725,1,1,1
175.52257304752249,29.66032300853064,0.0215400555608183,-0.7277552409875767,0,8.542727766227046,1,1,1
220.402675984534,44.88010293701152,0.0162151688532688,-2.4390749613633176,0,-7.343357230387539,0,1,0
66.00789978267895,154.39477620185505,0.0197669103958453,-17.663152937808277,1,4.004165482490768,0,1,1
263.1551348310532,197.14723504837423,0.0279414520497735,33.49376638450005,0,1.3163596914353768,0,1,0
41.61733605617572,221.53779877487747,0.025921567284408,-76.40145504955872,1,-12.703870448876453,0,1,1
240.9265251513124,199.30918909513667,0.0297905945401318,12.523286886903184,0,0.6997437549447998,0,1,0
340.4411809841865,99.51465583287408,0.0306838479300082,49.05793544883866,0,11.3761609918587,1,1,1
370.6371692774066,30.195988293220125,0.0350186093918009,1.3932180724922605,0,-13.399661355756615,0,1,0
69.90675713315896,300.7304121442476,0.0396091677291002,-0.6031758144367529,0,5.746495372312124,1,1,1
61.09305991777802,8.813697215380941,0.0372030156006155,4.316889185468199,0,11.52376553566073,1,0,1
214.27094633823884,153.17788642046082,0.0425072101995511,-36.008479998659695,1,-6.8745550518347525,0,1,1
122.1365702060396,92.13437613219924,0.03582882340564,40.73804686882903,0,6.722454181225791,1,1,1
92.21903494501638,29.917535261023215,0.0228139237566915,-57.8130434889639,1,-12.021242008937854,0,1,1
184.9653087771532,92.74627383213684,0.0289097385309416,58.22224085764984,0,6.544199153252039,1,1,1
591.2248782390006,406.2595694618474,0.0372635143054419,-30.42159755359944,1,-6.997672735047025,0,1,1
621.5891964804644,30.364318241463707,0.0408299718501511,-31.42355579754137,1,-3.512419499053401,0,1,1
381.1420826449117,240.44711383555267,0.0463932582567854,45.77544278457488,0,17.591470342087074,1,1,1
342.11437490986225,39.02770773504943,0.0636414430048638,-35.21582733283991,1,-16.289263301699908,0,1,1
265.168795768673,76.94557914118923,0.0530424113834785,-6.033734573362729,0,0.24500810800689,0,1,0
191.5701421714052,73.59865359726786,0.0447341888253427,-3.870585075376432,0,13.06871628125832,1,1,1
108.72756056747023,82.84258160393492,0.0452896849919678,-11.41359645257316,1,-0.7936276708228824,0,1,1
126.2502124085565,17.522651841086244,0.0449963299765813,58.81989595417795,0,3.511857580127913,0,1,0
124.4295263045338,1.820686104022684,0.0376427491527299,-22.25197924776888,1,-18.121716978684347,0,0,1
226.9892265179156,102.55970021338176,0.0380630604768395,39.378229928045066,0,0.4476315448917134,0,1,0
234.69410058107349,7.7048740631579165,0.0336930086117681,-43.1568460862808,1,7.091768048061828,1,0,1
306.4839584051287,71.78985782405522,0.0307223341103474,32.32631821186391,0,2.8606687276016167,0,1,0
142.74599514228896,163.73796326283974,0.0276972775797464,9.979526759869714,0,-11.074364970563568,0,1,0
109.70297518853867,33.043019953750274,0.0227890870469781,-75.65060507284619,1,2.4072122614297897,0,1,1
100.84742137648924,8.855553812049436,0.0392221051353808,6.628545682036226,0,10.898913334172754,1,0,1
230.86493281980887,130.01751144331962,0.038710974870491,19.40359033055838,0,-0.6959137834137952,0,1,0
283.4765851514635,52.61165233165463,0.0378301672846402,41.78019343923781,0,-11.57707139934082,0,1,0
159.661215204413,123.8153699470505,0.0411010575370919,-2.573259280690621,0,16.839599631979688,1,1,1
75.66701606281393,83.99419914159907,0.0386666102141942,-37.69723381427586,1,-13.538047603052346,0,1,1
95.9921744253144,20.325158362500478,0.0390942932977373,-13.34647946752846,1,12.649336828862443,1,1,1
221.5798778957489,125.58770347043448,0.038543205580978,48.19334808598371,0,0.7151504817259102,0,1,0
264.71310620879484,43.13322831304595,0.0388069400131315,-16.432503420297962,1,-8.658369199514944,0,1,1
504.6107141761258,239.897607967331,0.0521873026991691,-45.22512973778018,1,-1.562064036919173,0,1,1
123.96740810636506,380.6433060697608,0.0519422027445619,61.80923723044015,0,-2.6765891065593843,0,1,0
199.49061169470707,75.52320358834201,0.044362189239939,12.219594691108997,0,10.584898907094829,1,1,1
148.37224871211924,51.11836298258783,0.0422614920652795,-73.18990997679563,1,-12.215868414842689,0,1,1
293.93467982013254,145.5624311080133,0.0499251441756474,19.502928893253717,0,8.510719796635069,1,1,1
164.98167523128893,128.9530045888436,0.0548133253268851,42.687309842633454,0,-1.0998103899529887,0,1,0
25.54547923950048,139.43619599178845,0.0445521664859934,-18.78522345292677,1,-6.364781214614357,0,1,1
179.36642861042122,153.82094937092074,0.038967129712489,32.37652335792971,0,14.683043659935905,1,1,1
163.89297340766657,15.473455202754678,0.0414732568006511,-5.908257652727116,0,-2.734459465188557,0,1,0
72.6886103692453,91.20436303842123,0.03386932307839,-58.97851661404438,1,-16.515915405994992,0,1,1
69.49102058720969,3.1975897820356067,0.0319474106414413,39.66053746508665,0,8.034479937244932,1,0,1
209.9326837483145,140.44166316110483,0.0198144804529123,-1.6593027651301355,0,-1.2656099216200172,0,1,0
159.03383012420397,50.89885362411053,0.0220251868124217,-43.39437604160791,1,10.476746630565495,1,1,1
298.6028095808929,139.5689794566889,0.0261866473837209,-1.7070674328146396,0,-12.366275219252806,0,1,0
380.6038199910162,82.00101041012334,0.027007570541422,38.3940144316538,0,14.679103059863904,1,1,1
52.38311348524967,328.22070650576654,0.0276265035092061,-13.317678948550707,1,-15.967421157339473,0,1,1
243.29360113636372,190.91048765111407,0.0259623587691011,11.397822802037927,0,0.8760998621230431,0,1,0
24.13186390694596,219.16173722941775,0.024429689092358,-24.529396823996635,1,8.443940715594206,1,1,1
176.50786041572962,152.37599650878366,0.0238789496259091,25.426766421152003,0,-10.100494982468136,0,1,0
224.2645946060937,47.756734190364114,0.0238195033394889,-13.861418669558738,1,14.554906644540058,1,1,1
62.69358744567031,161.57100716042342,0.0223992758130378,40.33137729515985,0,-15.577460922510683,0,1,0
265.3104224204437,202.61683497477333,0.0237965362956623,-46.51606842651945,1,17.46776520208205,1,1,1
204.22394180220425,61.08648061823945,0.0312955897795583,45.17983131710629,0,-2.1734858165717057,0,1,0
177.5907475240843,26.63319427811993,0.0288838689874028,-38.46737530980287,1,-0.6997324421946836,0,1,1
389.6298323287892,212.03908480470488,0.0273957702685192,15.053882069474549,0,-8.648783422726883,0,1,0
357.3651643726143,32.26466795617489,0.0325733010420372,-23.343107872976702,1,2.1284864474512624,0,1,1
184.91056583280675,172.4545985398075,0.0363664984058472,41.81695280399559,0,-1.145675393395706,0,1,0
53.33195421311093,131.57861161969583,0.0363094997319322,2.7646083000066426,0,10.621380821351424,1,1,1
188.03498236526823,134.7030281521573,0.0339636002741221,-2.767694143387871,0,-19.05201975354796,0,1,0
312.3687853689857,124.33380300371752,0.0347413648546112,-13.53711237840136,1,6.937660666352139,1,1,1
123.44060249954852,188.92818286943725,0.031569656354699,-26.804190014322707,1,11.73358691176665,1,1,1
344.0725358367461,220.6319333371976,0.0282409244286933,26.536336196772982,0,-11.979962103682396,0,1,0
421.4256136427703,77.35307780602415,0.0210743859383808,25.84187021190985,0,0.579862261105883,0,1,0
36.83396330653022,384.59165033624,0.0177262208624056,-24.890105890742703,1,4.658348362266394,0,1,1
180.7867333589407,143.95277005241044,0.0193742561004233,24.64061229920148,0,5.519361187037124,1,1,1
349.5048750213439,168.7181416624032,0.0243393276606048,-52.14500438244335,1,-12.254932811649024,0,1,1
282.49501639994475,67.00985862139913,0.0255770768215722,43.31364943406426,0,13.061664697360108,1,1,1
331.99575535530954,49.5007389553648,0.0289619784385528,-10.20260696258174,1,-13.300874234893495,0,1,1
241.98654378405496,90.00921157125458,0.0320033477936544,8.05884823980307,0,10.656655543537427,1,1,1
176.87050817872642,65.11603560532853,0.0294558383698751,-8.6752895928837,0,-10.791126590886297,0,1,0
270.82608249699683,93.9555743182704,0.0328284355221209,-18.43200812411866,1,-4.057089662971617,0,1,1
107.5389932773282,163.28708921966864,0.0317891018380826,16.49696918865559,0,14.78637788097934,1,1,1
382.0848070269323,274.5458137496041,0.0299580437678827,19.64119461448027,0,-7.244523178534273,0,1,0
521.8272973722969,139.74249034536462,0.0308535061527434,-41.16389831035339,1,-1.1865489321178,0,1,1
269.693353543499,252.13394382879795,0.0304977669693707,42.7363286754029,0,0.7826806433901634,0,1,0
370.6286446721862,100.93529112868724,0.0284136341973993,-72.18762445443235,1,3.633866220160387,0,1,1
203.9293012748807,166.69934339730554,0.040052720016769,-2.8181843723652165,0,-6.977656584775975,0,1,0
342.7462158387954,138.81691456391474,0.0429554536372852,38.3704136630294,0,-0.5083784578911592,0,1,0
362.6298674410885,19.88365160229301,0.0403921590228654,28.376807954556043,0,4.923293740475208,0,1,0
277.22929558507167,85.40057185601677,0.0395480283235591,-48.05420742619516,1,-8.95611699863154,0,1,1
100.34350166871536,176.8857939163563,0.0375151064699646,35.64707972139688,0,12.14432046849009,1,1,1
82.57593421426645,17.767567454448894,0.0385204235423117,-11.721510797961804,1,3.5998937075195467,0,1,1
29.816350943183945,52.759583271082505,0.0304685024972778,-20.48878895131572,1,-1.908545731852572,0,1,1
219.8916265630612,190.07527561987723,0.0222716908220069,-0.4001372207747806,0,-5.162286074194421,0,1,0
117.77053260208528,102.12109396097593,0.0233294114930124,-17.001375435592383,1,1.921756547402106,0,1,1
109.97797936936904,7.79255323271623,0.0301206832840343,37.035025783747045,0,-10.784190668221598,0,0,0
92.62588262404594,17.352096745323095,0.0222931549424689,-6.885848779365254,0,17.723459779130938,1,1,1
106.315013701789,13.689131077743056,0.0244717608295683,-12.857431602722862,1,-7.085824313672845,0,1,1
173.76515498639242,67.45014128460342,0.0262644091742612,54.48074720576148,0,-4.83306891693088,0,1,0
105.2379688504582,68.52718613593422,0.0282743606907959,-12.156608745761446,1,-0.4565355818866168,0,1,1
181.35982631008483,76.12185745962663,0.0293519180684382,-23.48191253964333,1,7.321515106477952,1,1,1
158.32088651644506,23.03893979363977,0.0356498917558379,-0.2597275263215053,0,-1.506583499154292,0,1,0
220.16329787743155,61.84241136098649,0.0364625413603172,-26.24740506700671,1,-7.929726667584676,0,1,1
391.4583837356515,171.29508585821998,0.0396422443094621,36.44124418010889,0,4.441530794158567,0,1,0
303.80825080326974,87.65013293238178,0.0478700020844617,24.36066048792864,0,5.325244965714633,1,1,1
409.7253935665931,105.91714276332334,0.0453379124324693,-4.427678598045063,0,-7.570532628809007,0,1,0
296.3495486619668,113.37584490462626,0.0353895644983442,-65.0814786804536,1,4.232436775930479,0,1,1
289.89930477211385,6.45024388985297,0.0449918604631266,-2.533906928743317,0,-5.087946028687247,0,0,0
279.5230096694322,10.376295102681638,0.043735108228959,72.65182843058793,0,-3.663955255957658,0,1,0
200.49756103963043,79.02544862980176,0.0430611902785799,-60.907136054764095,1,6.331285226674326,1,1,1
512.7447301012238,312.2471690615933,0.0359122300489264,28.04065936221328,0,6.876630001079243,1,1,1
157.1357848427965,355.6089452584273,0.0334680468088372,-38.0563425142672,1,-10.364536754557443,0,1,1
195.8213477382928,38.68556289549625,0.0304668149086803,61.48702011914827,0,10.81305962774153,1,1,1
128.88152565578574,66.93982208250702,0.0305378331445962,-58.03464366765505,1,-1.7002215444177384,0,1,1
388.07888215083705,259.1973564950513,0.0361714636111866,42.07141092101696,0,-3.24243932123372,0,1,0
383.40581216039993,4.673069990437114,0.0339573136284914,-46.970333433596906,1,9.281706094088545,1,0,1
150.36550198180944,233.0403101785905,0.0258746777021303,8.00351170116069,0,-1.7608225848489845,0,1,0
224.9369638658615,74.57146188405204,0.029586754592956,28.437536095957405,0,-6.40476651483033,0,1,0
240.4611822077326,15.52421834187112,0.0271368497612644,-37.316465536340935,1,-0.1079268998892821,0,1,1
86.19308809616768,154.26809411156492,0.0283137098056262,11.994201222626806,0,-5.600171473291426,0,1,0
72.8131952605548,13.379892835612878,0.033107137122307,-4.755237641018567,0,12.848542327449357,1,1,1
298.9712920875225,226.1580968269677,0.0373762019595201,-7.647781793653284,0,-0.4853974493598869,0,1,0
193.38861170889408,105.58268037862842,0.0353073491150667,74.43373915423297,0,-3.0774324513823377,0,1,0
176.03545332431506,17.353158384579018,0.0366362816940792,-41.66643893629696,1,-12.28349715039447,0,1,1
111.70415768903771,64.33129563527734,0.0329821750048292,32.7015632858222,0,11.515277781290104,1,1,1
350.766586076556,239.06242838751828,0.0310180106517229,-40.057045226537554,1,-9.010640000452003,0,1,1
243.18665792178604,107.57992815476996,0.0316512803357865,-25.250463181520317,1,-1.2860831895766878,0,1,1
176.8378790967311,66.34877882505495,0.0285916301176065,52.24494413166372,0,11.40803791994373,1,1,1
420.9148286407248,244.0769495439937,0.027574072218949,-52.55196639220913,1,4.010424954098136,0,1,1
136.24583287480817,284.6689957659166,0.0275480632974457,41.122242445843234,0,-17.016544265055316,0,1,0
379.4013312337259,243.15549835891773,0.0266607087648368,-33.09361636635503,1,1.1014066274986378,0,1,1
307.02019440867866,72.38113682504724,0.0249135898309596,42.53639648252746,0,1.1051686409167871,0,1,0
57.40273326091081,249.61746114776787,0.0348398655379226,17.750954340856012,0,14.873531740092034,1,1,1
281.13876886744345,223.73603560653265,0.0482910821321169,5.04479225356944,0,-5.330255640116068,0,1,0
64.94047643131483,216.1982924361286,0.0482609091395978,-34.23899634663707,1,-0.3622066818385843,0,1,1
183.63534597753664,118.69486954622178,0.0380551205983203,0.3941896113251957,0,-3.4652231838330483,0,1,0
308.29589937009746,124.66055339256084,0.0257795410034407,-39.55397397328005,1,0.651379656016351,0,1,1
324.5935153779172,16.29761600781967,0.026132772905073,58.52776768422807,0,-4.9484505998314265,0,1,0
319.9411057099193,4.6524096679978015,0.0216508572273082,14.906581811986143,0,-2.712504343155252,0,0,0
309.359755579949,10.581350129970303,0.0203686508927639,-41.43794333665234,1,12.514547893536754,1,1,1
18.245394150933247,291.1143614290158,0.027095578544358,28.43663784723178,0,-6.191653391563712,0,1,0
147.4572019405717,129.21180778963847,0.0263019637039287,0.3011514673578546,0,-4.293681404408495,0,1,0
55.77622965098866,91.68097228958304,0.0210919766157093,-0.9404506779148109,0,7.535447793854459,1,1,1
195.9664140571889,140.19018440620025,0.0224634057676325,-2.1615912304175997,0,-8.466437005825622,0,1,0
42.12336067706873,153.84305338012018,0.0244964502514426,-43.4867383780156,1,5.586341860848224,1,1,1
118.99549239248825,76.87213171541951,0.023044627723942,42.90625067916084,0,-5.971124528495917,0,1,0
346.1910697686458,227.19557737615756,0.0209927518353849,-48.562359121635794,1,11.389025828968636,1,1,1
237.83952445698608,108.35154531165972,0.0210734145438274,45.44861242255219,0,-8.77738978471142,0,1,0
198.75574831245268,39.083776144533374,0.0209008046142719,-56.71713988823409,1,2.417941254647098,0,1,1
212.19091971244657,13.43517139999389,0.024555458191799,73.22290002770224,0,6.263645469691294,1,1,1
377.9169993029417,165.72607959049512,0.0256385895130938,-7.314898109945673,0,-1.905697475511884,0,1,0
362.03479117527314,15.882208127668548,0.0275919345445059,-11.554028085165385,1,-5.197862883185472,0,1,1
337.8014657316498,24.23332544362336,0.0288696087408865,-47.0796545327416,1,-6.573504338677052,0,1,1
299.050546299756,38.750919431893806,0.0228338123303918,58.44166179916495,0,17.011579861817392,1,1,1
188.72810179022332,110.32244450953264,0.0266860108981094,4.014821026779842,0,-18.273636342478984,0,1,0
382.00799103158647,193.27988924136312,0.0267425903275016,-14.974880869646412,1,14.533379325184953,1,1,1
225.959923014636,156.04806801695048,0.0274790570028093,23.031906446663072,0,4.216196987716041,0,1,0
96.84855153422755,129.11137148040842,0.0318321211559079,-70.64058125195874,1,-12.77465875923065,0,1,1
130.9064998684912,34.05794833426364,0.0279617467218684,49.26161707756695,0,-4.624573976418549,0,1,0
230.89792698650268,99.99142711801149,0.0231463167889704,-14.708283782076316,1,3.48205330904396,0,1,1
333.0863345533116,102.1884075668089,0.022394448934204,-30.33519246721228,1,1.277465331339851,0,1,1
328.62288637263526,4.463448180676323,0.0209501941895715,41.02463875728468,0,2.758039904025315,0,0,0
212.03433734865723,116.58854902397805,0.0181814404969401,11.28912894799474,0,1.4783761858754634,0,1,0
230.5968088377904,18.562471489133145,0.0179409516661747,-50.78239871884594,1,4.001823156025724,0,1,1
24.797792173668544,205.79901666412184,0.0194411299269456,50.2993975522392,0,3.511698902892249,0,1,0
240.50100963821956,215.703217464551,0.0201962716361487,-56.041607029957696,1,-8.722432248740617,0,1,1
412.3549428764513,171.85393323823175,0.0242620053263509,39.87435906967587,0,5.630697068004395,1,1,1
196.51554683711908,215.8393960393322,0.0241514869713665,16.56559987177829,0,-12.382590104884155,0,1,0
173.72605674115718,22.78949009596189,0.0225455466399086,-52.20106202359127,1,4.031685362911874,0,1,1
166.44128013878907,7.284776602368112,0.0344627022108285,34.04498084572369,0,-4.214079465428357,0,0,0
217.69056372867863,51.24928358988956,0.038232700702388,-11.731270462557006,1,11.473239232947453,1,1,1
276.6071381077372,58.9165743790586,0.0382029610728305,14.591773859763125,0,4.318083557928647,0,1,0
141.46258420365464,135.14455390408258,0.0376220198048693,-14.64429494157195,1,-0.3717446013935088,0,1,1
182.6096788287409,41.147094625086254,0.0324372408987609,-13.864786519028812,1,-11.252195702700089,0,1,1
164.59086003504447,18.018818793696425,0.0316345700341686,0.2319224083416102,0,-1.8445781795168177,0,1,0
249.78813663707885,85.19727660203438,0.0373689130861891,48.87114304034783,0,0.7966169771904745,0,1,0
249.2910944108802,0.4970422261986584,0.0395552444231844,-56.65966952620802,1,0.2656866423069459,0,0,1
359.7126256007657,110.42153118988551,0.0359215850675803,-2.6672053391835533,0,-4.1017772923019535,0,1,0
183.29961845380384,176.4130071469619,0.027452970209032,-2.0828086006292708,0,1.0219676522691954,0,1,0
136.48305779154234,46.81656066226148,0.025649506776554,-1.83395018865399,0,1.6227901630854742,0,1,0
19.683147347136572,116.79991044440575,0.0177348916788064,-4.773006178837537,0,-4.126292897228541,0,1,0
165.2170374080775,145.5338900609409,0.0207014589978895,11.67309174823766,0,0.7812198831362662,0,1,0
193.8449650192173,28.627927611139825,0.0208308098144062,2.585727915084938,0,13.026405597934982,1,1,1
61.62605208308649,132.21891293613083,0.0200730226878387,6.159730028633845,0,-1.584530487994016,0,1,0
57.86055717361182,3.765494909474676,0.0221863041473894,-11.654766409895554,1,6.521969908271757,1,0,1
297.16515954514983,239.304602371538,0.024321295240819,-2.390690097383139,0,-10.873302468029255,0,1,0
394.3832097794688,97.21805023431898,0.0254453084915226,35.78566974238927,0,0.8514910713024673,0,1,0
318.10278464502284,76.28042513444598,0.0298638641977006,14.17677736118,0,-7.53193112326937,0,1,0
475.3694136674785,157.26662902245567,0.0339737639727247,-7.079941227866726,0,1.6903103910077273,0,1,0
303.1552517589577,172.2141619085208,0.0336527507692854,-5.878464672429928,0,10.7871349416072,1,1,1
205.69338710247723,97.46186465648049,0.0552495576687067,-9.291407745296064,0,-9.131353098219618,0,1,0
169.06608411975847,36.62730298271876,0.066620429404107,15.473318076863698,0,10.764752483258002,1,1,1
375.1059549187455,206.03987079898704,0.0627288533360444,21.43092180977632,0,-1.3519456014598212,0,1,0
484.2060464569176,109.10009153817208,0.0576229548716913,-21.955867939784756,1,0.8316466081072065,0,1,1
242.05273304861177,242.15331340830585,0.0634623034561955,-45.32458715887831,1,-1.1335956345312184,0,1,1
78.745253225056,163.30747982355575,0.0600601591167326,40.76462450548116,0,0.3416024644652999,0,1,0
278.3215110433822,199.5762578183262,0.0609500212908096,-3.696354419327939,0,-3.217264536713824,0,1,0
131.50521331430411,146.8162977290781,0.0554315969232945,-5.77529684447552,0,2.6287505760690824,0,1,0
374.5254341119,243.02022079759587,0.0568836214014517,9.341764998997924,0,-3.041154164917278,0,1,0
398.557169062421,24.031734950521013,0.0514534730980903,8.305788224182393,0,-6.401815432830716,0,1,0
74.52496209223789,324.0322069701831,0.0441771463954851,-50.82860557661192,1,0.2303799061095146,0,1,1
86.32817868097105,11.803216588733164,0.0502041985276356,35.43526407157731,0,3.7539025085593343,0,1,0
303.8857131286848,217.55753444771372,0.0413240081155746,26.96217112885489,0,-7.827705444571233,0,1,0
126.1238999745636,177.76181315412123,0.0431700837009734,-22.91606640163498,1,17.50758853950002,1,1,1
334.5016388209958,208.37773884643224,0.0465125345029859,-37.03355308520267,1,-12.420612808253605,0,1,1
502.6379941926474,168.13635537165158,0.0468922124152631,56.576976126270296,0,-4.334562882982187,0,1,0
319.2653261900716,183.37266800257584,0.0525146139213215,13.30092530399611,0,7.45775091736486,1,1,1
93.97695222343695,225.2883739666346,0.0420668920058915,-7.15900795173755,0,7.823445966971363,1,1,1
344.06961538670686,250.0926631632699,0.0449604382986463,-39.142012674819455,1,-8.364903241559496,0,1,1
148.14632142046062,195.92329396624623,0.0516609622647158,13.780403129709256,0,-2.693393619544123,0,1,0
32.859253036214675,115.28706838424594,0.0472777514819984,4.519065414262428,0,5.644386380381459,1,1,1
192.43900949069965,159.57975645448496,0.0250785847568003,9.958914397195484,0,0.5895618431436134,0,1,0
400.1163396572458,207.67733016654617,0.0312816676457376,-3.97838356974664,0,3.696184279290545,0,1,0
209.58643058642187,190.52990907082395,0.0325305379029649,-37.35978601108575,1,0.8112773704795426,0,1,1
151.10699046812076,58.47944011830111,0.0351452087766873,51.51735385567615,0,-1.870916188360768,0,1,0
316.89455313561706,165.7875626674963,0.0319386586062339,0.491520277092647,0,-14.033382510989288,0,1,0
107.19594503869156,209.6986080969255,0.0314860989345188,-35.58646557195328,1,-0.0492037116300592,0,1,1
231.09610234294237,123.90015730425078,0.0287743221299428,-21.87494994953363,1,19.507430988717918,1,1,1
216.2240472884905,14.872055054451806,0.0344555217272126,38.21216376394917,0,-14.26489763444622,0,1,0
483.63061422813365,267.4065669396431,0.0337774443184908,-20.104545465731743,1,0.3629058284801507,0,1,1
308.65255848095376,174.9780557471799,0.0359639329248813,30.73045606219543,0,8.997814177136856,1,1,1
432.51579856809,123.8632400871362,0.0334113830998777,-34.0586818884297,1,-3.013107944197568,0,1,1
169.99863718205214,262.51716138603786,0.02920623382771,-4.212626342413593,0,-2.360425446997532,0,1,0
65.0995676193733,104.89906956267885,0.0331282479431914,48.37688765977322,0,-6.942494739794952,0,1,0
304.1767548752779,239.07718725590456,0.0385512506354017,-20.151186881473564,1,-0.6990406393616968,0,1,1
193.50295366301572,110.67380121226212,0.0479105689059437,-42.38631137669943,1,12.44271037244011,1,1,1
147.50294211407328,46.00001154894247,0.0425590461308913,48.26969631198784,0,-11.580374007449254,0,1,0
320.38264885233485,172.87970673826158,0.0386200929957167,5.06965633220338,0,6.224115409387044,1,1,1
259.0562166098339,61.32643224250097,0.0397734772578725,-41.402395037439874,1,6.006316363637442,1,1,1
186.92519918986653,72.13101741996735,0.0419293431220737,58.59621873557737,0,3.741457385369138,0,1,0
226.7420424972248,39.816843307358255,0.038604105757415,-47.58384808564847,1,-0.9922576351523986,0,1,1
202.0204709947628,24.72157150246201,0.033858491568189,45.417248254398544,0,-0.1910479775322784,0,1,0
49.581266774476376,152.4392042202864,0.035530082108265,-51.75655410541386,1,-10.110716894764396,0,1,1
205.4280581367956,155.8467913623192,0.0356411564183916,25.246324621014388,0,11.373459755329064,1,1,1
122.89140072476664,82.53665741202896,0.0333328753017285,-7.330089243675509,0,-4.870169647099081,0,1,0
295.9520414245111,173.06064069974445,0.0352164916911303,37.96709426405565,0,4.056507255736038,0,1,0
59.45181557383901,236.50022585067208,0.0330807816911361,-46.70423476772511,1,-15.951262360720015,0,1,1
251.0612946126713,191.6094790388323,0.0345565427661882,-18.32519566895099,1,-0.9873281615563376,0,1,1
152.73231925725187,98.32897535541944,0.0313023930391103,52.31345596971644,0,7.801764521509625,1,1,1
113.8916994484976,38.84061980875427,0.0334598496010241,-63.2931760989098,1,7.967374441991343,1,1,1
103.447061336068,10.444638112429615,0.0228851883946728,67.43294935825708,0,-8.389647496368905,0,1,0
215.24118789619732,111.79412656012936,0.0284225826478211,-61.94932283388416,1,9.522288036876056,1,1,1
113.374310228228,101.86687766796932,0.0302707607451717,36.913835564125954,0,-12.997474599613795,0,1,0
29.30346553407985,84.07084469414816,0.0299646835250253,11.31223038012962,0,-3.908585387557118,0,1,0
487.0827919560802,457.77932642200034,0.0335925223171185,-30.16735817017277,1,14.43884305052947,1,1,1
453.7143707456849,33.3684212103953,0.0349143068949578,40.673447945023945,0,-2.70235797686742,0,1,0
182.83780924048543,270.87656150519945,0.0340419441923394,-20.082917640929665,1,-3.7215566214607154,0,1,1
51.84057465754115,130.99723458294432,0.04263175459181,-15.883926321877986,1,8.103342656522974,1,1,1
153.2204799235938,101.37990526605267,0.0403344240020297,-5.583388819942783,0,-0.4216396846032317,0,1,0
36.36372224786052,116.85675767573328,0.0449077985461246,-17.068423501379968,1,-9.992829728461324,0,1,1
135.3074121933187,98.94368994545816,0.0434032543230907,42.26842596841693,0,10.268793599902075,1,1,1
189.66119504707044,54.35378285375174,0.0392788731431086,-22.105649170219245,1,-9.856309745298391,0,1,1
127.67346352549175,61.98773152157868,0.0352155509613826,-3.4785918235304294,0,5.534888114661856,1,1,1
100.90275212944142,26.77071139605033,0.0312049087838049,50.35099470774461,0,-8.588104338664198,0,1,0
228.17747693575964,127.27472480631822,0.0335071910195888,-54.17203146892798,1,1.4338916495634455,0,1,1
135.59795051496096,92.57952642079869,0.0254977002985298,48.30140173381362,0,3.6737186514542968,0,1,0
172.1303633495041,36.53241283454315,0.0224680404054804,7.866472912457965,0,-2.665641447185421,0,1,0
87.20640764848253,84.92395570102158,0.0257690572362877,-12.172485862057997,1,-3.709072016822412,0,1,1
218.84005957132652,131.63365192284402,0.0260775540162628,-64.25783084515258,1,7.063608172659928,1,1,1
126.6481306839917,92.19192888733484,0.0288316578279026,67.92855414213362,0,0.5806911770666172,0,1,0
120.95922289551172,5.688907788479966,0.0387152710616922,-52.41669222568255,1,-7.053029551656472,0,0,1
116.68812976365967,4.271093131852041,0.0356524318159701,11.188983090617178,0,0.3121474460335416,0,0,0
100.43855826528096,16.249571498378742,0.0312264000210669,51.06444536087995,0,-2.8993245802386918,0,1,0
44.09979585639001,56.338762408890936,0.0320132380445199,-46.92842667329679,1,0.0200709106500718,0,1,1
67.5090488203504,23.40925296396039,0.0359321064202817,19.98856249833685,0,6.56561170832663,1,1,1
312.62922657057123,245.1201777502208,0.0446999680301564,-27.529256283488444,1,-4.239577373876162,0,1,1
71.67126704290419,240.95795952766704,0.0447745932559397,4.696758522969269,0,15.448786134936608,1,1,1
248.71395559517268,177.0426885522685,0.0495812186087904,18.25573278303537,0,-14.393549452862056,0,1,0
396.4406826110493,147.7267270158766,0.0479604105996515,28.052833383624844,0,-2.669051701364296,0,1,0
131.22015215061774,265.2205304604315,0.0445627436266182,-53.26641447630615,1,6.7641658747653794,1,1,1
50.99310358834596,80.22704856227178,0.0447709648006996,-2.8071646203689937,0,-4.23407881251164,0,1,0
104.74642829216472,53.75332470381875,0.0362469398782925,-17.687315738348996,1,-2.6139320438581004,0,1,1
370.0007271245729,265.2542988324081,0.0271504349501446,14.06673943985562,0,13.819162618744194,1,1,1
162.8599029796719,207.14082414490096,0.0225889272608504,4.82430012461073,0,-3.912579454965053,0,1,0
199.32145726180423,36.46155428213234,0.0305371712483488,-15.96294383130062,1,-10.001753973163089,0,1,1
92.83738509102449,106.48407217077975,0.0307517269220806,40.05864173793746,0,8.220163000265433,1,1,1
294.8289586037623,201.99157351273783,0.0298272351282602,-34.94755345020024,1,-8.583720813056466,0,1,1
200.01585803050625,94.8131005732561,0.0293464973165526,30.744963073353453,0,6.30962592296828,1,1,1
212.55537053355525,12.539512503049025,0.0337742420256237,-25.767606393130777,1,0.179450429911494,0,1,1
70.94732818488899,141.60804234866626,0.0315062704997091,59.73953460285127,0,9.193925516421054,1,1,1
98.73611640436688,27.78878821947788,0.0321065500828069,-50.290235192975445,1,-1.7539600596723697,0,1,1
240.4606763280328,141.72455992366594,0.031039199481745,-17.133526950804313,1,3.2331750405558246,0,1,1
139.31083510901365,101.14984121901917,0.0385997122651634,59.458068046012414,0,-15.128524407694268,0,1,0
34.31653563453268,104.99429947448098,0.0436291547494939,-34.72943585608543,1,7.86493653744303,1,1,1
150.75422093055045,116.43768529601778,0.035581788937973,33.44676306387899,0,-10.27147777578102,0,1,0
183.8970287530374,33.14280782248696,0.0461295336636946,-40.61050658816024,1,16.10663069613782,1,1,1
215.2399191991703,31.342890446132884,0.0479116111788634,15.003855410957676,0,-9.178834264113192,0,1,0
23.42674414294169,191.8131750562286,0.0584953042678615,-4.374437890693123,0,-5.945472853912679,0,1,0
410.2051886146333,386.7784444716916,0.0387928049566464,9.003923879266317,0,5.10701175574883,1,1,1
229.67087625975324,180.5343123548801,0.0396740241372999,-12.500413222363392,1,-0.7548964296916747,0,1,1
323.7210522444307,94.05017598467748,0.0471103254153071,7.612077221986503,0,9.58177575684133,1,1,1
301.6501711018772,22.07088114255356,0.0456320020976749,14.60202935729803,0,-12.787795576757627,0,1,0
43.60902374327775,258.0411473585994,0.0465105529453034,-21.171579143822115,1,8.583278001035207,1,1,1
203.4331445495848,159.824120806307,0.04674743788431,21.577757450062563,0,4.762877299199408,0,1,0
247.59589398344772,44.16274943386298,0.0546939898717825,2.391773823823243,0,-1.087621747104535,0,1,0
59.47547295817483,188.1204210252729,0.072584525344206,2.7699877140556737,0,3.92734038648074,0,1,0
64.5202715472018,5.044798589026975,0.0599463088033014,-22.239194368268716,1,-18.705507369500587,0,0,1
176.46184463407653,111.94157308687473,0.0502981276163423,-37.37174044817236,1,7.06343569066846,1,1,1
482.52677429186,306.0649296577835,0.040083128975693,59.97767937808297,0,0.3156402843879968,0,1,0
417.18631362269343,65.34046066916659,0.0503099315479602,12.445923620704278,0,-6.72550276529698,0,1,0
321.3869958848138,95.79931773787962,0.0509043243892286,-20.517379397498143,1,15.679163906259642,1,1,1
326.6877699115061,5.300774026692295,0.0515559141033805,-10.24566810734592,1,-2.567518656103905,0,0,1
261.3718243440541,65.31594556745199,0.0381240455836935,2.80354413318787,0,-3.2161656584470943,0,1,0
121.79274466137196,139.57907968268216,0.038521509140028,6.4976346358453725,0,-2.461269072651868,0,1,0
72.84247972050385,48.95026494086813,0.0449070812811782,28.61703089789762,0,9.80793511807981,1,1,1
347.91338758083003,275.0709078603262,0.0463602829033445,-74.91749656857974,1,-12.619009404454292,0,1,1
87.66690300961568,260.24648457121435,0.0321534588189023,-3.269843247064262,0,1.401525361350524,0,1,0
394.2654183363484,306.59851532673275,0.0344166124260476,75.43880660808401,0,12.361799227541765,1,1,1
460.1168320652424,65.85141372889393,0.0349603148386112,-41.89546736126518,1,-17.76012857060319,0,1,1
122.1197231516942,337.9971089135482,0.0352733523891689,13.750324438438234,0,14.31974546681696,1,1,1
482.9144684927057,360.7947453410115,0.0309592712370781,11.286980119984264,0,-1.2510511716943906,0,1,0
276.6058270449335,206.30864144777215,0.0372787951109728,-0.9075771722097414,0,3.676573799345317,0,1,0
154.57893050965475,122.02689653527877,0.0364477708630008,-7.592162962559527,0,-16.226502023363906,0,1,0
113.10177103713042,41.477159472524335,0.0338123961290283,-14.024212409666418,1,17.597612796782293,1,1,1
169.39250429049966,56.29073325336924,0.0297500922265378,8.334937031777642,0,-18.83212064934162,0,1,0
267.6998122635633,98.30730797306362,0.0275416889397608,12.28542123239002,0,6.177310146874465,1,1,1
271.93979907835603,4.239986814792758,0.0280662542861429,9.693480009578522,0,-5.057538549493744,0,0,0
202.5620479599568,69.37775111839926,0.02961673937492,-57.88083755084424,1,-0.6730063922730833,0,1,1
232.009047478837,29.446999518880236,0.0291037678841342,12.052364605611976,0,18.27089757161836,1,1,1
191.36229356772256,40.646753911114445,0.0237235759508502,9.57089235890789,0,-4.901056440618223,0,1,0
46.01565532593217,145.3466382417904,0.0228801199517949,21.43228028506028,0,-4.279568108704954,0,1,0
273.9251197234693,227.90946439753716,0.0193397867392771,-21.586147838556244,1,-7.950015379375641,0,1,1
324.95137267781297,51.02625295434365,0.0231615092825514,-12.5429093789975,1,8.356686805347742,1,1,1
247.12591187595157,77.82546080186142,0.0179392700120568,-16.459365413777878,1,-4.119423980436079,0,1,1
245.41109620988783,1.7148156660637142,0.020470942127098,64.74919691560822,0,-0.9692988125260564,0,0,0
263.145165489832,17.73406927994415,0.025010638335876,-33.88593426418031,1,6.930325396159471,1,1,1
49.58557274198522,213.55959274784675,0.0337445155530514,-7.1763811204383,0,3.456433437751084,0,1,0
71.57067988458508,21.98510714259986,0.034674891214262,16.127777776906207,0,-6.95332803091973,0,1,0
165.79933778594497,94.2286579013599,0.0365777305886682,-32.63251475472387,1,1.0007947227491345,0,1,1
51.06231411896535,114.73702366697962,0.0411042477612156,21.955085712338747,0,3.162604360924874,0,1,0
63.69166249539476,12.629348376429412,0.0463277880336753,28.35419039219308,0,-10.535814581079634,0,1,0
153.2188850462768,89.52722255088204,0.0515861519396364,-1.253463108025727,0,14.079373191726122,1,1,1
317.9250043257568,164.70611927948,0.0532624211138628,2.86231313204334,0,0.1666390647195044,0,1,0
375.2725628498711,57.34755852411428,0.0675080974260241,-24.35834169580489,1,-5.917840830285133,0,1,1
160.6824889802991,214.590073869572,0.0668996127039035,-7.880269429174525,0,-7.069730596243806,0,1,0
228.9520013920982,68.2695124117991,0.0701287380619258,37.00214194543916,0,6.264069792407675,1,1,1
83.57878540322034,145.37321598887786,0.053807707722125,-52.65195685342006,1,-7.896485838889204,0,1,1
132.20985139180854,48.631065988588205,0.0421615558171533,44.14773938061042,0,13.147004314736847,1,1,1
163.27226202205,31.06241063024146,0.0365072654684701,13.024761068088964,0,-9.042712112857153,0,1,0
108.54196846703177,54.73029355501825,0.0414081216906052,-48.1436012161932,1,-0.0011847764567285,0,1,1
140.5976398080062,32.05567134097444,0.0424796774337075,-7.068548486179843,0,12.679083176073004,1,1,1
45.44809718787168,95.14954262013453,0.0426892568840657,25.17833459895045,0,-10.46380404127191,0,1,0
166.44268249192078,120.9945853040491,0.0336737901502695,-23.69071382306788,1,7.354333719629707,1,1,1
283.177258489086,116.73457599716522,0.0305552566863569,52.3502269030003,0,-3.04825226322642,0,1,0
188.8098506217144,94.36740786737164,0.0350829061620779,-50.10812937563057,1,-6.419739560178127,0,1,1
269.99000380719826,81.1801531854839,0.0397070370824912,5.563921636499835,0,-3.8476988840382624,0,1,0
50.01027459620183,219.9797292109964,0.0403474269274673,45.95628961019576,0,13.479030929672106,1,1,1
220.957074299159,170.94679970295715,0.0434572734373121,-54.62383372975383,1,-0.7047725248518191,0,1,1
216.5485040209038,4.408570278255183,0.0458249809230097,54.33299247178981,0,-11.8667905611233,0,0,0
310.9664213251591,94.4179173042553,0.0379207495834502,-53.99848531758596,1,1.599034557597843,0,1,1
324.0334310037881,13.067009678629006,0.0379981022305668,56.160216163774535,0,10.342428437646698,1,1,1
149.69135861328587,174.34207239050224,0.0372284257357482,-47.53310066782988,1,4.347872061963715,0,1,1
181.0747937136594,31.38343510037353,0.0430601823132857,-5.71258493023857,0,-2.7997923774675826,0,1,0
30.44204372857044,150.63274998508896,0.0387989494973427,18.47641436366539,0,-3.1897947120426373,0,1,0
118.59995289576092,88.15790916719047,0.035642121969672,-8.637301415279943,0,4.625487796779471,0,1,0
117.32035999664294,1.279592899117972,0.0386613973125402,-13.397905302779192,1,-12.603805442570128,0,0,1
79.93331937476657,37.387040621876366,0.0388871913834477,10.928328884088272,0,-5.5116693886743695,0,1,0
181.64828297537136,101.7149636006048,0.0427009237750247,29.99004361060064,0,6.226317472535969,1,1,1
449.5273095085935,267.87902653322215,0.0340507298022848,9.493703589500072,0,13.0193249114953,1,1,1
218.28382169668976,231.2434878119037,0.0273947074323418,-0.8911045237146595,0,-1.799279763035969,0,1,0
95.056545217471,123.2272764792188,0.0263877221501717,-5.115566651494476,0,-16.63228148492797,0,1,0
280.9353089705267,185.8787637530557,0.0340665665805455,-60.11056767322403,1,9.032043503636222,1,1,1
391.27981396620953,110.34450499568284,0.0482806367058365,33.69350357095066,0,-8.458971339428095,0,1,0
98.10497238351162,293.1748415826979,0.0431429924726776,-20.610541559259943,1,14.200431062104787,1,1,1
171.63618616955867,73.53121378604705,0.0406079827019045,-7.639708139807695,0,-8.328316868505361,0,1,0
232.81530671403883,61.179120544480185,0.038737961088068,52.99249778802695,0,10.7865903196605,1,1,1
110.70596287524668,122.1093438387922,0.0411639650563929,4.607825775317835,0,-17.14985203920109,0,1,0
66.54530265232434,44.16066022292233,0.0375676292876348,1.6909421119368917,0,13.590879707559209,1,1,1
166.72449028581408,100.17918763348976,0.0292311326634185,6.055531883068937,0,-6.6926140772525295,0,1,0
321.27567409146434,154.55118380565025,0.0293240692571936,-24.02100835375056,1,-2.622787084344924,0,1,1
310.28414351542466,10.99153057603968,0.0353096784968754,32.646528709119025,0,4.984454456156504,0,1,0
107.80448573629997,202.4796577791247,0.027210847915442,-41.15257275947013,1,-0.6392488037464776,0,1,1
244.7072481471781,136.90276241087813,0.0219777239285505,31.982108685512515,0,-2.7335160011589448,0,1,0
66.72294143354026,177.98430671363784,0.0258772368141318,-61.64465871822129,1,6.00091278421332,1,1,1
132.76510416003967,66.04216272649941,0.0262147412754727,2.878618855395736,0,0.249194217639614,0,1,0
54.12253987993238,78.64256428010728,0.0276233666222535,35.31407551829889,0,-11.683561279323785,0,1,0
313.09507841261177,258.9725385326794,0.0275892114200369,-37.2971738121941,1,10.365537755532614,1,1,1
195.55048485628797,117.54459355632385,0.0268654212189276,-3.906730699931338,0,2.3064011292453905,0,1,0
234.09678218467403,38.54629732838609,0.0248879370996735,9.661119522694907,0,-12.696933390744102,0,1,0
333.590071423051,99.49328923837696,0.0229108356023905,47.31777861046989,0,11.664843612447353,1,1,1
166.14669300818323,167.44337841486774,0.0220789908552461,11.193691240771102,0,2.896931969994436,0,1,0
107.16805179845691,58.97864120972632,0.021942515799788,-47.51925463250086,1,0.5593350354053541,0,1,1
127.63084828595164,20.462796487494717,0.025829827076304,51.30308144309542,0,-15.80593237497922,0,1,0
325.06167981013874,197.4308315241871,0.0188016776300144,-13.216429931947474,1,13.115402048895705,1,1,1
216.26925808523973,108.792421724899,0.0207131321318103,-46.6754199760259,1,1.991181952680268,0,1,1
222.46735279312392,6.198094707884195,0.0214159818432605,28.80058258859406,0,-8.003075450682143,0,0,0
169.687775548668,52.77957724445591,0.0226768111587918,31.654273249148744,0,2.920359316800892,0,1,0
197.28868584504917,27.60091029638113,0.0230873371483399,-10.6406081421851,1,-5.5545037597126905,0,1,1
209.61918454946783,12.330498704418687,0.0439447107917418,-38.83413840275073,1,0.90251291076215,0,1,1
354.9454821597608,145.3262976102929,0.0407521051662743,-4.562891810196653,0,3.827566549720026,0,1,0
237.9570835749388,116.98839858482192,0.0422501516992071,41.034497046948005,0,-7.009624482528541,0,1,0
160.10134172240987,77.85574185252895,0.0401271484747609,-21.607116121397453,1,4.387569769246594,0,1,1
206.1157343176792,46.0143925952693,0.0475089565564461,-30.85781451206053,1,-1.3816235094269018,0,1,1
209.11761517992144,3.001880862242274,0.0446527310695483,13.15120344423979,0,-1.263720697437318,0,0,0
106.92698462882184,102.19063055109962,0.0559355109021563,26.71843351919528,0,4.912782116947335,0,1,0
158.34562026723506,51.41863563841324,0.0548857048029712,-40.69232745875591,1,7.09577021592076,1,1,1
230.5571959627879,72.21157569555282,0.0396355135097186,43.64458586139576,0,-11.928302467456763,0,1,0
177.39321861054202,53.163977352245865,0.0369038163111643,0.8970043248671402,0,8.349360869048262,1,1,1
250.07541175509297,72.68219314455095,0.0333315318360212,-35.134592520500064,1,-8.110750363786273,0,1,1
329.3484035656326,79.27299181053965,0.0339265807184198,10.18273734963563,0,-2.2421833608963992,0,1,0
205.88014633320947,123.46825723242316,0.0371539778921008,42.993607419158565,0,16.024769028369388,1,1,1
334.49417990611374,128.61403357290428,0.0364154516401657,-14.90199014050424,1,-6.201723402841108,0,1,1
73.61511559826401,260.8790643078497,0.0356346503028249,3.0907894201007053,0,-10.572790150862405,0,1,0
256.89953978124066,183.28442418297664,0.0374873920989956,-21.723637263508493,1,10.560955398815606,1,1,1
146.64472036496568,110.25481941627498,0.0349311417733195,-24.250020713721696,1,-9.125939634867756,0,1,1
150.76013279763353,4.115412432667853,0.0332191621902136,30.24927854128019,0,14.228989364747475,1,0,1
235.1678383210838,84.40770552345026,0.0341253069339609,14.467870202652406,0,-12.806513344447207,0,1,0
145.81382691689276,89.35401140419103,0.0437226557464182,-61.45768207296194,1,11.186541319189516,1,1,1
77.63397959755069,68.17984731934207,0.0422648840027459,8.791439122202519,0,-12.15205297849698,0,1,0
216.11552880374083,138.48154920619015,0.0395135911323426,28.8414289994055,0,7.181901890615718,1,1,1
358.4488211451577,142.33329234141692,0.037764466303359,-2.967837465185042,0,7.080766989543907,1,1,1
301.05250226236365,57.396318882794105,0.0306812117831063,43.60695186813766,0,-12.326521097087586,0,1,0
99.0505745754216,202.00192768694205,0.0394897689864945,-71.21041161582104,1,-4.292105786047806,0,1,1
56.774019108692734,42.27655546672887,0.0365544570892332,18.522676956124723,0,9.423892728119132,1,1,1
85.276123162682,28.502104053989264,0.0399549585648562,39.31392519979209,0,-7.605227936075929,0,1,0
193.05287134312167,107.77674818043972,0.0332995374661414,-16.214626712785517,1,11.120282501521016,1,1,1
265.31591780228274,72.26304645916102,0.0306027348230981,-4.06505219225815,0,-2.7504708982224706,0,1,0
371.6977026902222,106.38178488793945,0.025539917367919,14.366927788055136,0,-4.888920885939712,0,1,0
142.33471222449586,229.3629904657263,0.0336642360207556,-56.09744224224727,1,7.1855620522412185,1,1,1
131.28517104982396,11.0495411746719,0.0283593205459355,72.60069502491903,0,-9.342504727488317,0,1,0
119.86336403300744,11.421807016816516,0.0283633158090317,-60.49821991923904,1,13.57017173341426,1,1,1
152.00670706866822,32.14334303566078,0.0281677161861427,-8.754113805926107,0,-11.402970583976517,0,1,0
112.54024196780172,39.466465100866486,0.0229532891707299,20.569284061580785,0,8.32160164402731,1,1,1
250.9580060309522,138.41776406315046,0.0245596223427488,29.07221240489969,0,-10.08897542430655,0,1,0
274.9090768536955,23.951070822743333,0.0332746676693233,-37.66983847802148,1,9.1261200389112,1,1,1
210.61182395638264,64.29725289731286,0.0292400885632375,-14.529761162274244,1,-13.665918598808204,0,1,1
111.26167993747131,99.35014401891134,0.0332657166434132,0.6041287496751941,0,5.279769046334096,1,1,1
148.2642351677799,37.00255523030857,0.0298603284006765,15.933133888017906,0,-4.052552053832765,0,1,0
374.5112837171072,226.24704854932727,0.0305475271689425,-9.704253163888968,0,7.166605140961813,1,1,1
258.3239897129188,116.1872940041884,0.031376758653914,18.97274039432884,0,-0.3222505746310915,0,1,0
155.31240562302943,103.01158408988934,0.0329068693426069,-15.94880211457383,1,-1.521996430857362,0,1,1
97.48161813712352,57.8307874859059,0.0350383642720767,13.699300290771076,0,12.443191919286049,1,1,1
185.21928396393395,87.73766582681041,0.0333580243269125,8.01382345003205,0,-14.74154441974561,0,1,0
241.0585587470346,55.83927478310065,0.0386308011011793,23.844166195291507,0,10.939211576903086,1,1,1
177.48456060923337,63.573998137801226,0.0444351641241865,-41.2111745102784,1,-6.8720796950353495,0,1,1
271.01888522166485,93.53432461243148,0.0411528953041254,19.813139763835267,0,-2.2527332476636186,0,1,0
148.67521228455843,122.34367293710642,0.0267500716764133,27.22331348729044,0,-2.626875503525888,0,1,0
256.17712086405265,107.50190857949424,0.0273496476373585,13.681759762894174,0,8.598743827374786,1,1,1
293.20001552301056,37.02289465895791,0.0257069275594651,-34.325681556070094,1,-5.99451532311694,0,1,1
99.81693663709676,193.3830788859138,0.0253519075664209,-9.998864225022912,0,9.584812615116885,1,1,1
221.29335944252105,121.47642280542428,0.0246442810130392,15.937020951597106,0,3.110921781198101,0,1,0
93.67362507764668,127.61973436487436,0.0246807555216301,-11.618997489922194,1,-14.82666567737674,0,1,1
145.2315926895723,51.557967611925605,0.0289841416504566,-25.72312144090049,1,-1.969223579752417,0,1,1
177.2381786985745,32.006586009002206,0.025028548300819,23.575243162450462,0,3.736948307415744,0,1,0
273.12428060343103,95.88610190485652,0.0298841664597052,41.57224990767222,0,3.031879317059583,0,1,0
324.78380194165146,51.65952133822043,0.032479026978601,-27.09373276762726,1,-3.322899022124697,0,1,1
130.9571628084174,193.82663913323407,0.0336996223321837,-28.55971099353919,1,13.38999980211096,1,1,1
26.749800313356427,104.20736249506096,0.0322070000821896,53.09709979682092,0,-3.8253033274825383,0,1,0
130.82183389029927,104.07203357694284,0.0303671433885956,-44.685148262320254,1,3.73878186723209,0,1,1
425.97373336185984,295.15189947156057,0.0277063992439276,0.1231778676579438,0,-11.85801551454307,0,1,0
220.42752296118329,205.54621040067656,0.0299529019375163,18.118249247976426,0,-1.371301926336666,0,1,0
345.9246108243303,125.49708786314702,0.0439630471856725,-3.8100620509401466,0,2.053753333798356,0,1,0
306.6447744554357,39.27983636889456,0.0593247620237762,-22.28297159408513,1,2.3094173127818767,0,1,1
